Anna	B-PER	O	O	O	
così	O	O	O	O	
racconta	O	O	O	O	
:	O	O	O	O	
Per	O	O	O	O	
lungo	O	O	O	O	
tempo	O	O	O	O	
,	O	O	O	O	
l	O	O	O	O	
'	O	O	O	O	
amore	O	O	O	O	
che	O	O	O	O	
mi	O	O	O	O	
portava	O	O	O	O	
Giustino	B-PER	O	O	O	
Morelli	I-PER	O	O	O	
fu	O	O	O	O	
la	O	O	O	O	
mia	O	O	O	O	
segreta	O	O	O	O	
consolazione	O	O	O	O	
e	O	O	O	O	
il	O	O	O	O	
mio	O	O	O	O	
segreto	O	O	O	O	
orgoglio	O	O	O	O	
.	O	O	O	O	

Io	O	O	O	O	
era	O	O	O	O	
una	B-PER	O	O	O	
donna	I-PER	O	O	O	
assolutamente	I-PER	O	O	O	
infelice	I-PER	O	O	O	
,	O	O	O	O	
con	O	O	O	O	
mio	B-PER	O	O	O	
marito	I-PER	O	O	O	
:	O	O	O	O	
una	O	O	O	O	
di	O	O	O	O	
quelle	O	O	O	O	
infelicità	O	O	O	O	
coniugali	O	O	O	O	
intime	O	O	O	O	
e	O	O	O	O	
inesauribili	O	O	O	O	
che	O	O	O	O	
assumono	O	O	O	O	
le	O	O	O	O	
più	O	O	O	O	
tormentose	O	O	O	O	
e	O	O	O	O	
quotidiane	O	O	O	O	
forme	O	O	O	O	
,	O	O	O	O	
che	O	O	O	O	
mettono	O	O	O	O	
al	O	O	O	O	
cimento	O	O	O	O	
la	O	O	O	O	
maggior	O	O	O	O	
pazienza	O	O	O	O	
femminile	O	O	O	O	
e	O	O	O	O	
che	O	O	O	O	
sconvolgono	O	O	O	O	
nell	O	O	O	O	
'	O	O	O	O	
anima	O	O	O	O	
più	O	O	O	O	
ferma	O	O	O	O	
ogni	O	O	O	O	
idea	O	O	O	O	
di	O	O	O	O	
giustizia	O	O	O	O	
.	O	O	O	O	

Mio	B-PER	O	O	O	
marito	I-PER	O	O	O	
non	O	O	O	O	
mi	O	O	O	O	
era	O	O	O	O	
soltanto	O	O	O	O	
infedele	O	O	O	O	
,	O	O	O	O	
era	O	O	O	O	
volgarmente	O	O	O	O	
infedele	O	O	O	O	
;	O	O	O	O	
la	O	O	O	O	
scortesia	O	O	O	O	
verso	O	O	O	O	
me	O	O	O	O	
,	O	O	O	O	
talvolta	O	O	O	O	
,	O	O	O	O	
non	O	O	O	O	
gli	O	O	O	O	
bastava	O	O	O	O	
,	O	O	O	O	
egli	O	O	O	O	
aveva	O	O	O	O	
bisogno	O	O	O	O	
di	O	O	O	O	
esser	O	O	O	O	
villano	B-PER	O	O	O	
;	O	O	O	O	
il	O	O	O	O	
suo	O	O	O	O	
disprezzo	O	O	O	O	
di	O	O	O	O	
ogni	O	O	O	O	
delicatezza	O	O	O	O	
giungeva	O	O	O	O	
alla	O	O	O	O	
brutalità	O	O	O	O	
:	O	O	O	O	
e	O	O	O	O	
tutto	O	O	O	O	
questo	O	O	O	O	
con	O	O	O	O	
tale	O	O	O	O	
una	O	O	O	O	
sicurezza	O	O	O	O	
oltraggiosa	O	O	O	O	
,	O	O	O	O	
con	O	O	O	O	
tale	O	O	O	O	
una	O	O	O	O	
severità	O	O	O	O	
tirannica	O	O	O	O	
,	O	O	O	O	
con	O	O	O	O	
tale	O	O	O	O	
preconcetto	O	O	O	O	
di	O	O	O	O	
avvilirmi	O	O	O	O	
,	O	O	O	O	
che	O	O	O	O	
io	O	O	O	O	
mi	O	O	O	O	
domandava	O	O	O	O	
spesso	O	O	O	O	
se	O	O	O	O	
,	O	O	O	O	
proprio	O	O	O	O	
,	O	O	O	O	
io	O	O	O	O	
fossi	O	O	O	O	
la	O	B-PER	O	O	
persona	O	I-PER	O	O	
al	O	I-PER	O	O	
mondo	B-LOC	I-PER	O	O	
che	O	O	O	O	
egli	O	O	O	O	
più	O	O	O	O	
odiava	O	O	O	O	
.	O	O	O	O	

Io	O	O	O	O	
ho	O	O	O	O	
sofferto	O	O	O	O	
immensamente	O	O	O	O	
,	O	O	O	O	
allora	O	O	O	O	
,	O	O	O	O	
poichè	O	O	O	O	
anche	O	O	O	O	
,	O	O	O	O	
mi	O	O	O	O	
vergognava	O	O	O	O	
di	O	O	O	O	
soffrire	O	O	O	O	
:	O	O	O	O	
poichè	O	O	O	O	
,	O	O	O	O	
io	O	O	O	O	
non	O	O	O	O	
voleva	O	O	O	O	
che	O	O	O	O	
la	B-PER	O	O	O	
gente	I-PER	O	O	O	
conoscesse	O	O	O	O	
il	O	O	O	O	
mio	O	O	O	O	
stato	O	O	O	O	
;	O	O	O	O	
poichè	O	O	O	O	
io	O	O	O	O	
celava	O	O	O	O	
con	O	O	O	O	
cura	O	O	O	O	
gelosa	O	O	O	O	
tutti	O	O	O	O	
i	O	O	O	O	
miei	O	O	O	O	
dolori	O	O	O	O	
,	O	O	O	O	
non	O	O	O	O	
volendo	O	O	O	O	
perdere	O	O	O	O	
,	O	O	O	O	
oltre	O	O	O	O	
la	O	O	O	O	
felicità	O	O	O	O	
,	O	O	O	O	
anche	O	O	O	O	
il	O	O	O	O	
mio	O	O	O	O	
decoro	O	O	O	O	
di	O	O	O	O	
donna	B-PER	O	O	O	
.	O	O	O	O	

Il	O	O	O	O	
solo	O	O	O	O	
che	O	O	O	O	
mi	O	O	O	O	
ha	O	O	O	O	
aiutato	O	O	O	O	
in	O	O	O	O	
quel	O	O	O	O	
tempo	O	O	O	O	
a	O	O	O	O	
soffrire	O	O	O	O	
,	O	O	O	O	
è	O	O	O	O	
stato	O	O	O	O	
Giustino	B-PER	O	O	O	
Morelli	I-PER	O	O	O	
.	O	O	O	O	

Egli	O	O	O	O	
sapeva	O	O	O	O	
tutto	O	O	O	O	
.	O	O	O	O	

Io	O	O	O	O	
non	O	O	O	O	
gli	O	O	O	O	
diceva	O	O	O	O	
nulla	O	O	O	O	
,	O	O	O	O	
per	O	O	O	O	
fierezza	O	O	O	O	
,	O	O	O	O	
ma	O	O	O	O	
egli	O	O	O	O	
solo	B-PER	O	O	O	
,	O	O	O	O	
oltre	O	O	O	O	
me	O	O	O	O	
,	O	O	O	O	
possedeva	O	O	O	O	
la	O	O	O	O	
misura	O	O	O	O	
esatta	O	O	O	O	
di	O	O	O	O	
tutte	O	O	O	O	
le	O	O	O	O	
mie	O	O	O	O	
torture	O	O	O	O	
.	O	O	O	O	

Egli	O	O	O	O	
sapeva	O	O	O	O	
tutto	O	O	O	O	
,	O	O	O	O	
da	O	O	O	O	
prima	O	O	O	O	
.	O	O	O	O	

Quando	O	O	O	O	
io	O	O	O	O	
volli	O	O	O	O	
sposare	O	O	O	O	
mio	B-PER	O	O	O	
marito	I-PER	O	O	O	
,	O	O	O	O	
tutti	B-PER	O	O	O	
approvarono	O	O	O	O	
la	O	O	O	O	
mia	O	O	O	O	
scelta	O	O	O	O	
;	O	O	O	O	
solo	O	O	O	O	
Giustino	B-PER	O	O	O	
Morelli	I-PER	O	O	O	
impallidì	O	O	O	O	
all	O	O	O	O	
'	O	O	O	O	
annunzio	O	O	O	O	
,	O	O	O	O	
si	O	O	O	O	
turbava	O	O	O	O	
ogni	O	O	O	O	
volta	O	O	O	O	
che	O	O	O	O	
gli	O	O	O	O	
si	O	O	O	O	
parlava	O	O	O	O	
di	O	O	O	O	
questo	O	O	O	O	
matrimonio	O	O	O	O	
,	O	O	O	O	
tentò	O	O	O	O	
qualche	O	O	O	O	
vaga	O	O	O	O	
rimostranza	O	O	O	O	
,	O	O	O	O	
non	O	O	O	O	
osò	O	O	O	O	
insistere	O	O	O	O	
innanzi	O	O	O	O	
alla	O	O	O	O	
mia	O	O	O	O	
cieca	O	O	O	O	
ostinazione	O	O	O	O	
,	O	O	O	O	
partì	O	O	O	O	
,	O	O	O	O	
sparve	O	O	O	O	
,	O	O	O	O	
non	O	O	O	O	
ritornò	O	O	O	O	
che	O	O	O	O	
dopo	O	O	O	O	
un	O	O	O	O	
anno	O	O	O	O	
dai	O	O	O	O	
miei	O	O	O	O	
sponsali	O	O	O	O	
.	O	O	O	O	

Più	O	O	O	O	
tardi	O	O	O	O	
,	O	O	O	O	
amaramente	O	O	O	O	
,	O	O	O	O	
io	O	O	O	O	
gli	O	O	O	O	
rimproverai	O	O	O	O	
le	O	O	O	O	
sue	O	O	O	O	
troppo	O	O	O	O	
tenui	O	O	O	O	
difficoltà	O	O	O	O	
,	O	O	O	O	
la	O	O	O	O	
sua	O	O	O	O	
fuga	O	O	O	O	
:	O	O	O	O	
gli	O	O	O	O	
rinfacciai	O	O	O	O	
di	O	O	O	O	
avermi	O	O	O	O	
gittato	O	O	O	O	
nelle	O	O	O	O	
braccia	O	O	O	O	
di	O	O	O	O	
un	B-PER	O	O	O	
uomo	I-PER	O	O	O	
violento	I-PER	O	O	O	
e	I-PER	O	O	O	
perverso	I-PER	O	O	O	
insieme	I-PER	O	O	O	
.	O	O	O	O	

Ricordo	O	O	O	O	
ancora	O	O	O	O	
il	O	O	O	O	
dolore	O	O	O	O	
che	O	O	O	O	
si	O	O	O	O	
manifestò	O	O	O	O	
sulla	O	O	O	O	
sua	O	O	O	O	
fisonomia	O	O	O	O	
a	O	O	O	O	
questo	O	O	O	O	
rimprovero	O	O	O	O	
:	O	O	O	O	
era	O	O	O	O	
confusione	O	O	O	O	
,	O	O	O	O	
rimpianto	O	O	O	O	
,	O	O	O	O	
rimorso	O	O	O	O	
,	O	O	O	O	
umiliazione	O	O	O	O	
.	O	O	O	O	

Mi	O	O	O	O	
pentii	O	O	O	O	
del	O	O	O	O	
rimproccio	O	O	O	O	
,	O	O	O	O	
sentendo	O	O	O	O	
per	O	O	O	O	
la	O	O	O	O	
prima	O	O	O	O	
volta	O	O	O	O	
che	O	O	O	O	
il	O	O	O	O	
cuore	O	O	O	O	
di	O	O	O	O	
Giustino	B-PER	O	O	O	
Morelli	I-PER	O	O	O	
era	O	O	O	O	
troppo	O	O	O	O	
debole	O	O	O	O	
innanzi	O	O	O	O	
a	O	O	O	O	
me	O	O	O	O	
e	O	O	O	O	
sentendo	O	O	O	O	
che	O	O	O	O	
io	O	O	O	O	
doveva	O	O	O	O	
risparmiarlo	O	O	O	O	
.	O	O	O	O	

Ma	O	O	O	O	
perchè	O	O	O	O	
non	O	O	O	O	
salvarmi	O	O	O	O	
quando	O	O	O	O	
lo	O	O	O	O	
poteva	O	O	O	O	
?	O	O	O	O	

Egli	O	O	O	O	
mi	O	O	O	O	
amava	O	O	O	O	
,	O	O	O	O	
non	O	O	O	O	
avrebbe	O	O	O	O	
dovuto	O	O	O	O	
lasciarmi	O	O	O	O	
cadere	O	O	O	O	
in	O	O	O	O	
un	O	O	O	O	
precipizio	O	O	O	O	
di	O	O	O	O	
dolore	O	O	O	O	
.	O	O	O	O	

Dopo	O	O	O	O	
,	O	O	O	O	
non	O	O	O	O	
gli	O	O	O	O	
restava	O	O	O	O	
che	O	O	O	O	
versare	O	O	O	O	
il	O	O	O	O	
balsamo	O	O	O	O	
del	O	O	O	O	
suo	O	O	O	O	
amore	O	O	O	O	
sulle	O	O	O	O	
mie	O	O	O	O	
insanabili	O	O	O	O	
ferite	O	O	O	O	
,	O	O	O	O	
perchè	O	O	O	O	
io	O	O	O	O	
ne	O	O	O	O	
sentissi	O	O	O	O	
meno	O	O	O	O	
l	O	O	O	O	
'	O	O	O	O	
asprezza	O	O	O	O	
.	O	O	O	O	

Così	O	O	O	O	
,	O	O	O	O	
il	O	O	O	O	
suo	O	O	O	O	
amore	O	O	O	O	
fu	O	O	O	O	
un	O	O	O	O	
balsamo	O	O	O	O	
nascosto	O	O	O	O	
,	O	O	O	O	
soavissimo	O	O	O	O	
,	O	O	O	O	
purissimo	O	O	O	O	
.	O	O	O	O	

Io	O	O	O	O	
lo	O	O	O	O	
vedeva	O	O	O	O	
raramente	O	O	O	O	
,	O	O	O	O	
Giustino	B-PER	O	O	O	
Morelli	I-PER	O	O	O	
:	O	O	O	O	
giacchè	O	O	O	O	
mio	B-PER	O	O	O	
marito	I-PER	O	O	O	
lo	O	O	O	O	
teneva	O	O	O	O	
in	O	O	O	O	
sospetto	O	O	O	O	
,	O	O	O	O	
mentre	O	O	O	O	
lo	O	O	O	O	
irrideva	O	O	O	O	
,	O	O	O	O	
e	O	O	O	O	
giacchè	O	O	O	O	
egli	O	O	O	O	
aveva	O	O	O	O	
ribrezzo	O	O	O	O	
di	O	O	O	O	
stare	O	O	O	O	
con	O	O	O	O	
mio	B-PER	O	O	O	
marito	I-PER	O	O	O	
.	O	O	O	O	

A	O	O	O	O	
me	O	O	O	O	
stessa	O	O	O	O	
,	O	O	O	O	
in	O	O	O	O	
nome	O	O	O	O	
del	O	O	O	O	
santo	O	O	O	O	
e	O	O	O	O	
tenero	O	O	O	O	
amore	O	O	O	O	
di	O	O	O	O	
Giustino	B-PER	O	O	O	
,	O	O	O	O	
mi	O	O	O	O	
ripugnava	O	O	O	O	
di	O	O	O	O	
vedere	O	O	O	O	
i	B-PER	O	O	O	
due	I-PER	O	O	O	
uomini	I-PER	O	O	O	
insieme	I-PER	O	O	O	
.	O	O	O	O	

Ma	O	O	O	O	
da	O	O	O	O	
lontano	O	O	O	O	
,	O	O	O	O	
divisi	O	O	O	O	
per	O	O	O	O	
giorni	O	O	O	O	
,	O	O	O	O	
per	O	O	O	O	
settimane	O	O	O	O	
,	O	O	O	O	
spesso	O	O	O	O	
per	O	O	O	O	
mesi	O	O	O	O	
,	O	O	O	O	
io	O	O	O	O	
sapeva	O	O	O	O	
bene	O	O	O	O	
che	O	O	O	O	
il	O	O	O	O	
vigile	O	O	O	O	
cuore	O	O	O	O	
di	O	O	O	O	
Giustino	B-PER	O	O	O	
Morelli	I-PER	O	O	O	
era	O	O	O	O	
mio	O	O	O	O	
,	O	O	O	O	
tutto	O	O	O	O	
mio	O	O	O	O	
,	O	O	O	O	
così	O	O	O	O	
completamente	O	O	O	O	
mio	O	O	O	O	
,	O	O	O	O	
che	O	O	O	O	
niuna	B-PER	O	O	O	
donna	I-PER	O	O	O	
,	O	O	O	O	
niuna	O	O	O	O	
assenza	O	O	O	O	
,	O	O	O	O	
nessun	O	O	O	O	
tempo	O	O	O	O	
,	O	O	O	O	
avrebbe	O	O	O	O	
potuto	O	O	O	O	
togliermi	O	O	O	O	
mai	O	O	O	O	
nulla	O	O	O	O	
del	O	O	O	O	
mio	O	O	O	O	
possesso	O	O	O	O	
.	O	O	O	O	

Nelle	O	O	O	O	
ore	O	O	O	O	
più	O	O	O	O	
misere	O	O	O	O	
e	O	O	O	O	
più	O	O	O	O	
affrante	O	O	O	O	
della	O	O	O	O	
mia	O	O	O	O	
esistenza	O	O	O	O	
coniugale	O	O	O	O	
,	O	O	O	O	
quando	O	O	O	O	
pareva	O	O	O	O	
per	O	O	O	O	
me	O	O	O	O	
crollato	O	O	O	O	
ogni	O	O	O	O	
senso	O	O	O	O	
di	O	O	O	O	
tenerezza	O	O	O	O	
,	O	O	O	O	
di	O	O	O	O	
bontà	O	O	O	O	
,	O	O	O	O	
di	O	O	O	O	
compatimento	O	O	O	O	
,	O	O	O	O	
a	O	O	O	O	
traverso	O	O	O	O	
le	O	O	O	O	
crisi	O	O	O	O	
terribili	O	O	O	O	
e	O	O	O	O	
negli	O	O	O	O	
accasciamenti	O	O	O	O	
profondi	O	O	O	O	
,	O	O	O	O	
il	O	O	O	O	
pensiero	O	O	O	O	
che	O	O	O	O	
Giustino	B-PER	O	O	O	
Morelli	I-PER	O	O	O	
mi	O	O	O	O	
amava	O	O	O	O	
,	O	O	O	O	
di	O	O	O	O	
un	O	O	O	O	
amor	O	O	O	O	
silenzioso	O	O	O	O	
,	O	O	O	O	
tenace	O	O	O	O	
,	O	O	O	O	
costante	O	O	O	O	
e	O	O	O	O	
certissimo	O	O	O	O	
,	O	O	O	O	
veniva	O	O	O	O	
a	O	O	O	O	
confortare	O	O	O	O	
le	O	O	O	O	
mie	O	O	O	O	
forze	O	O	O	O	
esauste	O	O	O	O	
.	O	O	O	O	

Talvolta	O	O	O	O	
,	O	O	O	O	
lo	O	O	O	O	
incontrava	O	O	O	O	
,	O	O	O	O	
dopo	O	O	O	O	
uno	O	O	O	O	
di	O	O	O	O	
questi	O	O	O	O	
tremendi	O	O	O	O	
periodi	O	O	O	O	
:	O	O	O	O	
ed	O	O	O	O	
egli	O	O	O	O	
mi	O	O	O	O	
appariva	O	O	O	O	
quale	O	O	O	O	
io	O	O	O	O	
lo	O	O	O	O	
aveva	O	O	O	O	
sognato	O	O	O	O	
,	O	O	O	O	
buono	O	O	O	O	
,	O	O	O	O	
affettuoso	O	O	O	O	
,	O	O	O	O	
di	O	O	O	O	
una	O	O	O	O	
dolcezza	O	O	O	O	
così	O	O	O	O	
grande	O	O	O	O	
,	O	O	O	O	
che	O	O	O	O	
io	O	O	O	O	
mi	O	O	O	O	
sentiva	O	O	O	O	
struggere	O	O	O	O	
di	O	O	O	O	
riconoscenza	O	O	O	O	
,	O	O	O	O	
innanzi	O	O	O	O	
a	O	O	O	O	
lui	O	O	O	O	
.	O	O	O	O	

Soli	O	O	O	O	
,	O	O	O	O	
c	O	O	O	O	
'	O	O	O	O	
incontravamo	O	O	O	O	
:	O	O	O	O	
egli	O	O	O	O	
mi	O	O	O	O	
guardava	O	O	O	O	
con	O	O	O	O	
una	O	O	O	O	
pietà	O	O	O	O	
carezzevole	O	O	O	O	
,	O	O	O	O	
prendeva	O	O	O	O	
la	O	O	O	O	
mia	O	O	O	O	
mano	O	O	O	O	
senza	O	O	O	O	
stringerla	O	O	O	O	
,	O	O	O	O	
ne	O	O	O	O	
baciava	O	O	O	O	
leggermente	O	O	O	O	
le	O	O	O	O	
dita	O	O	O	O	
,	O	O	O	O	
mi	O	O	O	O	
chiamava	O	O	O	O	
per	O	O	O	O	
nome	O	O	O	O	
,	O	O	O	O	
niente	O	O	O	O	
altro	O	O	O	O	
,	O	O	O	O	
ma	O	O	O	O	
con	O	O	O	O	
una	O	O	O	O	
voce	O	O	O	O	
così	O	O	O	O	
amorosa	O	O	O	O	
e	O	O	O	O	
soave	O	O	O	O	
,	O	O	O	O	
che	O	O	O	O	
lo	O	O	O	O	
sguardo	O	O	O	O	
,	O	O	O	O	
la	O	O	O	O	
voce	O	O	O	O	
,	O	O	O	O	
la	O	O	O	O	
parola	O	O	O	O	
,	O	O	O	O	
la	O	O	O	O	
carezza	O	O	O	O	
,	O	O	O	O	
mi	O	O	O	O	
avvolgevano	O	O	O	O	
in	O	O	O	O	
un	O	O	O	O	
'	O	O	O	O	
atmosfera	O	O	O	O	
d	O	O	O	O	
'	O	O	O	O	
amore	O	O	O	O	
.	O	O	O	O	

Quando	O	O	O	O	
c	O	O	O	O	
'	O	O	O	O	
incontravamo	O	O	O	O	
,	O	O	O	O	
poco	O	O	O	O	
mi	O	O	O	O	
parlava	O	O	O	O	
:	O	O	O	O	
si	O	O	O	O	
contentava	O	O	O	O	
di	O	O	O	O	
guardarmi	O	O	O	O	
,	O	O	O	O	
con	O	O	O	O	
infinita	O	O	O	O	
tenerezza	O	O	O	O	
:	O	O	O	O	
mi	O	O	O	O	
ascoltava	O	O	O	O	
parlare	O	O	O	O	
,	O	O	O	O	
come	O	O	O	O	
se	O	O	O	O	
udisse	O	O	O	O	
una	O	O	O	O	
mistica	O	O	O	O	
e	O	O	O	O	
misteriosa	O	O	O	O	
musica	O	O	O	O	
,	O	O	O	O	
percepita	O	O	O	O	
solo	O	O	O	O	
dalla	O	O	O	O	
sua	O	O	O	O	
anima	O	O	O	O	
:	O	O	O	O	
e	O	O	O	O	
io	O	O	O	O	
,	O	O	O	O	
sentendo	O	O	O	O	
la	O	O	O	O	
rarità	O	O	O	O	
dell	O	O	O	O	
'	O	O	O	O	
attimo	O	O	O	O	
amoroso	O	O	O	O	
,	O	O	O	O	
non	O	O	O	O	
gli	O	O	O	O	
dicevo	O	O	O	O	
nulla	O	O	O	O	
delle	O	O	O	O	
mie	O	O	O	O	
sofferenze	O	O	O	O	
,	O	O	O	O	
volevo	O	O	O	O	
godere	O	O	O	O	
in	O	O	O	O	
tutta	O	O	O	O	
la	O	O	O	O	
sua	O	O	O	O	
essenza	O	O	O	O	
purissima	O	O	O	O	
quel	O	O	O	O	
momento	O	O	O	O	
di	O	O	O	O	
suprema	O	O	O	O	
consolazione	O	O	O	O	
.	O	O	O	O	

Io	O	O	O	O	
intendeva	O	O	O	O	
che	O	O	O	O	
egli	O	O	O	O	
leggeva	O	O	O	O	
nel	O	O	O	O	
mio	O	O	O	O	
spirito	O	O	O	O	
,	O	O	O	O	
senza	O	O	O	O	
che	O	O	O	O	
io	O	O	O	O	
gli	O	O	O	O	
parlassi	O	O	O	O	
:	O	O	O	O	
e	O	O	O	O	
che	O	O	O	O	
tutti	O	O	O	O	
i	O	O	O	O	
più	O	O	O	O	
segreti	O	O	O	O	
pensieri	O	O	O	O	
gli	O	O	O	O	
fossero	O	O	O	O	
noti	O	O	O	O	
,	O	O	O	O	
per	O	O	O	O	
questa	O	O	O	O	
intuizione	O	O	O	O	
nobile	O	O	O	O	
e	O	O	O	O	
sapiente	O	O	O	O	
dell	O	O	O	O	
'	O	O	O	O	
amore	O	O	O	O	
.	O	O	O	O	

Se	O	O	O	O	
io	O	O	O	O	
era	O	O	O	O	
triste	O	O	O	O	
tentavo	O	O	O	O	
nasconderlo	O	O	O	O	
:	O	O	O	O	
mi	O	O	O	O	
pareva	O	O	O	O	
di	O	O	O	O	
averla	O	O	O	O	
nascosta	O	O	O	O	
bene	O	O	O	O	
la	O	O	O	O	
mia	O	O	O	O	
tristezza	O	O	O	O	
:	O	O	O	O	
ma	O	O	O	O	
subito	O	O	O	O	
io	O	O	O	O	
la	O	O	O	O	
vedeva	O	O	O	O	
in	O	O	O	O	
lui	O	O	O	O	
,	O	O	O	O	
riflessa	O	O	O	O	
magicamente	O	O	O	O	
.	O	O	O	O	

Oh	O	O	O	O	
,	O	O	O	O	
egli	O	O	O	O	
sapeva	O	O	O	O	
tutto	O	O	O	O	
,	O	O	O	O	
di	O	O	O	O	
lontano	O	O	O	O	
,	O	O	O	O	
senza	O	O	O	O	
che	O	O	O	O	
io	O	O	O	O	
gli	O	O	O	O	
narrassi	O	O	O	O	
le	O	O	O	O	
mie	O	O	O	O	
sventure	O	O	O	O	
,	O	O	O	O	
senza	O	O	O	O	
che	O	O	O	O	
io	O	O	O	O	
gli	O	O	O	O	
scrivessi	O	O	O	O	
di	O	O	O	O	
ciò	O	O	O	O	
una	O	O	O	O	
sola	O	O	O	O	
parola	O	O	O	O	
!	O	O	O	O	

Quando	O	O	O	O	
mi	O	O	O	O	
rivedeva	O	O	O	O	
,	O	O	O	O	
dopo	O	O	O	O	
una	O	O	O	O	
lunga	O	O	O	O	
assenza	O	O	O	O	
,	O	O	O	O	
egli	O	O	O	O	
prendeva	O	O	O	O	
la	O	O	O	O	
mia	O	O	O	O	
mano	O	O	O	O	
e	O	O	O	O	
diceva	O	O	O	O	
,	O	O	O	O	
in	O	O	O	O	
un	O	O	O	O	
impeto	O	O	O	O	
di	O	O	O	O	
compassione	O	O	O	O	
per	O	O	O	O	
tutti	O	O	O	O	
i	O	O	O	O	
miei	O	O	O	O	
mali	O	O	O	O	
che	O	O	O	O	
indovinava	O	O	O	O	
,	O	O	O	O	
che	O	O	O	O	
aveva	O	O	O	O	
indovinato	O	O	O	O	
:	O	O	O	O	
--	O	O	O	O	
Poveretta	B-PER	O	O	O	
,	I-PER	O	O	O	
poveretta	I-PER	O	O	O	
!	O	O	O	O	

Io	O	O	O	O	
piangeva	O	O	O	O	
,	O	O	O	O	
udendo	O	O	O	O	
questa	O	O	O	O	
parola	O	O	O	O	
.	O	O	O	O	

Egli	O	O	O	O	
non	O	O	O	O	
soggiungeva	O	O	O	O	
nulla	O	O	O	O	
,	O	O	O	O	
lasciandomi	O	O	O	O	
piangere	O	O	O	O	
,	O	O	O	O	
asciugando	O	O	O	O	
le	O	O	O	O	
mie	O	O	O	O	
lacrime	O	O	O	O	
col	O	O	O	O	
suo	O	O	O	O	
fazzoletto	O	O	O	O	
,	O	O	O	O	
con	O	O	O	O	
un	O	O	O	O	
moto	O	O	O	O	
gentile	O	O	O	O	
quale	O	O	O	O	
dovette	O	O	O	O	
esser	O	O	O	O	
quello	O	O	O	O	
di	O	O	O	O	
Veronica	B-PER	O	O	O	
con	O	O	O	O	
Gesù	B-PER	O	O	O	
,	O	O	O	O	
carezzando	O	O	O	O	
fugacemente	O	O	O	O	
i	O	O	O	O	
miei	O	O	O	O	
capelli	O	O	O	O	
,	O	O	O	O	
come	O	O	O	O	
benedicendomi	O	O	O	O	
.	O	O	O	O	

Non	O	O	O	O	
altro	O	O	O	O	
.	O	O	O	O	

Lentamente	O	O	O	O	
,	O	O	O	O	
le	O	O	O	O	
mie	O	O	O	O	
lacrime	O	O	O	O	
s	O	O	O	O	
'	O	O	O	O	
inaridivano	O	O	O	O	
,	O	O	O	O	
la	O	O	O	O	
mia	O	O	O	O	
anima	O	O	O	O	
si	O	O	O	O	
quietava	O	O	O	O	
e	O	O	O	O	
io	O	O	O	O	
comprendeva	O	O	O	O	
che	O	O	O	O	
,	O	O	O	O	
ancora	O	O	O	O	
una	O	O	O	O	
volta	O	O	O	O	
,	O	O	O	O	
l	O	O	O	O	
'	O	O	O	O	
amore	O	O	O	O	
di	O	O	O	O	
Giustino	B-PER	O	O	O	
Morelli	I-PER	O	O	O	
era	O	O	O	O	
stato	O	O	O	O	
il	O	O	O	O	
mio	O	O	O	O	
unico	O	O	O	O	
conforto	O	O	O	O	
.	O	O	O	O	

Tornavo	O	O	O	O	
a	O	O	O	O	
casa	B-FAC	O	O	O	
tranquilla	O	O	O	O	
,	O	O	O	O	
con	O	O	O	O	
una	O	O	O	O	
novella	O	O	O	O	
forza	O	O	O	O	
in	O	O	O	O	
me	O	O	O	O	
e	O	O	O	O	
con	O	O	O	O	
una	O	O	O	O	
lieta	O	O	O	O	
luce	O	O	O	O	
negli	O	O	O	O	
occhi	O	O	O	O	
.	O	O	O	O	

Mio	B-PER	O	O	O	
marito	I-PER	O	O	O	
mi	O	O	O	O	
guardava	O	O	O	O	
,	O	O	O	O	
diffidente	O	O	O	O	
:	O	O	O	O	
e	O	O	O	O	
la	O	O	O	O	
sua	O	O	O	O	
diffidenza	O	O	O	O	
lo	O	O	O	O	
spingeva	O	O	O	O	
all	O	O	O	O	
'	O	O	O	O	
ira	O	O	O	O	
,	O	O	O	O	
e	O	O	O	O	
nell	O	O	O	O	
'	O	O	O	O	
ira	O	O	O	O	
egli	O	O	O	O	
m	O	O	O	O	
'	O	O	O	O	
infliggeva	O	O	O	O	
una	O	O	O	O	
di	O	O	O	O	
quelle	O	O	O	O	
brevi	O	O	O	O	
o	O	O	O	O	
lunghe	O	O	O	O	
scene	O	O	O	O	
che	O	O	O	O	
erano	O	O	O	O	
il	O	O	O	O	
tossico	O	O	O	O	
della	O	O	O	O	
mia	O	O	O	O	
vita	O	O	O	O	
.	O	O	O	O	

Che	O	O	O	O	
importa	O	O	O	O	
?	O	O	O	O	

Io	O	O	O	O	
aveva	O	O	O	O	
il	O	O	O	O	
contravveleno	O	O	O	O	
.	O	O	O	O	

Chiusa	O	O	O	O	
nella	O	O	O	O	
sublime	O	O	O	O	
fiducia	O	O	O	O	
dell	O	O	O	O	
'	O	O	O	O	
amore	O	O	O	O	
che	O	O	O	O	
Giustino	B-PER	O	O	O	
Morelli	I-PER	O	O	O	
mi	O	O	O	O	
portava	O	O	O	O	
,	O	O	O	O	
sapendo	O	O	O	O	
che	O	O	O	O	
vi	O	O	O	O	
era	O	O	O	O	
nel	O	O	O	O	
mondo	B-LOC	O	O	O	
,	O	O	O	O	
nel	O	O	O	O	
vasto	B-LOC	O	O	O	
mondo	I-LOC	O	O	O	
così	O	O	O	O	
deserto	O	O	O	O	
di	O	O	O	O	
ogni	O	O	O	O	
gioia	O	O	O	O	
,	O	O	O	O	
qualcuno	B-PER	O	O	O	
che	O	O	O	O	
mi	O	O	O	O	
voleva	O	O	O	O	
bene	O	O	O	O	
,	O	O	O	O	
che	O	O	O	O	
mi	O	O	O	O	
adorava	O	O	O	O	
in	O	O	O	O	
una	O	O	O	O	
dedizione	O	O	O	O	
continua	O	O	O	O	
di	O	O	O	O	
sè	O	O	O	O	
stesso	O	O	O	O	
,	O	O	O	O	
io	O	O	O	O	
opponeva	O	O	O	O	
a	O	O	O	O	
mio	B-PER	O	O	O	
marito	I-PER	O	O	O	
una	O	O	O	O	
glaciale	O	O	O	O	
indifferenza	O	O	O	O	
.	O	O	O	O	

Mio	B-PER	O	O	O	
marito	I-PER	O	O	O	
mi	O	O	O	O	
lasciava	O	O	O	O	
:	O	O	O	O	
io	O	O	O	O	
andava	O	O	O	O	
nella	O	O	O	O	
mia	B-FAC	O	O	O	
stanza	I-FAC	O	O	O	
,	O	O	O	O	
mi	O	O	O	O	
buttava	O	O	O	O	
sul	O	O	O	O	
letto	B-PER	O	O	O	
,	O	O	O	O	
con	O	O	O	O	
la	O	O	O	O	
bocca	O	O	O	O	
sul	O	O	O	O	
cuscino	O	O	O	O	
per	O	O	O	O	
poter	O	O	O	O	
ripetere	O	O	O	O	
il	O	O	O	O	
nome	O	O	O	O	
soavissimo	O	O	O	O	
di	O	O	O	O	
colui	O	O	O	O	
che	O	O	O	O	
era	O	O	O	O	
il	B-PER	O	O	O	
mio	I-PER	O	O	O	
salvatore	I-PER	O	O	O	
.	O	O	O	O	

Tutta	O	O	O	O	
l	O	O	O	O	
'	O	O	O	O	
anima	O	O	O	O	
mia	O	O	O	O	
,	O	O	O	O	
allora	O	O	O	O	
,	O	O	O	O	
si	O	O	O	O	
prostrava	O	O	O	O	
,	O	O	O	O	
si	O	O	O	O	
abbandonava	O	O	O	O	
,	O	O	O	O	
in	O	O	O	O	
un	O	O	O	O	
'	O	O	O	O	
estasi	O	O	O	O	
di	O	O	O	O	
tenerissima	O	O	O	O	
gratitudine	O	O	O	O	
per	O	O	O	O	
il	O	O	O	O	
beneficio	O	O	O	O	
di	O	O	O	O	
quell	O	O	O	O	
'	O	O	O	O	
amore	O	O	O	O	
che	O	O	O	O	
era	O	O	O	O	
il	O	O	O	O	
liquore	O	O	O	O	
essenziale	O	O	O	O	
di	O	O	O	O	
ogni	O	O	O	O	
mia	O	O	O	O	
forza	O	O	O	O	
.	O	O	O	O	

Non	O	O	O	O	
sapendo	O	O	O	O	
come	O	O	O	O	
sfogare	O	O	O	O	
ciò	O	O	O	O	
che	O	O	O	O	
mi	O	O	O	O	
soffocava	O	O	O	O	
,	O	O	O	O	
trovavo	O	O	O	O	
modo	O	O	O	O	
di	O	O	O	O	
scrivergli	O	O	O	O	
,	O	O	O	O	
lungamente	O	O	O	O	
,	O	O	O	O	
confusamente	O	O	O	O	
,	O	O	O	O	
delle	O	O	O	O	
lettere	O	O	O	O	
che	O	O	O	O	
,	O	O	O	O	
spesso	O	O	O	O	
,	O	O	O	O	
dovevo	O	O	O	O	
lacerare	O	O	O	O	
senza	O	O	O	O	
potergliele	O	O	O	O	
inviare	O	O	O	O	
:	O	O	O	O	
raramente	O	O	O	O	
,	O	O	O	O	
arrivavo	O	O	O	O	
a	O	O	O	O	
spedirgliene	O	O	O	O	
una	O	O	O	O	
.	O	O	O	O	

Di	O	O	O	O	
lontano	O	O	O	O	
,	O	O	O	O	
io	O	O	O	O	
calcolavo	O	O	O	O	
sentimentalmente	O	O	O	O	
che	O	O	O	O	
effetto	O	O	O	O	
gli	O	O	O	O	
avrebbe	O	O	O	O	
fatto	O	O	O	O	
la	O	O	O	O	
prova	O	O	O	O	
che	O	O	O	O	
il	O	O	O	O	
cuore	O	O	O	O	
di	O	O	O	O	
Anna	B-PER	O	O	O	
,	O	O	O	O	
della	O	O	O	O	
sua	B-PER	O	O	O	
Anna	I-PER	O	O	O	
,	O	O	O	O	
gli	O	O	O	O	
apparteneva	O	O	O	O	
e	O	O	O	O	
si	O	O	O	O	
dava	O	O	O	O	
a	O	O	O	O	
lui	O	O	O	O	
,	O	O	O	O	
novellamente	O	O	O	O	
e	O	O	O	O	
sempre	O	O	O	O	
con	O	O	O	O	
entusiasmo	O	O	O	O	
.	O	O	O	O	

Ma	O	O	O	O	
i	O	O	O	O	
miei	O	O	O	O	
calcoli	O	O	O	O	
sentimentali	O	O	O	O	
fallivano	O	O	O	O	
spesso	O	O	O	O	
.	O	O	O	O	

Io	O	O	O	O	
non	O	O	O	O	
lo	O	O	O	O	
rivedeva	O	O	O	O	
subito	O	O	O	O	
.	O	O	O	O	

Egli	O	O	O	O	
non	O	O	O	O	
mi	O	O	O	O	
rispondeva	O	O	O	O	
mai	O	O	O	O	
.	O	O	O	O	

Finivo	O	O	O	O	
per	O	O	O	O	
non	O	O	O	O	
sapere	O	O	O	O	
nulla	O	O	O	O	
.	O	O	O	O	

Dimenticavo	O	O	O	O	
la	O	O	O	O	
mia	O	O	O	O	
lettera	O	O	O	O	
.	O	O	O	O	

Quando	O	O	O	O	
,	O	O	O	O	
per	O	O	O	O	
una	O	O	O	O	
scarsa	O	O	O	O	
e	O	O	O	O	
fortunata	O	O	O	O	
combinazione	O	O	O	O	
,	O	O	O	O	
mi	O	O	O	O	
ritrovavo	O	O	O	O	
con	O	O	O	O	
lui	O	O	O	O	
,	O	O	O	O	
non	O	O	O	O	
gli	O	O	O	O	
parlavo	O	O	O	O	
più	O	O	O	O	
di	O	O	O	O	
nulla	O	O	O	O	
,	O	O	O	O	
felice	O	O	O	O	
solo	O	O	O	O	
di	O	O	O	O	
essere	O	O	O	O	
accanto	O	O	O	O	
a	O	O	O	O	
lui	O	O	O	O	
.	O	O	O	O	

Sentivo	O	O	O	O	
che	O	O	O	O	
l	O	O	O	O	
'	O	O	O	O	
impetuosità	O	O	O	O	
del	O	O	O	O	
mio	O	O	O	O	
temperamento	O	O	O	O	
lo	O	O	O	O	
turbava	O	O	O	O	
un	O	O	O	O	
poco	O	O	O	O	
:	O	O	O	O	
e	O	O	O	O	
mi	O	O	O	O	
moderavo	O	O	O	O	
.	O	O	O	O	

D	O	O	O	O	
'	O	O	O	O	
altronde	O	O	O	O	
,	O	O	O	O	
era	O	O	O	O	
troppo	O	O	O	O	
nobile	O	O	O	O	
e	O	O	O	O	
troppo	O	O	O	O	
alto	O	O	O	O	
il	O	O	O	O	
nostro	O	O	O	O	
sentimento	O	O	O	O	
,	O	O	O	O	
per	O	O	O	O	
disperderlo	O	O	O	O	
nei	O	O	O	O	
minuti	O	O	O	O	
fatti	O	O	O	O	
dell	O	O	O	O	
'	O	O	O	O	
amore	O	O	O	O	
.	O	O	O	O	

Anzi	O	O	O	O	
,	O	O	O	O	
il	O	O	O	O	
nostro	O	O	O	O	
amore	O	O	O	O	
era	O	O	O	O	
senza	O	O	O	O	
fatti	O	O	O	O	
.	O	O	O	O	

Ci	O	O	O	O	
vedevamo	O	O	O	O	
troppo	O	O	O	O	
raramente	O	O	O	O	
,	O	O	O	O	
perchè	O	O	O	O	
le	O	O	O	O	
due	O	O	O	O	
esistenze	O	O	O	O	
si	O	O	O	O	
unissero	O	O	O	O	
nella	O	O	O	O	
fusione	O	O	O	O	
degli	O	O	O	O	
avvenimenti	O	O	O	O	
quotidiani	O	O	O	O	
.	O	O	O	O	

Parlavamo	O	O	O	O	
di	O	O	O	O	
amore	O	O	O	O	
,	O	O	O	O	
pianamente	O	O	O	O	
,	O	O	O	O	
soavemente	O	O	O	O	
,	O	O	O	O	
anzi	O	O	O	O	
con	O	O	O	O	
quella	O	O	O	O	
cautela	O	O	O	O	
delle	O	O	O	O	
persone	B-PER	O	O	O	
che	O	O	O	O	
molto	O	O	O	O	
soffrono	O	O	O	O	
,	O	O	O	O	
che	O	O	O	O	
molto	O	O	O	O	
temono	O	O	O	O	
di	O	O	O	O	
soffrire	O	O	O	O	
:	O	O	O	O	
e	O	O	O	O	
vi	O	O	O	O	
era	O	O	O	O	
in	O	O	O	O	
ogni	O	O	O	O	
suo	O	O	O	O	
sguardo	O	O	O	O	
tanta	O	O	O	O	
effusione	O	O	O	O	
spirituale	O	O	O	O	
:	O	O	O	O	
vi	O	O	O	O	
era	O	O	O	O	
nelle	O	O	O	O	
sue	O	O	O	O	
mani	O	O	O	O	
che	O	O	O	O	
tenevano	O	O	O	O	
le	O	O	O	O	
mie	O	O	O	O	
quasi	O	O	O	O	
senza	O	O	O	O	
stringerle	O	O	O	O	
,	O	O	O	O	
tanto	O	O	O	O	
fluido	O	O	O	O	
di	O	O	O	O	
affetto	O	O	O	O	
:	O	O	O	O	
vi	O	O	O	O	
era	O	O	O	O	
nella	O	O	O	O	
sua	O	O	O	O	
voce	O	O	O	O	
tale	O	O	O	O	
onda	O	O	O	O	
di	O	O	O	O	
amore	O	O	O	O	
;	O	O	O	O	
che	O	O	O	O	
io	O	O	O	O	
mi	O	O	O	O	
scordava	O	O	O	O	
tutto	O	O	O	O	
il	O	O	O	O	
passato	O	O	O	O	
,	O	O	O	O	
che	O	O	O	O	
io	O	O	O	O	
non	O	O	O	O	
aveva	O	O	O	O	
più	O	O	O	O	
paura	O	O	O	O	
dell	O	O	O	O	
'	O	O	O	O	
avvenire	O	O	O	O	
,	O	O	O	O	
e	O	O	O	O	
mi	O	O	O	O	
sentivo	O	O	O	O	
accanto	O	O	O	O	
a	O	O	O	O	
Giustino	B-PER	O	O	O	
Morelli	I-PER	O	O	O	
assolutamente	O	O	O	O	
felice	O	O	O	O	
.	O	O	O	O	

Certo	O	O	O	O	
,	O	O	O	O	
mi	O	O	O	O	
dividevo	O	O	O	O	
da	O	O	O	O	
lui	O	O	O	O	
con	O	O	O	O	
un	O	O	O	O	
intenso	O	O	O	O	
rammarico	O	O	O	O	
,	O	O	O	O	
sempre	O	O	O	O	
più	O	O	O	O	
forte	O	O	O	O	
come	O	O	O	O	
il	O	O	O	O	
tempo	O	O	O	O	
passava	O	O	O	O	
:	O	O	O	O	
certo	O	O	O	O	
,	O	O	O	O	
appena	O	O	O	O	
lo	O	O	O	O	
avevo	O	O	O	O	
lasciato	O	O	O	O	
,	O	O	O	O	
un	O	O	O	O	
senso	O	O	O	O	
di	O	O	O	O	
vuoto	O	O	O	O	
e	O	O	O	O	
di	O	O	O	O	
morte	O	O	O	O	
mi	O	O	O	O	
coglieva	O	O	O	O	
,	O	O	O	O	
orribile	O	O	O	O	
.	O	O	O	O	

Ma	O	O	O	O	
egli	O	O	O	O	
era	O	O	O	O	
partito	O	O	O	O	
da	O	O	O	O	
me	O	O	O	O	
,	O	O	O	O	
almeno	O	O	O	O	
in	O	O	O	O	
apparenza	O	O	O	O	
,	O	O	O	O	
senza	O	O	O	O	
dolore	O	O	O	O	
;	O	O	O	O	
ma	O	O	O	O	
egli	O	O	O	O	
era	O	O	O	O	
calmo	O	O	O	O	
e	O	O	O	O	
tenero	O	O	O	O	
.	O	O	O	O	

Sempre	O	O	O	O	
,	O	O	O	O	
anche	O	O	O	O	
quando	O	O	O	O	
si	O	O	O	O	
separava	O	O	O	O	
,	O	O	O	O	
anche	O	O	O	O	
quando	O	O	O	O	
mi	O	O	O	O	
vedeva	O	O	O	O	
turbata	O	O	O	O	
e	O	O	O	O	
agitata	O	O	O	O	
,	O	O	O	O	
separandosi	O	O	O	O	
da	O	O	O	O	
me	O	O	O	O	
,	O	O	O	O	
e	O	O	O	O	
poichè	O	O	O	O	
egli	O	O	O	O	
,	O	O	O	O	
vagamente	O	O	O	O	
,	O	O	O	O	
profondamente	O	O	O	O	
mi	O	O	O	O	
amava	O	O	O	O	
,	O	O	O	O	
io	O	O	O	O	
dicevo	O	O	O	O	
che	O	O	O	O	
solo	O	O	O	O	
la	O	O	O	O	
sua	O	O	O	O	
calma	O	O	O	O	
era	O	O	O	O	
saggia	O	O	O	O	
e	O	O	O	O	
pura	O	O	O	O	
,	O	O	O	O	
che	O	O	O	O	
solo	O	O	O	O	
il	O	O	O	O	
suo	O	O	O	O	
spirito	O	O	O	O	
intendeva	O	O	O	O	
l	O	O	O	O	
'	O	O	O	O	
amore	O	O	O	O	
in	O	O	O	O	
una	O	O	O	O	
forma	O	O	O	O	
sublime	O	O	O	O	
.	O	O	O	O	

Quando	O	O	O	O	
ero	O	O	O	O	
sola	O	O	O	O	
,	O	O	O	O	
di	O	O	O	O	
nuovo	O	O	O	O	
,	O	O	O	O	
io	O	O	O	O	
pensava	O	O	O	O	
,	O	O	O	O	
sì	O	O	O	O	
,	O	O	O	O	
che	O	O	O	O	
Iddio	B-PER	O	O	O	
mi	O	O	O	O	
aveva	O	O	O	O	
legata	O	O	O	O	
ad	O	O	O	O	
un	B-PER	O	O	O	
uomo	I-PER	O	O	O	
odioso	I-PER	O	O	O	
,	O	O	O	O	
che	O	O	O	O	
mi	O	O	O	O	
odiava	O	O	O	O	
:	O	O	O	O	
che	O	O	O	O	
ogni	O	O	O	O	
mia	O	O	O	O	
felicità	O	O	O	O	
innanzi	O	O	O	O	
alla	O	O	O	O	
fede	O	O	O	O	
e	O	O	O	O	
innanzi	O	O	O	O	
alla	O	O	O	O	
legge	O	O	O	O	
,	O	O	O	O	
era	O	O	O	O	
morta	O	O	O	O	
,	O	O	O	O	
ma	O	O	O	O	
che	O	O	O	O	
,	O	O	O	O	
in	O	O	O	O	
compenso	O	O	O	O	
,	O	O	O	O	
segretamente	O	O	O	O	
,	O	O	O	O	
io	O	O	O	O	
aveva	O	O	O	O	
per	O	O	O	O	
me	O	O	O	O	
la	O	O	O	O	
più	O	O	O	O	
bella	O	O	O	O	
forma	O	O	O	O	
di	O	O	O	O	
amore	O	O	O	O	
che	O	O	O	O	
dar	O	O	O	O	
si	O	O	O	O	
possa	O	O	O	O	
nella	O	O	O	O	
limitata	O	O	O	O	
e	O	O	O	O	
misera	O	O	O	O	
natura	O	O	O	O	
umana	O	O	O	O	
,	O	O	O	O	
e	O	O	O	O	
che	O	O	O	O	
potevo	O	O	O	O	
esser	O	O	O	O	
superba	O	O	O	O	
dell	O	O	O	O	
'	O	O	O	O	
adorazione	O	O	O	O	
di	O	O	O	O	
Giustino	B-PER	O	O	O	
Morelli	I-PER	O	O	O	
come	O	O	O	O	
del	O	O	O	O	
tesoro	O	O	O	O	
fra	O	O	O	O	
i	O	O	O	O	
tesori	O	O	O	O	
.	O	O	O	O	

Pure	O	O	O	O	
,	O	O	O	O	
da	O	O	O	O	
questo	O	O	O	O	
esaltamento	O	O	O	O	
spirituale	O	O	O	O	
che	O	O	O	O	
io	O	O	O	O	
celava	O	O	O	O	
con	O	O	O	O	
tanta	O	O	O	O	
meravigliosa	O	O	O	O	
dissimulazione	O	O	O	O	
,	O	O	O	O	
nacque	O	O	O	O	
in	O	O	O	O	
me	O	O	O	O	
una	O	O	O	O	
sete	O	O	O	O	
più	O	O	O	O	
ardente	O	O	O	O	
di	O	O	O	O	
veder	O	O	O	O	
l	B-PER	O	O	O	
'	I-PER	O	O	O	
uomo	I-PER	O	O	O	
che	O	O	O	O	
mi	O	O	O	O	
amava	O	O	O	O	
e	O	O	O	O	
che	O	O	O	O	
io	O	O	O	O	
amava	O	O	O	O	
,	O	O	O	O	
di	O	O	O	O	
stare	O	O	O	O	
con	O	O	O	O	
lui	O	O	O	O	
,	O	O	O	O	
di	O	O	O	O	
vivere	O	O	O	O	
insieme	O	O	O	O	
a	O	O	O	O	
lui	O	O	O	O	
.	O	O	O	O	

La	B-FAC	O	O	O	
mia	I-FAC	O	O	O	
casa	I-FAC	O	O	O	
e	O	O	O	O	
mio	B-PER	O	O	O	
marito	I-PER	O	O	O	
rappresentavano	O	O	O	O	
per	O	O	O	O	
me	O	O	O	O	
l	O	O	O	O	
'	O	O	O	O	
avversità	O	O	O	O	
,	O	O	O	O	
la	O	O	O	O	
tristezza	O	O	O	O	
,	O	O	O	O	
la	O	O	O	O	
mala	O	O	O	O	
compagnia	O	O	O	O	
,	O	O	O	O	
mentre	O	O	O	O	
la	O	O	O	O	
fantasia	O	O	O	O	
si	O	O	O	O	
fingeva	O	O	O	O	
il	O	O	O	O	
sole	O	O	O	O	
,	O	O	O	O	
la	O	O	O	O	
lietezza	O	O	O	O	
,	O	O	O	O	
la	O	O	O	O	
cara	O	O	O	O	
unione	O	O	O	O	
soltanto	O	O	O	O	
dove	O	O	O	O	
era	O	O	O	O	
Giustino	B-PER	O	O	O	
Morelli	I-PER	O	O	O	
.	O	O	O	O	

Cominciai	O	O	O	O	
a	O	O	O	O	
cercarlo	O	O	O	O	
più	O	O	O	O	
spesso	O	O	O	O	
:	O	O	O	O	
e	O	O	O	O	
quando	O	O	O	O	
lo	O	O	O	O	
ritrovavo	O	O	O	O	
,	O	O	O	O	
insieme	O	O	O	O	
alla	O	O	O	O	
espressione	O	O	O	O	
di	O	O	O	O	
immensa	O	O	O	O	
tenerezza	O	O	O	O	
,	O	O	O	O	
io	O	O	O	O	
vedeva	O	O	O	O	
in	O	O	O	O	
lui	O	O	O	O	
un	O	O	O	O	
senso	O	O	O	O	
di	O	O	O	O	
pena	O	O	O	O	
.	O	O	O	O	

Mi	O	O	O	O	
pentivo	O	O	O	O	
della	O	O	O	O	
mia	O	O	O	O	
ricerca	O	O	O	O	
,	O	O	O	O	
subito	O	O	O	O	
.	O	O	O	O	

Gli	O	O	O	O	
chiedevo	O	O	O	O	
:	O	O	O	O	
--	O	O	O	O	
Ho	O	O	O	O	
fatto	O	O	O	O	
male	O	O	O	O	
,	O	O	O	O	
a	O	O	O	O	
cercarti	O	O	O	O	
?	O	O	O	O	

--	O	O	O	O	
No	O	O	O	O	
,	O	O	O	O	
cara	B-PER	O	O	O	
,	O	O	O	O	
hai	O	O	O	O	
fatto	O	O	O	O	
benissimo	O	O	O	O	
--	O	O	O	O	
diceva	O	O	O	O	
lui	O	O	O	O	
,	O	O	O	O	
dolcemente	O	O	O	O	
.	O	O	O	O	

Ma	O	O	O	O	
quella	O	O	O	O	
dolcezza	O	O	O	O	
era	O	O	O	O	
anche	O	O	O	O	
triste	O	O	O	O	
.	O	O	O	O	

Forse	O	O	O	O	
,	O	O	O	O	
egli	O	O	O	O	
temeva	O	O	O	O	
per	O	O	O	O	
me	O	O	O	O	
.	O	O	O	O	

--	O	O	O	O	
Perchè	O	O	O	O	
ti	O	O	O	O	
dispiace	O	O	O	O	
che	O	O	O	O	
io	O	O	O	O	
t	O	O	O	O	
'	O	O	O	O	
abbia	O	O	O	O	
cercato	O	O	O	O	
?	O	O	O	O	

--	O	O	O	O	
gli	O	O	O	O	
domandavo	O	O	O	O	
,	O	O	O	O	
ancora	O	O	O	O	
,	O	O	O	O	
crudelmente	O	O	O	O	
verso	O	O	O	O	
me	O	O	O	O	
e	O	O	O	O	
verso	O	O	O	O	
lui	O	O	O	O	
.	O	O	O	O	

--	O	O	O	O	
Non	O	O	O	O	
mi	O	O	O	O	
dispiace	O	O	O	O	
.	O	O	O	O	

--	O	O	O	O	
Sì	O	O	O	O	
,	O	O	O	O	
sì	O	O	O	O	
,	O	O	O	O	
ti	O	O	O	O	
dispiace	O	O	O	O	
!	O	O	O	O	

--	O	O	O	O	
Oh	O	O	O	O	
Anna	B-PER	O	O	O	
,	O	O	O	O	
non	O	O	O	O	
ripetere	O	O	O	O	
ciò	O	O	O	O	
.	O	O	O	O	

--	O	O	O	O	
Allora	O	O	O	O	
,	O	O	O	O	
se	O	O	O	O	
non	O	O	O	O	
ti	O	O	O	O	
dispiace	O	O	O	O	
,	O	O	O	O	
vediamoci	O	O	O	O	
anche	O	O	O	O	
domani	O	O	O	O	
.	O	O	O	O	

--	O	O	O	O	
...	O	O	O	O	
sì	O	O	O	O	
--	O	O	O	O	
diceva	O	O	O	O	
lui	O	O	O	O	
,	O	O	O	O	
dopo	O	O	O	O	
un	O	O	O	O	
minuto	O	O	O	O	
di	O	O	O	O	
esitazione	O	O	O	O	
.	O	O	O	O	

Quella	O	O	O	O	
esitazione	O	O	O	O	
avvelenava	O	O	O	O	
la	O	O	O	O	
mia	O	O	O	O	
gioia	O	O	O	O	
.	O	O	O	O	

Scorgevo	O	O	O	O	
in	O	O	O	O	
lui	O	O	O	O	
,	O	O	O	O	
adesso	O	O	O	O	
,	O	O	O	O	
quello	O	O	O	O	
che	O	O	O	O	
prima	O	O	O	O	
non	O	O	O	O	
vi	O	O	O	O	
era	O	O	O	O	
mai	O	O	O	O	
stato	O	O	O	O	
,	O	O	O	O	
cioè	O	O	O	O	
una	O	O	O	O	
titubanza	O	O	O	O	
continua	O	O	O	O	
,	O	O	O	O	
una	O	O	O	O	
inquietudine	O	O	O	O	
che	O	O	O	O	
non	O	O	O	O	
arrivava	O	O	O	O	
a	O	O	O	O	
reprimere	O	O	O	O	
.	O	O	O	O	

--	O	O	O	O	
Di	O	O	O	O	
che	O	O	O	O	
temi	O	O	O	O	
?	O	O	O	O	

--	O	O	O	O	
gli	O	O	O	O	
chiedevo	O	O	O	O	
,	O	O	O	O	
guardandolo	O	O	O	O	
negli	O	O	O	O	
occhi	O	O	O	O	
.	O	O	O	O	

--	O	O	O	O	
Di	O	O	O	O	
nulla	O	O	O	O	
,	O	O	O	O	
cara	B-PER	O	O	O	
--	O	O	O	O	
mi	O	O	O	O	
rispondeva	O	O	O	O	
,	O	O	O	O	
guardando	O	O	O	O	
in	O	O	O	O	
su	O	O	O	O	
,	O	O	O	O	
per	O	O	O	O	
isfuggire	O	O	O	O	
alle	O	O	O	O	
mie	O	O	O	O	
indagini	O	O	O	O	
.	O	O	O	O	

--	O	O	O	O	
E	O	O	O	O	
mi	O	O	O	O	
ami	O	O	O	O	
,	O	O	O	O	
mi	O	O	O	O	
ami	O	O	O	O	
?	O	O	O	O	

--	O	O	O	O	
Ti	O	O	O	O	
adoro	O	O	O	O	
--	O	O	O	O	
mormorava	O	O	O	O	
lui	O	O	O	O	
,	O	O	O	O	
con	O	O	O	O	
la	O	O	O	O	
intonazione	O	O	O	O	
antica	O	O	O	O	
,	O	O	O	O	
così	O	O	O	O	
schietta	O	O	O	O	
,	O	O	O	O	
così	O	O	O	O	
sgorgante	O	O	O	O	
dall	O	O	O	O	
'	O	O	O	O	
imo	O	O	O	O	
cuore	O	O	O	O	
.	O	O	O	O	

Ma	O	O	O	O	
presto	O	O	O	O	
,	O	O	O	O	
la	O	O	O	O	
mia	O	O	O	O	
insofferenza	O	O	O	O	
divenne	O	O	O	O	
spasimante	O	O	O	O	
.	O	O	O	O	

Io	O	O	O	O	
non	O	O	O	O	
poteva	O	O	O	O	
stare	O	O	O	O	
un	O	O	O	O	
giorno	O	O	O	O	
senza	O	O	O	O	
vederlo	O	O	O	O	
;	O	O	O	O	
avevo	O	O	O	O	
annullato	O	O	O	O	
in	O	O	O	O	
me	O	O	O	O	
ogni	O	O	O	O	
repulsione	O	O	O	O	
,	O	O	O	O	
venuta	O	O	O	O	
dal	O	O	O	O	
contatto	O	O	O	O	
di	O	O	O	O	
mio	B-PER	O	O	O	
marito	I-PER	O	O	O	
con	O	O	O	O	
Giustino	B-PER	O	O	O	
Morelli	I-PER	O	O	O	
,	O	O	O	O	
e	O	O	O	O	
pretendevo	O	O	O	O	
che	O	O	O	O	
egli	O	O	O	O	
,	O	O	O	O	
l	B-PER	O	O	O	
'	I-PER	O	O	O	
adoratore	I-PER	O	O	O	
tenero	I-PER	O	O	O	
e	I-PER	O	O	O	
soave	I-PER	O	O	O	
,	O	O	O	O	
vincesse	O	O	O	O	
il	O	O	O	O	
proprio	O	O	O	O	
ribrezzo	O	O	O	O	
.	O	O	O	O	

--	O	O	O	O	
Non	O	O	O	O	
posso	O	O	O	O	
--	O	O	O	O	
mi	O	O	O	O	
diceva	O	O	O	O	
lui	O	O	O	O	
,	O	O	O	O	
piano	O	O	O	O	
,	O	O	O	O	
con	O	O	O	O	
amore	O	O	O	O	
,	O	O	O	O	
per	O	O	O	O	
togliere	O	O	O	O	
a	O	O	O	O	
questo	O	O	O	O	
rifiuto	O	O	O	O	
ogni	O	O	O	O	
durezza	O	O	O	O	
.	O	O	O	O	

--	O	O	O	O	
Perchè	O	O	O	O	
non	O	O	O	O	
puoi	O	O	O	O	
?	O	O	O	O	

--	O	O	O	O	
Non	O	O	O	O	
lo	O	O	O	O	
so	O	O	O	O	
,	O	O	O	O	
ma	O	O	O	O	
non	O	O	O	O	
posso	O	O	O	O	
,	O	O	O	O	
Anna	B-PER	O	O	O	
.	O	O	O	O	

Venire	O	O	O	O	
in	O	O	O	O	
casa	B-FAC	O	O	O	
tua	I-FAC	O	O	O	
,	O	O	O	O	
dove	O	O	O	O	
vi	O	O	O	O	
è	O	O	O	O	
lui	O	O	O	O	
,	O	O	O	O	
mi	O	O	O	O	
è	O	O	O	O	
insopportabile	O	O	O	O	
.	O	O	O	O	

--	O	O	O	O	
Allora	O	O	O	O	
,	O	O	O	O	
non	O	O	O	O	
mi	O	O	O	O	
vuoi	O	O	O	O	
bene	O	O	O	O	
.	O	O	O	O	

--	O	O	O	O	
Anna	B-PER	O	O	O	
,	O	O	O	O	
te	O	O	O	O	
ne	O	O	O	O	
voglio	O	O	O	O	
infinitamente	O	O	O	O	
.	O	O	O	O	

--	O	O	O	O	
Non	O	O	O	O	
è	O	O	O	O	
vero	O	O	O	O	
.	O	O	O	O	

Se	O	O	O	O	
me	O	O	O	O	
ne	O	O	O	O	
volessi	O	O	O	O	
,	O	O	O	O	
verresti	O	O	O	O	
da	O	O	O	O	
me	O	O	O	O	
.	O	O	O	O	

Vieni	O	O	O	O	
domani	O	O	O	O	
,	O	O	O	O	
vieni	O	O	O	O	
....	O	O	O	O	
--	O	O	O	O	
Anna	B-PER	O	O	O	
,	O	O	O	O	
non	O	O	O	O	
posso	O	O	O	O	
.	O	O	O	O	

--	O	O	O	O	
Non	O	O	O	O	
mi	O	O	O	O	
ami	O	O	O	O	
,	O	O	O	O	
non	O	O	O	O	
mi	O	O	O	O	
ami	O	O	O	O	
!	O	O	O	O	

Se	O	O	O	O	
mi	O	O	O	O	
amassi	O	O	O	O	
,	O	O	O	O	
vorresti	O	O	O	O	
vedermi	O	O	O	O	
sempre	O	O	O	O	
.	O	O	O	O	

--	O	O	O	O	
Io	O	O	O	O	
so	O	O	O	O	
amarti	O	O	O	O	
anche	O	O	O	O	
da	O	O	O	O	
lontano	O	O	O	O	
.	O	O	O	O	

--	O	O	O	O	
Senza	O	O	O	O	
soffrire	O	O	O	O	
della	O	O	O	O	
lontananza	O	O	O	O	
?	O	O	O	O	

--	O	O	O	O	
Senza	O	O	O	O	
soffrire	O	O	O	O	
.	O	O	O	O	

--	O	O	O	O	
Avendo	O	O	O	O	
un	B-PER	O	O	O	
'	I-PER	O	O	O	
altra	I-PER	O	O	O	
amante	I-PER	O	O	O	
,	O	O	O	O	
allora	O	O	O	O	
?	O	O	O	O	

--	O	O	O	O	
arrivavo	O	O	O	O	
a	O	O	O	O	
dire	O	O	O	O	
,	O	O	O	O	
io	O	O	O	O	
,	O	O	O	O	
esasperata	O	O	O	O	
.	O	O	O	O	

--	O	O	O	O	
Non	O	O	O	O	
commettere	O	O	O	O	
sacrilegio	O	O	O	O	
,	O	O	O	O	
cara	B-PER	O	O	O	
.	O	O	O	O	

Io	O	O	O	O	
non	O	O	O	O	
adoro	O	O	O	O	
che	O	O	O	O	
te	O	O	O	O	
.	O	O	O	O	

--	O	O	O	O	
Così	O	O	O	O	
,	O	O	O	O	
a	O	O	O	O	
traverso	O	O	O	O	
le	O	O	O	O	
sfere	O	O	O	O	
,	O	O	O	O	
come	O	O	O	O	
le	B-LOC	O	O	O	
stelle	I-LOC	O	O	O	
?	O	O	O	O	

--	O	O	O	O	
Così	O	O	O	O	
--	O	O	O	O	
replicava	O	O	O	O	
lui	O	O	O	O	
,	O	O	O	O	
con	O	O	O	O	
tanta	O	O	O	O	
nobiltà	O	O	O	O	
,	O	O	O	O	
che	O	O	O	O	
io	O	O	O	O	
mi	O	O	O	O	
riteneva	O	O	O	O	
subito	O	O	O	O	
la	O	O	O	O	
più	O	O	O	O	
volgare	O	O	O	O	
fra	O	O	O	O	
le	B-PER	O	O	O	
donne	I-PER	O	O	O	
.	O	O	O	O	

In	O	O	O	O	
quel	O	O	O	O	
tempo	O	O	O	O	
,	O	O	O	O	
per	O	O	O	O	
mia	O	O	O	O	
colpa	O	O	O	O	
,	O	O	O	O	
dunque	O	O	O	O	
--	O	O	O	O	
più	O	O	O	O	
tardi	O	O	O	O	
,	O	O	O	O	
poi	O	O	O	O	
,	O	O	O	O	
intesi	O	O	O	O	
che	O	O	O	O	
era	O	O	O	O	
per	O	O	O	O	
colpa	O	O	O	O	
di	O	O	O	O	
Giustino	B-PER	O	O	O	
Morelli	I-PER	O	O	O	
--	O	O	O	O	
io	O	O	O	O	
finii	O	O	O	O	
per	O	O	O	O	
intorbidare	O	O	O	O	
la	O	O	O	O	
sorgente	O	O	O	O	
di	O	O	O	O	
ogni	O	O	O	O	
mia	O	O	O	O	
consolazione	O	O	O	O	
.	O	O	O	O	

Mentre	O	O	O	O	
prima	O	O	O	O	
ogni	O	O	O	O	
sua	O	O	O	O	
tenerezza	O	O	O	O	
mi	O	O	O	O	
sembrava	O	O	O	O	
una	O	O	O	O	
ricca	O	O	O	O	
parte	O	O	O	O	
fattami	O	O	O	O	
dal	O	O	O	O	
destino	O	O	O	O	
,	O	O	O	O	
e	O	O	O	O	
ne	O	O	O	O	
ringraziavo	O	O	O	O	
questo	O	O	O	O	
destino	O	O	O	O	
,	O	O	O	O	
adesso	O	O	O	O	
non	O	O	O	O	
me	O	O	O	O	
ne	O	O	O	O	
contentavo	O	O	O	O	
più	O	O	O	O	
.	O	O	O	O	

Egli	O	O	O	O	
era	O	O	O	O	
sempre	O	O	O	O	
lo	B-PER	O	O	O	
stesso	I-PER	O	O	O	
uomo	I-PER	O	O	O	
,	O	O	O	O	
aveva	O	O	O	O	
per	O	O	O	O	
me	O	O	O	O	
,	O	O	O	O	
sempre	O	O	O	O	
,	O	O	O	O	
un	O	O	O	O	
amore	O	O	O	O	
tutto	O	O	O	O	
di	O	O	O	O	
pietà	O	O	O	O	
,	O	O	O	O	
di	O	O	O	O	
rispetto	O	O	O	O	
,	O	O	O	O	
di	O	O	O	O	
ammirazione	O	O	O	O	
,	O	O	O	O	
di	O	O	O	O	
adorazione	O	O	O	O	
,	O	O	O	O	
ma	O	O	O	O	
mi	O	O	O	O	
sembrava	O	O	O	O	
freddissimo	O	O	O	O	
.	O	O	O	O	

Infine	O	O	O	O	
,	O	O	O	O	
io	O	O	O	O	
era	O	O	O	O	
giovane	O	O	O	O	
,	O	O	O	O	
bella	O	O	O	O	
,	O	O	O	O	
elegante	O	O	O	O	
,	O	O	O	O	
molto	O	O	O	O	
corteggiata	O	O	O	O	
,	O	O	O	O	
poichè	O	O	O	O	
la	O	O	O	O	
pessima	O	O	O	O	
condotta	O	O	O	O	
di	O	O	O	O	
mio	B-PER	O	O	O	
marito	I-PER	O	O	O	
,	O	O	O	O	
purtroppo	O	O	O	O	
,	O	O	O	O	
non	O	O	O	O	
era	O	O	O	O	
ignorata	O	O	O	O	
,	O	O	O	O	
malgrado	O	O	O	O	
le	O	O	O	O	
mie	O	O	O	O	
premure	O	O	O	O	
per	O	O	O	O	
nasconderla	O	O	O	O	
:	O	O	O	O	
e	O	O	O	O	
sentivo	O	O	O	O	
intorno	O	O	O	O	
a	O	O	O	O	
me	O	O	O	O	
,	O	O	O	O	
come	O	O	O	O	
l	O	O	O	O	
'	O	O	O	O	
incenso	O	O	O	O	
di	O	O	O	O	
un	O	O	O	O	
omaggio	O	O	O	O	
continuo	O	O	O	O	
che	O	O	O	O	
uomini	B-PER	O	O	O	
giovani	I-PER	O	O	O	
e	I-PER	O	O	O	
belli	I-PER	O	O	O	
abbruciavano	O	O	O	O	
nel	O	O	O	O	
desiderio	O	O	O	O	
dell	O	O	O	O	
'	O	O	O	O	
amor	O	O	O	O	
mio	O	O	O	O	
.	O	O	O	O	

Giustino	B-PER	O	O	O	
Morelli	I-PER	O	O	O	
mi	O	O	O	O	
pareva	O	O	O	O	
freddissimo	O	O	O	O	
.	O	O	O	O	

La	O	O	O	O	
passione	O	O	O	O	
violenta	O	O	O	O	
di	O	O	O	O	
Nino	B-PER	O	O	O	
Stresa	I-PER	O	O	O	
per	O	O	O	O	
Grazia	B-PER	O	O	O	
,	I-PER	O	O	O	
la	I-PER	O	O	O	
mia	I-PER	O	O	O	
amica	I-PER	O	O	O	
,	O	O	O	O	
mi	O	O	O	O	
destava	O	O	O	O	
curiosità	O	O	O	O	
e	O	O	O	O	
invidia	O	O	O	O	
.	O	O	O	O	

Il	O	O	O	O	
paragone	O	O	O	O	
che	O	O	O	O	
facevo	O	O	O	O	
,	O	O	O	O	
ogni	O	O	O	O	
tanto	O	O	O	O	
,	O	O	O	O	
di	O	O	O	O	
Nino	B-PER	O	O	O	
Stresa	I-PER	O	O	O	
con	O	O	O	O	
Giustino	B-PER	O	O	O	
Morelli	I-PER	O	O	O	
mi	O	O	O	O	
faceva	O	O	O	O	
sempre	O	O	O	O	
più	O	O	O	O	
insistere	O	O	O	O	
nell	O	O	O	O	
'	O	O	O	O	
idea	O	O	O	O	
,	O	O	O	O	
che	O	O	O	O	
il	O	O	O	O	
mio	O	O	O	O	
amante	O	O	O	O	
--	O	O	O	O	
era	O	O	O	O	
egli	O	O	O	O	
,	O	O	O	O	
forse	O	O	O	O	
,	O	O	O	O	
un	O	O	O	O	
amante	O	O	O	O	
?	O	O	O	O	

--	O	O	O	O	
non	O	O	O	O	
provasse	O	O	O	O	
per	O	O	O	O	
me	O	O	O	O	
un	O	O	O	O	
amore	O	O	O	O	
forte	O	O	O	O	
e	O	O	O	O	
vivo	O	O	O	O	
,	O	O	O	O	
come	O	O	O	O	
si	O	O	O	O	
sente	O	O	O	O	
quando	O	O	O	O	
si	O	O	O	O	
è	O	O	O	O	
giovani	B-PER	O	O	O	
,	O	O	O	O	
quando	O	O	O	O	
il	O	O	O	O	
sangue	O	O	O	O	
è	O	O	O	O	
caldo	O	O	O	O	
,	O	O	O	O	
quando	O	O	O	O	
la	B-PER	O	O	O	
donna	I-PER	O	O	O	
si	O	O	O	O	
è	O	O	O	O	
già	O	O	O	O	
data	O	O	O	O	
a	O	O	O	O	
voi	O	O	O	O	
col	O	O	O	O	
suo	O	O	O	O	
cuore	O	O	O	O	
.	O	O	O	O	

--	O	O	O	O	
Perchè	O	O	O	O	
sei	O	O	O	O	
così	O	O	O	O	
freddo	O	O	O	O	
?	O	O	O	O	

--	O	O	O	O	
era	O	O	O	O	
la	O	O	O	O	
mia	O	O	O	O	
interrogazione	O	O	O	O	
costante	O	O	O	O	
.	O	O	O	O	

--	O	O	O	O	
Freddo	O	O	O	O	
,	O	O	O	O	
ti	O	O	O	O	
pare	O	O	O	O	
?	O	O	O	O	

--	O	O	O	O	
Non	O	O	O	O	
mi	O	O	O	O	
pare	O	O	O	O	
:	O	O	O	O	
sei	O	O	O	O	
freddo	O	O	O	O	
.	O	O	O	O	

--	O	O	O	O	
Niuno	B-PER	O	O	O	
ti	O	O	O	O	
può	O	O	O	O	
amare	O	O	O	O	
più	O	O	O	O	
di	O	O	O	O	
me	O	O	O	O	
,	O	O	O	O	
Anna	B-PER	O	O	O	
.	O	O	O	O	

--	O	O	O	O	
Non	O	O	O	O	
ti	O	O	O	O	
vantare	O	O	O	O	
.	O	O	O	O	

Tu	O	O	O	O	
mi	O	O	O	O	
ami	O	O	O	O	
poco	O	O	O	O	
.	O	O	O	O	

--	O	O	O	O	
Taci	O	O	O	O	
,	O	O	O	O	
anima	O	O	O	O	
mia	O	O	O	O	
.	O	O	O	O	

taci	O	O	O	O	
.	O	O	O	O	

--	O	O	O	O	
Io	O	O	O	O	
non	O	O	O	O	
ti	O	O	O	O	
piaccio	O	O	O	O	
--	O	O	O	O	
soggiungevo	O	O	O	O	
io	O	O	O	O	
.	O	O	O	O	

--	O	O	O	O	
Nessuna	B-PER	O	O	O	
persona	I-PER	O	O	O	
mi	O	O	O	O	
piace	O	O	O	O	
più	O	O	O	O	
di	O	O	O	O	
te	O	O	O	O	
,	O	O	O	O	
te	O	O	O	O	
lo	O	O	O	O	
giuro	O	O	O	O	
.	O	O	O	O	

--	O	O	O	O	
Non	O	O	O	O	
ti	O	O	O	O	
credo	O	O	O	O	
.	O	O	O	O	

