Novella	O	O	O	O	
.	O	O	O	O	

I	O	O	O	O	
.	O	O	O	O	

Sofia	B-PER	O	O	O	
non	O	O	O	O	
alzava	O	O	O	O	
gli	O	O	O	O	
occhi	O	O	O	O	
dal	O	O	O	O	
suo	O	O	O	O	
lavoro	O	O	O	O	
,	O	O	O	O	
e	O	O	O	O	
le	O	O	O	O	
sue	O	O	O	O	
dita	O	O	O	O	
leggere	O	O	O	O	
volavano	O	O	O	O	
su	O	O	O	O	
quella	O	O	O	O	
trina	O	O	O	O	
delicata	O	O	O	O	
.	O	O	O	O	

Invece	O	O	O	O	
Lulù	B-PER	O	O	O	
girava	O	O	O	O	
per	O	O	O	O	
la	B-FAC	O	O	O	
camera	I-FAC	O	O	O	
,	O	O	O	O	
spostava	O	O	O	O	
gli	O	O	O	O	
oggettini	O	O	O	O	
sulle	O	O	O	O	
mensole	O	O	O	O	
,	O	O	O	O	
apriva	O	O	O	O	
un	O	O	O	O	
tiretto	O	O	O	O	
per	O	O	O	O	
guardarvi	O	O	O	O	
dentro	O	O	O	O	
,	O	O	O	O	
distratta	O	O	O	O	
;	O	O	O	O	
era	O	O	O	O	
chiaro	O	O	O	O	
che	O	O	O	O	
essa	O	O	O	O	
voleva	O	O	O	O	
fare	O	O	O	O	
o	O	O	O	O	
dire	O	O	O	O	
qualche	O	O	O	O	
cosa	O	O	O	O	
,	O	O	O	O	
ma	O	O	O	O	
che	O	O	O	O	
il	O	O	O	O	
contegno	O	O	O	O	
serio	O	O	O	O	
della	O	O	O	O	
sorella	B-PER	O	O	O	
maggiore	I-PER	O	O	O	
la	O	O	O	O	
metteva	O	O	O	O	
in	O	O	O	O	
soggezione	O	O	O	O	
.	O	O	O	O	

Provò	O	O	O	O	
a	O	O	O	O	
canticchiare	O	O	O	O	
un	O	O	O	O	
po	O	O	O	O	
'	O	O	O	O	
di	O	O	O	O	
canzone	O	O	O	O	
,	O	O	O	O	
disse	O	O	O	O	
un	O	O	O	O	
verso	O	O	O	O	
di	O	O	O	O	
Dall	O	O	O	O	
'	O	O	O	O	
Ongaro	O	O	O	O	
;	O	O	O	O	
Sofia	B-PER	O	O	O	
parve	O	O	O	O	
non	O	O	O	O	
aver	O	O	O	O	
inteso	O	O	O	O	
.	O	O	O	O	

Allora	O	O	O	O	
Lulù	B-PER	O	O	O	
,	O	O	O	O	
che	O	O	O	O	
non	O	O	O	O	
peccava	O	O	O	O	
di	O	O	O	O	
molta	O	O	O	O	
pazienza	O	O	O	O	
,	O	O	O	O	
si	O	O	O	O	
decise	O	O	O	O	
ad	O	O	O	O	
affrontare	O	O	O	O	
la	O	O	O	O	
questione	O	O	O	O	
,	O	O	O	O	
e	O	O	O	O	
piantandosi	O	O	O	O	
davanti	O	O	O	O	
alla	O	O	O	O	
sorella	B-PER	O	O	O	
,	O	O	O	O	
le	O	O	O	O	
chiese	O	O	O	O	
:	O	O	O	O	
--	O	O	O	O	
Sofia	B-PER	O	O	O	
,	O	O	O	O	
sai	O	O	O	O	
quello	O	O	O	O	
che	O	O	O	O	
mi	O	O	O	O	
ha	O	O	O	O	
detto	O	O	O	O	
mademoiselle	B-PER	O	O	O	
Jeannette	I-PER	O	O	O	
?	O	O	O	O	

--	O	O	O	O	
Nulla	O	O	O	O	
di	O	O	O	O	
molto	O	O	O	O	
interessante	O	O	O	O	
,	O	O	O	O	
per	O	O	O	O	
certo	O	O	O	O	
.	O	O	O	O	

--	O	O	O	O	
Ci	O	O	O	O	
siamo	O	O	O	O	
con	O	O	O	O	
una	O	O	O	O	
risposta	O	O	O	O	
secca	O	O	O	O	
e	O	O	O	O	
fredda	O	O	O	O	
,	O	O	O	O	
da	O	O	O	O	
far	O	O	O	O	
venire	O	O	O	O	
i	O	O	O	O	
brividi	O	O	O	O	
in	O	O	O	O	
estate	O	O	O	O	
!	O	O	O	O	

Dove	O	O	O	O	
prendete	O	O	O	O	
il	O	O	O	O	
vostro	O	O	O	O	
gelo	O	O	O	O	
,	O	O	O	O	
o	O	O	O	O	
mia	B-PER	O	O	O	
agghiacciata	I-PER	O	O	O	
sorella	I-PER	O	O	O	
?	O	O	O	O	

--	O	O	O	O	
Lulù	B-PER	O	O	O	
,	O	O	O	O	
sei	O	O	O	O	
una	B-PER	O	O	O	
vera	I-PER	O	O	O	
bambina	I-PER	O	O	O	
.	O	O	O	O	

--	O	O	O	O	
Ecco	O	O	O	O	
dove	O	O	O	O	
v	O	O	O	O	
'	O	O	O	O	
ingannate	O	O	O	O	
,	O	O	O	O	
bisavola	O	O	O	O	
del	O	O	O	O	
mio	O	O	O	O	
cuore	O	O	O	O	
;	O	O	O	O	
io	O	O	O	O	
non	O	O	O	O	
sono	O	O	O	O	
una	O	O	O	O	
bambina	O	O	O	O	
,	O	O	O	O	
perchè	O	O	O	O	
mi	O	O	O	O	
marito	O	O	O	O	
.	O	O	O	O	

--	O	O	O	O	
Eh	O	O	O	O	
?!	O	O	O	O	

--	O	O	O	O	
È	O	O	O	O	
appunto	O	O	O	O	
quello	O	O	O	O	
che	O	O	O	O	
mi	O	O	O	O	
ha	O	O	O	O	
detto	O	O	O	O	
Jeannette	B-PER	O	O	O	
.	O	O	O	O	

--	O	O	O	O	
Che	O	O	O	O	
imbroglio	O	O	O	O	
!	O	O	O	O	

Io	O	O	O	O	
non	O	O	O	O	
capisco	O	O	O	O	
niente	O	O	O	O	
.	O	O	O	O	

--	O	O	O	O	
Or	O	O	O	O	
ora	O	O	O	O	
,	O	O	O	O	
ti	O	O	O	O	
narrerò	O	O	O	O	
tutto	O	O	O	O	
,	O	O	O	O	
come	O	O	O	O	
si	O	O	O	O	
dice	O	O	O	O	
nei	O	O	O	O	
drammi	O	O	O	O	
.	O	O	O	O	

Ci	O	O	O	O	
sarà	O	O	O	O	
un	O	O	O	O	
racconto	O	O	O	O	
...	O	O	O	O	
ma	O	O	O	O	
Vostra	B-PER	O	O	O	
Serietà	I-PER	O	O	O	
mi	O	O	O	O	
presta	O	O	O	O	
tutta	O	O	O	O	
la	O	O	O	O	
sua	O	O	O	O	
attenzione	O	O	O	O	
?	O	O	O	O	

--	O	O	O	O	
Sì	O	O	O	O	
,	O	O	O	O	
sì	O	O	O	O	
,	O	O	O	O	
ma	O	O	O	O	
sbrigati	O	O	O	O	
.	O	O	O	O	

--	O	O	O	O	
Il	O	O	O	O	
giorno	O	O	O	O	
delle	O	O	O	O	
corse	O	O	O	O	
al	O	O	O	O	
Campo	B-FAC	O	O	O	
di	I-FAC	O	O	O	
Marte	I-FAC	O	O	O	
,	O	O	O	O	
ecco	O	O	O	O	
il	O	O	O	O	
tempo	O	O	O	O	
ed	O	O	O	O	
il	O	O	O	O	
luogo	O	O	O	O	
.	O	O	O	O	

Tu	O	O	O	O	
non	O	O	O	O	
vi	O	O	O	O	
eri	O	O	O	O	
,	O	O	O	O	
tu	O	O	O	O	
che	O	O	O	O	
preferisci	O	O	O	O	
i	O	O	O	O	
tuoi	O	O	O	O	
eterni	O	O	O	O	
libri	O	O	O	O	
...	O	O	O	O	
--	O	O	O	O	
Se	O	O	O	O	
divaghi	O	O	O	O	
sempre	O	O	O	O	
,	O	O	O	O	
non	O	O	O	O	
ti	O	O	O	O	
ascolto	O	O	O	O	
più	O	O	O	O	
.	O	O	O	O	

--	O	O	O	O	
Devi	O	O	O	O	
ascoltarmi	O	O	O	O	
;	O	O	O	O	
questo	O	O	O	O	
segreto	O	O	O	O	
mi	O	O	O	O	
soffoca	O	O	O	O	
,	O	O	O	O	
mi	O	O	O	O	
uccide	O	O	O	O	
.	O	O	O	O	

--	O	O	O	O	
Ricominci	O	O	O	O	
?	O	O	O	O	

--	O	O	O	O	
Smetto	O	O	O	O	
,	O	O	O	O	
smetto	O	O	O	O	
.	O	O	O	O	

Dunque	O	O	O	O	
alle	O	O	O	O	
corse	O	O	O	O	
stavamo	O	O	O	O	
in	O	O	O	O	
prima	O	O	O	O	
fila	O	O	O	O	
sulla	O	O	O	O	
tribuna	B-FAC	O	O	O	
:	O	O	O	O	
viene	O	O	O	O	
Paolo	B-PER	O	O	O	
Lovati	I-PER	O	O	O	
e	O	O	O	O	
ci	O	O	O	O	
presenta	O	O	O	O	
un	B-PER	O	O	O	
bel	I-PER	O	O	O	
giovane	I-PER	O	O	O	
,	I-PER	O	O	O	
Roberto	I-PER	O	O	O	
Montefranco	I-PER	O	O	O	
.	O	O	O	O	

Soliti	O	O	O	O	
saluti	O	O	O	O	
e	O	O	O	O	
complimenti	O	O	O	O	
vaghi	O	O	O	O	
,	O	O	O	O	
essi	O	O	O	O	
trovano	O	O	O	O	
dei	O	O	O	O	
posti	O	O	O	O	
e	O	O	O	O	
siedono	O	O	O	O	
alle	O	O	O	O	
nostre	O	O	O	O	
spalle	O	O	O	O	
;	O	O	O	O	
scambiamo	O	O	O	O	
qualche	O	O	O	O	
parola	O	O	O	O	
,	O	O	O	O	
sino	O	O	O	O	
a	O	O	O	O	
che	O	O	O	O	
si	O	O	O	O	
ode	O	O	O	O	
il	O	O	O	O	
segnale	O	O	O	O	
della	O	O	O	O	
partenza	O	O	O	O	
dei	O	O	O	O	
cavalli	O	O	O	O	
.	O	O	O	O	

Ti	O	O	O	O	
ricordi	O	O	O	O	
che	O	O	O	O	
io	O	O	O	O	
proteggeva	O	O	O	O	
Gorgona	O	O	O	O	
,	O	O	O	O	
senza	O	O	O	O	
prevedere	O	O	O	O	
quanto	O	O	O	O	
essa	O	O	O	O	
mi	O	O	O	O	
sarebbe	O	O	O	O	
stata	O	O	O	O	
ingrata	O	O	O	O	
...	O	O	O	O	
basta	O	O	O	O	
,	O	O	O	O	
bisognerà	O	O	O	O	
rassegnarsi	O	O	O	O	
anche	O	O	O	O	
all	O	O	O	O	
'	O	O	O	O	
ingratitudine	O	O	O	O	
delle	O	O	O	O	
bestie	O	O	O	O	
.	O	O	O	O	

Una	O	O	O	O	
nube	O	O	O	O	
di	O	O	O	O	
polvere	O	O	O	O	
fa	O	O	O	O	
scomparire	O	O	O	O	
i	O	O	O	O	
cavalli	O	O	O	O	
.	O	O	O	O	

La	O	O	O	O	
Gorgonavince	O	O	O	O	
!	O	O	O	O	

esclamo	O	O	O	O	
io	O	O	O	O	
.	O	O	O	O	

No	O	O	O	O	
,	O	O	O	O	
dice	O	O	O	O	
sorridendo	O	O	O	O	
Montefranco	B-PER	O	O	O	
,	O	O	O	O	
vince	O	O	O	O	
Lord	O	O	O	O	
Lavello	O	O	O	O	
.	O	O	O	O	

Io	O	O	O	O	
m	O	O	O	O	
'	O	O	O	O	
indispettisco	O	O	O	O	
per	O	O	O	O	
la	O	O	O	O	
contraddizione	O	O	O	O	
,	O	O	O	O	
egli	O	O	O	O	
continua	O	O	O	O	
a	O	O	O	O	
sorridere	O	O	O	O	
ed	O	O	O	O	
a	O	O	O	O	
contraddirmi	O	O	O	O	
;	O	O	O	O	
facciamo	O	O	O	O	
una	O	O	O	O	
scommessa	O	O	O	O	
,	O	O	O	O	
una	O	O	O	O	
discrezione	O	O	O	O	
.	O	O	O	O	

Infine	O	O	O	O	
dopo	O	O	O	O	
mezz	O	O	O	O	
'	O	O	O	O	
ora	O	O	O	O	
di	O	O	O	O	
palpiti	O	O	O	O	
e	O	O	O	O	
di	O	O	O	O	
ansietà	O	O	O	O	
,	O	O	O	O	
arrivo	O	O	O	O	
a	O	O	O	O	
sapere	O	O	O	O	
che	O	O	O	O	
la	O	O	O	O	
Gorgona	O	O	O	O	
è	O	O	O	O	
una	O	O	O	O	
traditrice	O	O	O	O	
,	O	O	O	O	
che	O	O	O	O	
io	O	O	O	O	
ho	O	O	O	O	
perduto	O	O	O	O	
e	O	O	O	O	
che	O	O	O	O	
Montefranco	B-PER	O	O	O	
ha	O	O	O	O	
guadagnato	O	O	O	O	
:	O	O	O	O	
figurati	O	O	O	O	
!	O	O	O	O	

Gli	O	O	O	O	
dico	O	O	O	O	
che	O	O	O	O	
voglio	O	O	O	O	
pagare	O	O	O	O	
subito	O	O	O	O	
subito	O	O	O	O	
,	O	O	O	O	
egli	O	O	O	O	
s	O	O	O	O	
'	O	O	O	O	
inchina	O	O	O	O	
e	O	O	O	O	
risponde	O	O	O	O	
che	O	O	O	O	
c	O	O	O	O	
'	O	O	O	O	
è	O	O	O	O	
tempo	O	O	O	O	
;	O	O	O	O	
lo	O	O	O	O	
incontro	O	O	O	O	
a	O	O	O	O	
Chiaja	B-FAC	O	O	O	
,	O	O	O	O	
gli	O	O	O	O	
rivolgo	O	O	O	O	
un	O	O	O	O	
'	O	O	O	O	
occhiata	O	O	O	O	
che	O	O	O	O	
è	O	O	O	O	
un	O	O	O	O	
'	O	O	O	O	
interrogazione	O	O	O	O	
;	O	O	O	O	
egli	O	O	O	O	
si	O	O	O	O	
contenta	O	O	O	O	
di	O	O	O	O	
salutare	O	O	O	O	
e	O	O	O	O	
sorridere	O	O	O	O	
in	O	O	O	O	
un	O	O	O	O	
modo	O	O	O	O	
misterioso	O	O	O	O	
.	O	O	O	O	

Così	O	O	O	O	
al	O	O	O	O	
teatro	B-FAC	O	O	O	
,	O	O	O	O	
così	O	O	O	O	
dappertutto	O	O	O	O	
;	O	O	O	O	
io	O	O	O	O	
vivo	O	O	O	O	
nella	O	O	O	O	
massima	O	O	O	O	
curiosità	O	O	O	O	
:	O	O	O	O	
Roberto	B-PER	O	O	O	
è	O	O	O	O	
bello	O	O	O	O	
,	O	O	O	O	
ha	O	O	O	O	
ventisei	O	O	O	O	
anni	O	O	O	O	
...	O	O	O	O	
e	O	O	O	O	
stamane	O	O	O	O	
il	B-PER	O	O	O	
signor	I-PER	O	O	O	
Montefranco	I-PER	O	O	O	
padre	I-PER	O	O	O	
,	I-PER	O	O	O	
mio	I-PER	O	O	O	
futuro	I-PER	O	O	O	
suocero	I-PER	O	O	O	
,	O	O	O	O	
è	O	O	O	O	
rimasto	O	O	O	O	
in	O	O	O	O	
conferenza	O	O	O	O	
due	O	O	O	O	
ore	O	O	O	O	
con	O	O	O	O	
la	B-PER	O	O	O	
mamma	I-PER	O	O	O	
!	O	O	O	O	

--	O	O	O	O	
Oh	O	O	O	O	
!	O	O	O	O	

--	O	O	O	O	
Segni	O	O	O	O	
di	O	O	O	O	
attenzione	O	O	O	O	
nel	O	O	O	O	
mio	B-PER	O	O	O	
pubblico	I-PER	O	O	O	
.	O	O	O	O	

La	O	O	O	O	
visita	O	O	O	O	
del	O	O	O	O	
papà	B-PER	O	O	O	
l	O	O	O	O	
'	O	O	O	O	
ho	O	O	O	O	
saputa	O	O	O	O	
da	O	O	O	O	
Jeannette	B-PER	O	O	O	
.	O	O	O	O	

Dunque	O	O	O	O	
il	O	O	O	O	
matrimonio	O	O	O	O	
è	O	O	O	O	
fatto	O	O	O	O	
.	O	O	O	O	

Resta	O	O	O	O	
a	O	O	O	O	
stabilirsi	O	O	O	O	
una	O	O	O	O	
cosa	O	O	O	O	
di	O	O	O	O	
grave	O	O	O	O	
momento	O	O	O	O	
:	O	O	O	O	
quando	O	O	O	O	
andrò	O	O	O	O	
dal	O	O	O	O	
Vice	B-PER	O	O	O	
-	I-PER	O	O	O	
Sindaco	I-PER	O	O	O	
,	O	O	O	O	
avrò	O	O	O	O	
un	O	O	O	O	
abito	O	O	O	O	
grigio	O	O	O	O	
o	O	O	O	O	
foglia	O	O	O	O	
morta	O	O	O	O	
?	O	O	O	O	

Porterò	O	O	O	O	
il	O	O	O	O	
cappello	O	O	O	O	
con	O	O	O	O	
le	O	O	O	O	
sciarpe	O	O	O	O	
o	O	O	O	O	
senza	O	O	O	O	
?	O	O	O	O	

--	O	O	O	O	
Come	O	O	O	O	
corri	O	O	O	O	
...	O	O	O	O	
--	O	O	O	O	
Corro	O	O	O	O	
?	O	O	O	O	

Sicuro	O	O	O	O	
:	O	O	O	O	
non	O	O	O	O	
vi	O	O	O	O	
sono	O	O	O	O	
ostacoli	O	O	O	O	
.	O	O	O	O	

Con	O	O	O	O	
Roberto	B-PER	O	O	O	
ci	O	O	O	O	
amiamo	O	O	O	O	
alla	O	O	O	O	
follia	O	O	O	O	
,	O	O	O	O	
i	B-PER	O	O	O	
nostri	I-PER	O	O	O	
degni	I-PER	O	O	O	
genitori	I-PER	O	O	O	
sono	O	O	O	O	
contenti	O	O	O	O	
...	O	O	O	O	
--	O	O	O	O	
E	O	O	O	O	
tu	O	O	O	O	
sposeresti	O	O	O	O	
un	B-PER	O	O	O	
uomo	I-PER	O	O	O	
così	O	O	O	O	
?	O	O	O	O	

--	O	O	O	O	
Che	O	O	O	O	
significa	O	O	O	O	
quel	O	O	O	O	
così	O	O	O	O	
?	O	O	O	O	

Vocabolo	O	O	O	O	
elastico	O	O	O	O	
.	O	O	O	O	

--	O	O	O	O	
Senza	O	O	O	O	
conoscerlo	O	O	O	O	
,	O	O	O	O	
senza	O	O	O	O	
amarlo	O	O	O	O	
?	O	O	O	O	

...	O	O	O	O	
--	O	O	O	O	
Ma	O	O	O	O	
io	O	O	O	O	
lo	O	O	O	O	
conosco	O	O	O	O	
,	O	O	O	O	
l	O	O	O	O	
'	O	O	O	O	
ho	O	O	O	O	
visto	O	O	O	O	
alle	O	O	O	O	
corse	O	O	O	O	
ed	O	O	O	O	
alla	O	O	O	O	
passeggiata	O	O	O	O	
!	O	O	O	O	

Io	O	O	O	O	
lo	O	O	O	O	
adoro	O	O	O	O	
!	O	O	O	O	

Ieri	O	O	O	O	
l	O	O	O	O	
'	O	O	O	O	
altro	O	O	O	O	
,	O	O	O	O	
non	O	O	O	O	
avendolo	O	O	O	O	
visto	O	O	O	O	
,	O	O	O	O	
rifiutai	O	O	O	O	
di	O	O	O	O	
far	O	O	O	O	
colazione	O	O	O	O	
e	O	O	O	O	
presi	O	O	O	O	
invece	O	O	O	O	
tre	O	O	O	O	
tazze	O	O	O	O	
di	O	O	O	O	
caffè	O	O	O	O	
,	O	O	O	O	
per	O	O	O	O	
cercar	O	O	O	O	
di	O	O	O	O	
suicidarmi	O	O	O	O	
.	O	O	O	O	

--	O	O	O	O	
E	O	O	O	O	
lui	O	O	O	O	
?	O	O	O	O	

--	O	O	O	O	
Mi	O	O	O	O	
sposa	O	O	O	O	
,	O	O	O	O	
dunque	O	O	O	O	
mi	O	O	O	O	
ama	O	O	O	O	
!	O	O	O	O	

--	O	O	O	O	
replicò	O	O	O	O	
vittoriosamente	O	O	O	O	
Lulù	B-PER	O	O	O	
.	O	O	O	O	

Ma	O	O	O	O	
vedendo	O	O	O	O	
il	O	O	O	O	
volto	O	O	O	O	
di	O	O	O	O	
Sofia	B-PER	O	O	O	
scolorirsi	O	O	O	O	
,	O	O	O	O	
si	O	O	O	O	
pentì	O	O	O	O	
di	O	O	O	O	
quella	O	O	O	O	
frase	O	O	O	O	
imprudente	O	O	O	O	
e	O	O	O	O	
curvandosi	O	O	O	O	
verso	O	O	O	O	
di	O	O	O	O	
lei	O	O	O	O	
,	O	O	O	O	
le	O	O	O	O	
chiese	O	O	O	O	
con	O	O	O	O	
affetto	O	O	O	O	
:	O	O	O	O	
--	O	O	O	O	
Ho	O	O	O	O	
detto	O	O	O	O	
qualche	O	O	O	O	
cattiveria	O	O	O	O	
?	O	O	O	O	

--	O	O	O	O	
No	O	O	O	O	
,	O	O	O	O	
cara	B-PER	O	O	O	
,	O	O	O	O	
no	O	O	O	O	
;	O	O	O	O	
hai	O	O	O	O	
ragione	O	O	O	O	
.	O	O	O	O	

Chi	O	O	O	O	
ama	O	O	O	O	
,	O	O	O	O	
sposa	O	O	O	O	
.	O	O	O	O	

Il	O	O	O	O	
difficile	O	O	O	O	
è	O	O	O	O	
farsi	O	O	O	O	
amare	O	O	O	O	
--	O	O	O	O	
e	O	O	O	O	
sospirò	O	O	O	O	
lievemente	O	O	O	O	
.	O	O	O	O	

--	O	O	O	O	
Farsi	O	O	O	O	
amare	O	O	O	O	
,	O	O	O	O	
farsi	O	O	O	O	
amare	O	O	O	O	
!	O	O	O	O	

--	O	O	O	O	
ripetè	O	O	O	O	
irritata	O	O	O	O	
Lulù	B-PER	O	O	O	
.	O	O	O	O	

--	O	O	O	O	
È	O	O	O	O	
facilissimo	O	O	O	O	
,	O	O	O	O	
Sofia	B-PER	O	O	O	
;	O	O	O	O	
ma	O	O	O	O	
quando	O	O	O	O	
,	O	O	O	O	
come	O	O	O	O	
te	O	O	O	O	
,	O	O	O	O	
si	O	O	O	O	
ha	O	O	O	O	
la	O	O	O	O	
fronte	O	O	O	O	
severa	O	O	O	O	
,	O	O	O	O	
gli	O	O	O	O	
occhi	O	O	O	O	
tristi	O	O	O	O	
e	O	O	O	O	
la	O	O	O	O	
bocca	O	O	O	O	
senza	O	O	O	O	
sorrisi	O	O	O	O	
;	O	O	O	O	
quando	O	O	O	O	
si	O	O	O	O	
vestono	O	O	O	O	
abiti	O	O	O	O	
oscuri	O	O	O	O	
;	O	O	O	O	
quando	O	O	O	O	
si	O	O	O	O	
va	O	O	O	O	
in	O	O	O	O	
un	O	O	O	O	
angolo	O	O	O	O	
a	O	O	O	O	
pensare	O	O	O	O	
,	O	O	O	O	
mentre	O	O	O	O	
tutti	B-PER	O	O	O	
gli	I-PER	O	O	O	
altri	I-PER	O	O	O	
ballano	O	O	O	O	
e	O	O	O	O	
scherzano	O	O	O	O	
;	O	O	O	O	
quando	O	O	O	O	
invece	O	O	O	O	
di	O	O	O	O	
ridere	O	O	O	O	
si	O	O	O	O	
legge	O	O	O	O	
,	O	O	O	O	
ed	O	O	O	O	
invece	O	O	O	O	
di	O	O	O	O	
vivere	O	O	O	O	
si	O	O	O	O	
sogna	O	O	O	O	
;	O	O	O	O	
quando	O	O	O	O	
,	O	O	O	O	
giovane	O	O	O	O	
ancora	O	O	O	O	
,	O	O	O	O	
si	O	O	O	O	
ha	O	O	O	O	
l	O	O	O	O	
'	O	O	O	O	
aria	O	O	O	O	
stanca	O	O	O	O	
e	O	O	O	O	
vecchia	O	O	O	O	
,	O	O	O	O	
allora	O	O	O	O	
è	O	O	O	O	
difficile	O	O	O	O	
esser	O	O	O	O	
amata	O	O	O	O	
.	O	O	O	O	

Sofia	B-PER	O	O	O	
abbassò	O	O	O	O	
il	O	O	O	O	
capo	O	O	O	O	
,	O	O	O	O	
e	O	O	O	O	
non	O	O	O	O	
rispose	O	O	O	O	
.	O	O	O	O	

Le	O	O	O	O	
tremavano	O	O	O	O	
un	O	O	O	O	
poco	O	O	O	O	
le	O	O	O	O	
labbra	O	O	O	O	
come	O	O	O	O	
se	O	O	O	O	
comprimesse	O	O	O	O	
un	O	O	O	O	
singhiozzo	O	O	O	O	
.	O	O	O	O	

--	O	O	O	O	
Ti	O	O	O	O	
ho	O	O	O	O	
afflitta	O	O	O	O	
di	O	O	O	O	
nuovo	O	O	O	O	
?	O	O	O	O	

--	O	O	O	O	
domandò	O	O	O	O	
Lulù	B-PER	O	O	O	
.	O	O	O	O	

--	O	O	O	O	
Gli	O	O	O	O	
è	O	O	O	O	
che	O	O	O	O	
vorrei	O	O	O	O	
vederti	O	O	O	O	
amata	O	O	O	O	
,	O	O	O	O	
circondata	O	O	O	O	
di	O	O	O	O	
affetto	O	O	O	O	
,	O	O	O	O	
e	O	O	O	O	
sposa	B-PER	O	O	O	
...	O	O	O	O	
Che	O	O	O	O	
piacere	O	O	O	O	
se	O	O	O	O	
fossimo	O	O	O	O	
spose	B-PER	O	O	O	
lo	O	O	O	O	
stesso	O	O	O	O	
giorno	O	O	O	O	
!	O	O	O	O	

--	O	O	O	O	
Follie	O	O	O	O	
queste	O	O	O	O	
:	O	O	O	O	
io	O	O	O	O	
resterò	O	O	O	O	
zitella	B-PER	O	O	O	
.	O	O	O	O	

--	O	O	O	O	
Nossignora	O	O	O	O	
,	O	O	O	O	
ve	O	O	O	O	
lo	O	O	O	O	
proibisco	O	O	O	O	
,	O	O	O	O	
cattiva	B-PER	O	O	O	
creatura	I-PER	O	O	O	
.	O	O	O	O	

Se	O	O	O	O	
Roberto	B-PER	O	O	O	
è	O	O	O	O	
un	O	O	O	O	
galantuomo	O	O	O	O	
,	O	O	O	O	
deve	O	O	O	O	
avere	O	O	O	O	
assolutamente	O	O	O	O	
un	B-PER	O	O	O	
fratello	I-PER	O	O	O	
celibe	I-PER	O	O	O	
;	O	O	O	O	
io	O	O	O	O	
voglio	O	O	O	O	
che	O	O	O	O	
abbia	O	O	O	O	
un	B-PER	O	O	O	
fratello	I-PER	O	O	O	
celibe	I-PER	O	O	O	
;	O	O	O	O	
lo	O	O	O	O	
voglio	O	O	O	O	
!	O	O	O	O	

In	O	O	O	O	
questa	O	O	O	O	
entrò	O	O	O	O	
la	B-PER	O	O	O	
madre	I-PER	O	O	O	
,	O	O	O	O	
in	O	O	O	O	
abito	O	O	O	O	
da	O	O	O	O	
uscire	O	O	O	O	
.	O	O	O	O	

--	O	O	O	O	
Vai	O	O	O	O	
fuori	O	O	O	O	
,	O	O	O	O	
mamma	B-PER	O	O	O	
?	O	O	O	O	

--	O	O	O	O	
disse	O	O	O	O	
Lulù	B-PER	O	O	O	
.	O	O	O	O	

--	O	O	O	O	
Sì	O	O	O	O	
,	O	O	O	O	
cara	B-PER	O	O	O	
,	O	O	O	O	
vado	O	O	O	O	
dal	O	O	O	O	
notaio	B-PER	O	O	O	
.	O	O	O	O	

--	O	O	O	O	
Uh	O	O	O	O	
!	O	O	O	O	

dal	O	O	O	O	
notaio	B-PER	O	O	O	
!	O	O	O	O	

Roba	O	O	O	O	
grave	O	O	O	O	
è	O	O	O	O	
questa	O	O	O	O	
.	O	O	O	O	

--	O	O	O	O	
Ve	O	O	O	O	
ne	O	O	O	O	
accorgerete	O	O	O	O	
,	O	O	O	O	
signora	B-PER	O	O	O	
burlona	I-PER	O	O	O	
.	O	O	O	O	

Sofia	B-PER	O	O	O	
,	O	O	O	O	
vieni	O	O	O	O	
un	O	O	O	O	
istante	O	O	O	O	
meco	O	O	O	O	
.	O	O	O	O	

--	O	O	O	O	
Anche	O	O	O	O	
Sofia	B-PER	O	O	O	
ha	O	O	O	O	
degli	O	O	O	O	
affari	O	O	O	O	
tenebrosi	O	O	O	O	
col	O	O	O	O	
notaio	B-PER	O	O	O	
?	O	O	O	O	

--	O	O	O	O	
Lulù	B-PER	O	O	O	
,	O	O	O	O	
quando	O	O	O	O	
ti	O	O	O	O	
deciderai	O	O	O	O	
ad	O	O	O	O	
essere	O	O	O	O	
seria	O	O	O	O	
?	O	O	O	O	

--	O	O	O	O	
A	O	O	O	O	
momenti	O	O	O	O	
,	O	O	O	O	
mamma	B-PER	O	O	O	
;	O	O	O	O	
vedrai	O	O	O	O	
.	O	O	O	O	

Schiuse	O	O	O	O	
la	O	O	O	O	
porta	O	O	O	O	
,	O	O	O	O	
ed	O	O	O	O	
al	O	O	O	O	
passaggio	O	O	O	O	
della	O	O	O	O	
madre	B-PER	O	O	O	
e	O	O	O	O	
della	O	O	O	O	
sorella	B-PER	O	O	O	
,	O	O	O	O	
fece	O	O	O	O	
due	O	O	O	O	
profonde	O	O	O	O	
riverenze	O	O	O	O	
,	O	O	O	O	
mormorando	O	O	O	O	
:	O	O	O	O	
--	O	O	O	O	
Signora	B-PER	O	O	O	
,	O	O	O	O	
signorina	B-PER	O	O	O	
...	O	O	O	O	
Quando	O	O	O	O	
furono	O	O	O	O	
fuori	O	O	O	O	
,	O	O	O	O	
dalla	O	O	O	O	
soglia	O	O	O	O	
gridò	O	O	O	O	
loro	O	O	O	O	
,	O	O	O	O	
scoppiando	O	O	O	O	
in	O	O	O	O	
risate	O	O	O	O	
:	O	O	O	O	
--	O	O	O	O	
Parlate	O	O	O	O	
,	O	O	O	O	
parlate	O	O	O	O	
pure	O	O	O	O	
:	O	O	O	O	
io	O	O	O	O	
farò	O	O	O	O	
le	O	O	O	O	
viste	O	O	O	O	
di	O	O	O	O	
non	O	O	O	O	
saperne	O	O	O	O	
nulla	O	O	O	O	
!	O	O	O	O	

II	O	O	O	O	
.	O	O	O	O	

Roberto	B-PER	O	O	O	
Montefranco	I-PER	O	O	O	
,	O	O	O	O	
per	O	O	O	O	
solito	O	O	O	O	
,	O	O	O	O	
non	O	O	O	O	
pensava	O	O	O	O	
molto	O	O	O	O	
:	O	O	O	O	
non	O	O	O	O	
ne	O	O	O	O	
aveva	O	O	O	O	
il	O	O	O	O	
tempo	O	O	O	O	
.	O	O	O	O	

La	O	O	O	O	
giornata	O	O	O	O	
gli	O	O	O	O	
fuggiva	O	O	O	O	
fra	O	O	O	O	
la	O	O	O	O	
colazione	O	O	O	O	
,	O	O	O	O	
la	O	O	O	O	
passeggiata	O	O	O	O	
a	O	O	O	O	
cavallo	O	O	O	O	
,	O	O	O	O	
le	O	O	O	O	
visite	O	O	O	O	
ed	O	O	O	O	
il	O	O	O	O	
pranzo	O	O	O	O	
;	O	O	O	O	
la	O	O	O	O	
sera	O	O	O	O	
scorreva	O	O	O	O	
dolcissima	O	O	O	O	
presso	O	O	O	O	
Lulù	B-PER	O	O	O	
,	I-PER	O	O	O	
la	I-PER	O	O	O	
sua	I-PER	O	O	O	
fidanzata	I-PER	O	O	O	
.	O	O	O	O	

Poi	O	O	O	O	
ci	O	O	O	O	
erano	O	O	O	O	
gli	O	O	O	O	
affari	O	O	O	O	
spiccioli	O	O	O	O	
da	O	O	O	O	
sbrigare	O	O	O	O	
,	O	O	O	O	
qualche	O	O	O	O	
appuntamento	O	O	O	O	
con	O	O	O	O	
l	B-PER	O	O	O	
'	I-PER	O	O	O	
avvocato	I-PER	O	O	O	
,	O	O	O	O	
qualche	O	O	O	O	
contratto	O	O	O	O	
da	O	O	O	O	
firmare	O	O	O	O	
,	O	O	O	O	
qualche	O	O	O	O	
debituccio	O	O	O	O	
vecchio	O	O	O	O	
da	O	O	O	O	
soddisfare	O	O	O	O	
;	O	O	O	O	
aggiungete	O	O	O	O	
i	O	O	O	O	
preparativi	O	O	O	O	
della	O	O	O	O	
casa	B-FAC	O	O	O	
e	O	O	O	O	
del	O	O	O	O	
viaggio	O	O	O	O	
nuziale	O	O	O	O	
.	O	O	O	O	

Appena	O	O	O	O	
appena	O	O	O	O	
se	O	O	O	O	
gli	O	O	O	O	
rimaneva	O	O	O	O	
una	O	O	O	O	
mezz	O	O	O	O	
'	O	O	O	O	
ora	O	O	O	O	
per	O	O	O	O	
leggere	O	O	O	O	
e	O	O	O	O	
un	O	O	O	O	
quarto	O	O	O	O	
d	O	O	O	O	
'	O	O	O	O	
ora	O	O	O	O	
per	O	O	O	O	
isprecarlo	O	O	O	O	
alla	O	O	O	O	
porta	O	O	O	O	
del	O	O	O	O	
caffè	O	O	O	O	
.	O	O	O	O	

Così	O	O	O	O	
non	O	O	O	O	
lo	O	O	O	O	
si	O	O	O	O	
vedeva	O	O	O	O	
mai	O	O	O	O	
assorto	O	O	O	O	
in	O	O	O	O	
riflessioni	O	O	O	O	
profonde	O	O	O	O	
,	O	O	O	O	
nè	O	O	O	O	
si	O	O	O	O	
sapeva	O	O	O	O	
che	O	O	O	O	
egli	O	O	O	O	
si	O	O	O	O	
fosse	O	O	O	O	
mai	O	O	O	O	
occupato	O	O	O	O	
a	O	O	O	O	
risolvere	O	O	O	O	
qualche	O	O	O	O	
problema	O	O	O	O	
sociale	O	O	O	O	
:	O	O	O	O	
perchè	O	O	O	O	
,	O	O	O	O	
del	O	O	O	O	
resto	O	O	O	O	
,	O	O	O	O	
Roberto	B-PER	O	O	O	
non	O	O	O	O	
aveva	O	O	O	O	
nulla	O	O	O	O	
di	O	O	O	O	
tragico	O	O	O	O	
o	O	O	O	O	
di	O	O	O	O	
eroico	O	O	O	O	
nel	O	O	O	O	
carattere	O	O	O	O	
.	O	O	O	O	

Anzi	O	O	O	O	
godeva	O	O	O	O	
di	O	O	O	O	
una	O	O	O	O	
serenità	O	O	O	O	
di	O	O	O	O	
spirito	O	O	O	O	
invidiatagli	O	O	O	O	
da	O	O	O	O	
molti	B-PER	O	O	O	
.	O	O	O	O	

Quel	O	O	O	O	
giorno	O	O	O	O	
--	O	O	O	O	
un	O	O	O	O	
giorno	O	O	O	O	
qualunque	O	O	O	O	
,	O	O	O	O	
di	O	O	O	O	
dopopranzo	O	O	O	O	
--	O	O	O	O	
si	O	O	O	O	
era	O	O	O	O	
disteso	O	O	O	O	
sulla	O	O	O	O	
poltrona	O	O	O	O	
,	O	O	O	O	
una	O	O	O	O	
gamba	O	O	O	O	
a	O	O	O	O	
cavalcioni	O	O	O	O	
dell	O	O	O	O	
'	O	O	O	O	
altra	O	O	O	O	
,	O	O	O	O	
lo	O	O	O	O	
stuzzicadenti	O	O	O	O	
in	O	O	O	O	
bocca	O	O	O	O	
,	O	O	O	O	
ed	O	O	O	O	
un	O	O	O	O	
volume	O	O	O	O	
delle	O	O	O	O	
edizioni	O	O	O	O	
Treves	O	O	O	O	
in	O	O	O	O	
mano	O	O	O	O	
,	O	O	O	O	
con	O	O	O	O	
la	O	O	O	O	
determinazione	O	O	O	O	
netta	O	O	O	O	
di	O	O	O	O	
leggere	O	O	O	O	
.	O	O	O	O	

Il	O	O	O	O	
libro	O	O	O	O	
era	O	O	O	O	
interessante	O	O	O	O	
;	O	O	O	O	
ma	O	O	O	O	
,	O	O	O	O	
caso	O	O	O	O	
nuovo	O	O	O	O	
e	O	O	O	O	
strano	O	O	O	O	
,	O	O	O	O	
il	B-PER	O	O	O	
lettore	I-PER	O	O	O	
era	O	O	O	O	
molto	O	O	O	O	
distratto	O	O	O	O	
;	O	O	O	O	
dirò	O	O	O	O	
di	O	O	O	O	
più	O	O	O	O	
,	O	O	O	O	
era	O	O	O	O	
nervoso	O	O	O	O	
ed	O	O	O	O	
inquieto	O	O	O	O	
.	O	O	O	O	

Non	O	O	O	O	
voltava	O	O	O	O	
mai	O	O	O	O	
il	O	O	O	O	
foglio	O	O	O	O	
perchè	O	O	O	O	
dopo	O	O	O	O	
un	O	O	O	O	
paio	O	O	O	O	
di	O	O	O	O	
versi	O	O	O	O	
,	O	O	O	O	
le	O	O	O	O	
lettere	O	O	O	O	
uscivano	O	O	O	O	
di	O	O	O	O	
posto	O	O	O	O	
,	O	O	O	O	
saltavano	O	O	O	O	
,	O	O	O	O	
si	O	O	O	O	
confondevano	O	O	O	O	
,	O	O	O	O	
scomparivano	O	O	O	O	
.	O	O	O	O	

Roberto	B-PER	O	O	O	
,	O	O	O	O	
senza	O	O	O	O	
sua	O	O	O	O	
voglia	O	O	O	O	
,	O	O	O	O	
partiva	O	O	O	O	
per	O	O	O	O	
le	O	O	O	O	
incognite	O	O	O	O	
regioni	O	O	O	O	
del	O	O	O	O	
pensiero	O	O	O	O	
.....	O	O	O	O	

Papà	B-PER	O	O	O	
è	O	O	O	O	
soddisfatto	O	O	O	O	
,	O	O	O	O	
le	B-PER	O	O	O	
zie	I-PER	O	O	O	
mi	O	O	O	O	
mandano	O	O	O	O	
la	O	O	O	O	
loro	O	O	O	O	
santa	O	O	O	O	
benedizione	O	O	O	O	
,	O	O	O	O	
le	B-PER	O	O	O	
cuginette	I-PER	O	O	O	
sono	O	O	O	O	
in	O	O	O	O	
collera	O	O	O	O	
,	O	O	O	O	
gli	O	B-PER	O	O	
amici	O	I-PER	O	O	
del	O	I-PER	O	O	
caffè	B-FAC	I-PER	O	O	
si	O	O	O	O	
congratulano	O	O	O	O	
ironicamente	O	O	O	O	
,	O	O	O	O	
gli	B-PER	O	O	O	
amici	I-PER	O	O	O	
serii	I-PER	O	O	O	
mi	O	O	O	O	
stringono	O	O	O	O	
la	O	O	O	O	
mano	O	O	O	O	
--	O	O	O	O	
dunque	O	O	O	O	
fo	O	O	O	O	
bene	O	O	O	O	
ad	O	O	O	O	
ammogliarmi	O	O	O	O	
.	O	O	O	O	

Non	O	O	O	O	
si	O	O	O	O	
può	O	O	O	O	
negare	O	O	O	O	
che	O	O	O	O	
Lulù	B-PER	O	O	O	
sia	O	O	O	O	
molto	O	O	O	O	
graziosa	O	O	O	O	
;	O	O	O	O	
quando	O	O	O	O	
mi	O	O	O	O	
fissa	O	O	O	O	
con	O	O	O	O	
quegli	O	O	O	O	
occhietti	O	O	O	O	
pieni	O	O	O	O	
di	O	O	O	O	
malizia	O	O	O	O	
,	O	O	O	O	
quando	O	O	O	O	
scoppia	O	O	O	O	
a	O	O	O	O	
ridere	O	O	O	O	
mostrando	O	O	O	O	
i	O	O	O	O	
dentini	O	O	O	O	
bianchi	O	O	O	O	
,	O	O	O	O	
mi	O	O	O	O	
vien	O	O	O	O	
la	O	O	O	O	
voglia	O	O	O	O	
di	O	O	O	O	
stringere	O	O	O	O	
fra	O	O	O	O	
le	O	O	O	O	
mani	O	O	O	O	
quella	O	O	O	O	
testina	O	O	O	O	
leggiadra	O	O	O	O	
e	O	O	O	O	
di	O	O	O	O	
darle	O	O	O	O	
tanti	O	O	O	O	
e	O	O	O	O	
tanti	O	O	O	O	
di	O	O	O	O	
quei	O	O	O	O	
baci	O	O	O	O	
!	O	O	O	O	

È	O	O	O	O	
anche	O	O	O	O	
un	O	O	O	O	
bel	O	O	O	O	
carattere	O	O	O	O	
,	O	O	O	O	
un	O	O	O	O	
carattere	O	O	O	O	
d	O	O	O	O	
'	O	O	O	O	
oro	O	O	O	O	
:	O	O	O	O	
sempre	O	O	O	O	
ilare	O	O	O	O	
,	O	O	O	O	
sempre	O	O	O	O	
di	O	O	O	O	
buon	O	O	O	O	
umore	O	O	O	O	
pronta	O	O	O	O	
allo	O	O	O	O	
scherzo	O	O	O	O	
,	O	O	O	O	
piena	O	O	O	O	
di	O	O	O	O	
spirito	O	O	O	O	
,	O	O	O	O	
punto	O	O	O	O	
schizzinosa	O	O	O	O	
,	O	O	O	O	
malinconica	O	O	O	O	
mai	O	O	O	O	
.	O	O	O	O	

Andremo	O	O	O	O	
d	O	O	O	O	
'	O	O	O	O	
accordo	O	O	O	O	
;	O	O	O	O	
io	O	O	O	O	
non	O	O	O	O	
posso	O	O	O	O	
soffrire	O	O	O	O	
le	O	O	O	O	
fronti	O	O	O	O	
pensierose	O	O	O	O	
,	O	O	O	O	
massime	O	O	O	O	
nelle	O	O	O	O	
persone	B-PER	O	O	O	
che	O	O	O	O	
amo	O	O	O	O	
:	O	O	O	O	
mi	O	O	O	O	
sembra	O	O	O	O	
che	O	O	O	O	
celino	O	O	O	O	
sempre	O	O	O	O	
un	O	O	O	O	
segreto	O	O	O	O	
dolore	O	O	O	O	
,	O	O	O	O	
un	O	O	O	O	
dolore	O	O	O	O	
che	O	O	O	O	
non	O	O	O	O	
conosco	O	O	O	O	
e	O	O	O	O	
che	O	O	O	O	
non	O	O	O	O	
posso	O	O	O	O	
lenire	O	O	O	O	
,	O	O	O	O	
o	O	O	O	O	
di	O	O	O	O	
cui	O	O	O	O	
forse	O	O	O	O	
sono	O	O	O	O	
la	O	O	O	O	
causa	O	O	O	O	
involontaria	O	O	O	O	
.	O	O	O	O	

Ad	O	O	O	O	
esempio	O	O	O	O	
,	O	O	O	O	
Sofia	B-PER	O	O	O	
,	I-PER	O	O	O	
la	I-PER	O	O	O	
mia	I-PER	O	O	O	
futura	I-PER	O	O	O	
cognata	I-PER	O	O	O	
,	O	O	O	O	
ha	O	O	O	O	
la	O	O	O	O	
virtù	O	O	O	O	
di	O	O	O	O	
irritarmi	O	O	O	O	
con	O	O	O	O	
quel	O	O	O	O	
suo	O	O	O	O	
volto	O	O	O	O	
freddo	O	O	O	O	
ed	O	O	O	O	
impassibile	O	O	O	O	
;	O	O	O	O	
quando	O	O	O	O	
lei	O	O	O	O	
compare	O	O	O	O	
,	O	O	O	O	
l	O	O	O	O	
'	O	O	O	O	
anima	O	O	O	O	
mi	O	O	O	O	
si	O	O	O	O	
chiude	O	O	O	O	
,	O	O	O	O	
muore	O	O	O	O	
il	O	O	O	O	
sorriso	O	O	O	O	
sulle	O	O	O	O	
labbra	O	O	O	O	
e	O	O	O	O	
,	O	O	O	O	
rilucesse	O	O	O	O	
il	B-LOC	O	O	O	
più	I-LOC	O	O	O	
bel	I-LOC	O	O	O	
sole	I-LOC	O	O	O	
di	I-LOC	O	O	O	
primavera	I-LOC	O	O	O	
,	O	O	O	O	
mi	O	O	O	O	
pare	O	O	O	O	
di	O	O	O	O	
essere	O	O	O	O	
in	O	O	O	O	
una	O	O	O	O	
oscura	O	O	O	O	
e	O	O	O	O	
grigia	O	O	O	O	
giornata	O	O	O	O	
di	O	O	O	O	
novembre	O	O	O	O	
.	O	O	O	O	

Non	O	O	O	O	
ho	O	O	O	O	
nemmeno	O	O	O	O	
più	O	O	O	O	
il	O	O	O	O	
coraggio	O	O	O	O	
di	O	O	O	O	
scherzare	O	O	O	O	
con	O	O	O	O	
Lulù	B-PER	O	O	O	
;	O	O	O	O	
quella	B-PER	O	O	O	
Sofia	I-PER	O	O	O	
disperde	O	O	O	O	
la	O	O	O	O	
gioia	O	O	O	O	
.	O	O	O	O	

Ella	O	O	O	O	
forse	O	O	O	O	
si	O	O	O	O	
è	O	O	O	O	
accorta	O	O	O	O	
della	O	O	O	O	
cattiva	O	O	O	O	
impressione	O	O	O	O	
che	O	O	O	O	
mi	O	O	O	O	
fa	O	O	O	O	
,	O	O	O	O	
perchè	O	O	O	O	
mi	O	O	O	O	
saluta	O	O	O	O	
senza	O	O	O	O	
guardarmi	O	O	O	O	
,	O	O	O	O	
non	O	O	O	O	
mi	O	O	O	O	
dà	O	O	O	O	
la	O	O	O	O	
mano	O	O	O	O	
,	O	O	O	O	
mi	O	O	O	O	
risponde	O	O	O	O	
con	O	O	O	O	
brevissime	O	O	O	O	
frasi	O	O	O	O	
;	O	O	O	O	
di	O	O	O	O	
sicuro	O	O	O	O	
si	O	O	O	O	
è	O	O	O	O	
accorta	O	O	O	O	
della	O	O	O	O	
mia	O	O	O	O	
antipatia	O	O	O	O	
.	O	O	O	O	

Forse	O	O	O	O	
se	O	O	O	O	
ne	O	O	O	O	
dispiace	O	O	O	O	
...	O	O	O	O	
.	O	O	O	O	

Lulù	B-PER	O	O	O	
ride	O	O	O	O	
sempre	O	O	O	O	
.	O	O	O	O	

È	O	O	O	O	
molto	O	O	O	O	
giovane	O	O	O	O	
.	O	O	O	O	

Non	O	O	O	O	
mi	O	O	O	O	
rivolge	O	O	O	O	
mai	O	O	O	O	
una	O	O	O	O	
parola	O	O	O	O	
sul	O	O	O	O	
serio	O	O	O	O	
,	O	O	O	O	
ed	O	O	O	O	
anche	O	O	O	O	
quando	O	O	O	O	
vuol	O	O	O	O	
farlo	O	O	O	O	
,	O	O	O	O	
non	O	O	O	O	
ci	O	O	O	O	
riesce	O	O	O	O	
e	O	O	O	O	
sembra	O	O	O	O	
che	O	O	O	O	
voglia	O	O	O	O	
burlare	O	O	O	O	
.	O	O	O	O	

Dice	O	O	O	O	
di	O	O	O	O	
amarmi	O	O	O	O	
,	O	O	O	O	
poi	O	O	O	O	
si	O	O	O	O	
mette	O	O	O	O	
a	O	O	O	O	
ridere	O	O	O	O	
e	O	O	O	O	
parla	O	O	O	O	
di	O	O	O	O	
altro	O	O	O	O	
.	O	O	O	O	

Mi	O	O	O	O	
vuol	O	O	O	O	
del	O	O	O	O	
bene	O	O	O	O	
,	O	O	O	O	
ma	O	O	O	O	
non	O	O	O	O	
è	O	O	O	O	
un	O	O	O	O	
amore	O	O	O	O	
disperato	O	O	O	O	
.	O	O	O	O	

In	O	O	O	O	
coscienza	O	O	O	O	
,	O	O	O	O	
neppure	O	O	O	O	
io	O	O	O	O	
ci	O	O	O	O	
spasimo	O	O	O	O	
...	O	O	O	O	
meglio	O	O	O	O	
così	O	O	O	O	
.	O	O	O	O	

Per	O	O	O	O	
me	O	O	O	O	
,	O	O	O	O	
ho	O	O	O	O	
due	O	O	O	O	
teorie	O	O	O	O	
chiare	O	O	O	O	
,	O	O	O	O	
stabilite	O	O	O	O	
nella	O	O	O	O	
mente	O	O	O	O	
:	O	O	O	O	
primo	O	O	O	O	
,	O	O	O	O	
bisogna	O	O	O	O	
che	O	O	O	O	
i	B-PER	O	O	O	
due	I-PER	O	O	O	
fidanzati	I-PER	O	O	O	
siano	O	O	O	O	
dello	O	O	O	O	
stesso	O	O	O	O	
carattere	O	O	O	O	
;	O	O	O	O	
secondo	O	O	O	O	
,	O	O	O	O	
non	O	O	O	O	
si	O	O	O	O	
deve	O	O	O	O	
mai	O	O	O	O	
cominciare	O	O	O	O	
con	O	O	O	O	
una	O	O	O	O	
forte	O	O	O	O	
passione	O	O	O	O	
.	O	O	O	O	

Siamo	O	O	O	O	
nel	O	O	O	O	
caso	O	O	O	O	
con	O	O	O	O	
Lulù	B-PER	O	O	O	
;	O	O	O	O	
saremo	O	O	O	O	
felicissimi	O	O	O	O	
.	O	O	O	O	

Andremo	O	O	O	O	
a	O	O	O	O	
fare	O	O	O	O	
un	O	O	O	O	
viaggio	O	O	O	O	
per	O	O	O	O	
l	B-GPE	O	O	O	
'	I-GPE	O	O	O	
Italia	I-GPE	O	O	O	
,	O	O	O	O	
ma	O	O	O	O	
senza	O	O	O	O	
correre	O	O	O	O	
,	O	O	O	O	
senza	O	O	O	O	
affannarci	O	O	O	O	
,	O	O	O	O	
a	O	O	O	O	
piccole	O	O	O	O	
giornate	O	O	O	O	
,	O	O	O	O	
godendo	O	O	O	O	
di	O	O	O	O	
tutti	O	O	O	O	
i	O	O	O	O	
comodi	O	O	O	O	
,	O	O	O	O	
trattenendoci	O	O	O	O	
dove	O	O	O	O	
più	O	O	O	O	
ci	O	O	O	O	
piace	O	O	O	O	
,	O	O	O	O	
osservando	O	O	O	O	
anche	O	O	O	O	
le	O	O	O	O	
più	O	O	O	O	
piccole	O	O	O	O	
cose	O	O	O	O	
.	O	O	O	O	

Ci	O	O	O	O	
vorranno	O	O	O	O	
almeno	O	O	O	O	
tre	O	O	O	O	
mesi	O	O	O	O	
...	O	O	O	O	
no	O	O	O	O	
,	O	O	O	O	
non	O	O	O	O	
bastano	O	O	O	O	
...	O	O	O	O	
mettiamo	O	O	O	O	
anche	O	O	O	O	
quattro	O	O	O	O	
:	O	O	O	O	
ho	O	O	O	O	
anche	O	O	O	O	
piacere	O	O	O	O	
di	O	O	O	O	
sottrarre	O	O	O	O	
me	O	O	O	O	
e	O	O	O	O	
Lulù	B-PER	O	O	O	
,	O	O	O	O	
per	O	O	O	O	
un	O	O	O	O	
certo	O	O	O	O	
tempo	O	O	O	O	
,	O	O	O	O	
alla	O	O	O	O	
triste	B-PER	O	O	O	
compagnia	I-PER	O	O	O	
di	I-PER	O	O	O	
Sofia	I-PER	O	O	O	
.	O	O	O	O	

Ma	O	O	O	O	
,	O	O	O	O	
domando	O	O	O	O	
io	O	O	O	O	
,	O	O	O	O	
è	O	O	O	O	
naturale	O	O	O	O	
che	O	O	O	O	
alla	O	O	O	O	
sua	O	O	O	O	
età	O	O	O	O	
quella	B-PER	O	O	O	
fanciulla	I-PER	O	O	O	
debba	O	O	O	O	
essere	O	O	O	O	
così	O	O	O	O	
seria	O	O	O	O	
?	O	O	O	O	

Avrà	O	O	O	O	
ventitrè	O	O	O	O	
anni	O	O	O	O	
...	O	O	O	O	
non	O	O	O	O	
è	O	O	O	O	
brutta	O	O	O	O	
,	O	O	O	O	
credo	O	O	O	O	
.	O	O	O	O	

Anzi	O	O	O	O	
ha	O	O	O	O	
occhi	O	O	O	O	
bellissimi	O	O	O	O	
ed	O	O	O	O	
un	O	O	O	O	
portamento	O	O	O	O	
da	O	O	O	O	
regina	B-PER	O	O	O	
.	O	O	O	O	

--	O	O	O	O	
Se	O	O	O	O	
non	O	O	O	O	
fosse	O	O	O	O	
così	O	O	O	O	
severa	O	O	O	O	
,	O	O	O	O	
potrebbe	O	O	O	O	
piacere	O	O	O	O	
.	O	O	O	O	

Prevedo	O	O	O	O	
che	O	O	O	O	
rimarrà	O	O	O	O	
zitella	B-PER	O	O	O	
:	O	O	O	O	
forse	O	O	O	O	
questo	O	O	O	O	
è	O	O	O	O	
il	O	O	O	O	
suo	O	O	O	O	
cruccio	O	O	O	O	
,	O	O	O	O	
forse	O	O	O	O	
un	O	O	O	O	
amore	O	O	O	O	
...	O	O	O	O	
qualche	O	O	O	O	
tradimento	O	O	O	O	
...	O	O	O	O	
sarei	O	O	O	O	
tanto	O	O	O	O	
curioso	O	O	O	O	
di	O	O	O	O	
sapere	O	O	O	O	
la	O	O	O	O	
causa	O	O	O	O	
della	O	O	O	O	
sua	O	O	O	O	
tristezza	O	O	O	O	
...	O	O	O	O	
ne	O	O	O	O	
chiederò	O	O	O	O	
a	O	O	O	O	
Lulù	B-PER	O	O	O	
quando	O	O	O	O	
ci	O	O	O	O	
ritroveremo	O	O	O	O	
un	O	O	O	O	
po	O	O	O	O	
'	O	O	O	O	
soli	O	O	O	O	
...	O	O	O	O	
....	O	O	O	O	
.	O	O	O	O	

A	O	O	O	O	
Lulù	B-PER	O	O	O	
piacciono	O	O	O	O	
i	O	O	O	O	
dolci	O	O	O	O	
,	O	O	O	O	
me	O	O	O	O	
lo	O	O	O	O	
dichiarò	O	O	O	O	
la	O	O	O	O	
seconda	O	O	O	O	
sera	O	O	O	O	
che	O	O	O	O	
andai	O	O	O	O	
in	O	O	O	O	
casa	B-FAC	O	O	O	
sua	I-FAC	O	O	O	
.	O	O	O	O	

Bisogna	O	O	O	O	
vedere	O	O	O	O	
come	O	O	O	O	
li	O	O	O	O	
rosicchia	O	O	O	O	
;	O	O	O	O	
i	O	O	O	O	
confetti	O	O	O	O	
si	O	O	O	O	
liquefanno	O	O	O	O	
,	O	O	O	O	
scompaiono	O	O	O	O	
dietro	O	O	O	O	
quelle	O	O	O	O	
labbruccie	O	O	O	O	
rosse	O	O	O	O	
,	O	O	O	O	
e	O	O	O	O	
dopo	O	O	O	O	
un	O	O	O	O	
momento	O	O	O	O	
essa	O	O	O	O	
prende	O	O	O	O	
una	O	O	O	O	
falsa	O	O	O	O	
aria	O	O	O	O	
di	O	O	O	O	
compunzione	O	O	O	O	
,	O	O	O	O	
per	O	O	O	O	
dire	O	O	O	O	
che	O	O	O	O	
non	O	O	O	O	
ve	O	O	O	O	
ne	O	O	O	O	
sono	O	O	O	O	
più	O	O	O	O	
.	O	O	O	O	

È	O	O	O	O	
carina	B-PER	O	O	O	
,	I-PER	O	O	O	
carina	I-PER	O	O	O	
,	I-PER	O	O	O	
carina	I-PER	O	O	O	
!	O	O	O	O	

Mi	O	O	O	O	
ha	O	O	O	O	
confidato	O	O	O	O	
a	O	O	O	O	
bassa	O	O	O	O	
voce	O	O	O	O	
che	O	O	O	O	
,	O	O	O	O	
quando	O	O	O	O	
romba	O	O	O	O	
il	O	O	O	O	
tuono	O	O	O	O	
ha	O	O	O	O	
paura	O	O	O	O	
e	O	O	O	O	
va	O	O	O	O	
a	O	O	O	O	
nascondere	O	O	O	O	
la	O	O	O	O	
testa	O	O	O	O	
sotto	O	O	O	O	
i	O	O	O	O	
cuscini	O	O	O	O	
;	O	O	O	O	
che	O	O	O	O	
ha	O	O	O	O	
sempre	O	O	O	O	
sognato	O	O	O	O	
di	O	O	O	O	
avere	O	O	O	O	
un	O	O	O	O	
abito	O	O	O	O	
di	O	O	O	O	
velluto	O	O	O	O	
nero	O	O	O	O	
,	O	O	O	O	
lunghissimo	O	O	O	O	
,	O	O	O	O	
col	O	O	O	O	
merletto	O	O	O	O	
bianco	O	O	O	O	
alle	O	O	O	O	
maniche	O	O	O	O	
ed	O	O	O	O	
al	O	O	O	O	
collo	O	O	O	O	
;	O	O	O	O	
mi	O	O	O	O	
ha	O	O	O	O	
assicurato	O	O	O	O	
che	O	O	O	O	
sarà	O	O	O	O	
gelosa	O	O	O	O	
,	O	O	O	O	
gelosa	O	O	O	O	
come	O	O	O	O	
una	B-PER	O	O	O	
spagnuola	I-PER	O	O	O	
e	O	O	O	O	
che	O	O	O	O	
comprerà	O	O	O	O	
un	O	O	O	O	
piccolo	O	O	O	O	
pugnale	O	O	O	O	
dal	O	O	O	O	
manico	O	O	O	O	
di	O	O	O	O	
acciaio	O	O	O	O	
,	O	O	O	O	
intarsiato	O	O	O	O	
di	O	O	O	O	
oro	O	O	O	O	
per	O	O	O	O	
compiere	O	O	O	O	
le	O	O	O	O	
sue	O	O	O	O	
vendette	O	O	O	O	
.	O	O	O	O	

È	O	O	O	O	
adorabile	O	O	O	O	
quando	O	O	O	O	
mi	O	O	O	O	
ripete	O	O	O	O	
queste	O	O	O	O	
cosuccie	O	O	O	O	
,	O	O	O	O	
con	O	O	O	O	
quella	O	O	O	O	
sua	O	O	O	O	
aria	O	O	O	O	
fanciullesca	O	O	O	O	
e	O	O	O	O	
convinta	O	O	O	O	
.	O	O	O	O	

Anche	O	O	O	O	
la	B-PER	O	O	O	
Sofia	I-PER	O	O	O	
è	O	O	O	O	
costretta	O	O	O	O	
a	O	O	O	O	
sorridere	O	O	O	O	
delle	O	O	O	O	
follie	O	O	O	O	
di	O	O	O	O	
Lulù	B-PER	O	O	O	
...	O	O	O	O	
se	O	O	O	O	
fossi	O	O	O	O	
intimo	O	O	O	O	
con	O	O	O	O	
Sofia	B-PER	O	O	O	
la	O	O	O	O	
consiglierei	O	O	O	O	
a	O	O	O	O	
sorridere	O	O	O	O	
qualche	O	O	O	O	
volta	O	O	O	O	
;	O	O	O	O	
ciò	O	O	O	O	
le	O	O	O	O	
rischiara	O	O	O	O	
il	O	O	O	O	
viso	O	O	O	O	
....	O	O	O	O	
.	O	O	O	O	

Quella	B-PER	O	O	O	
Sofia	I-PER	O	O	O	
!	O	O	O	O	

quella	B-PER	O	O	O	
Sofia	I-PER	O	O	O	
!	O	O	O	O	

Chi	O	O	O	O	
arriverà	O	O	O	O	
mai	O	O	O	O	
a	O	O	O	O	
conoscere	O	O	O	O	
il	O	O	O	O	
suo	O	O	O	O	
animo	O	O	O	O	
?	O	O	O	O	

....	O	O	O	O	
.	O	O	O	O	

Il	O	O	O	O	
libro	O	O	O	O	
cadde	O	O	O	O	
dalle	O	O	O	O	
ginocchia	O	O	O	O	
a	O	O	O	O	
terra	O	O	O	O	
,	O	O	O	O	
il	B-PER	O	O	O	
nostro	I-PER	O	O	O	
giovanotto	I-PER	O	O	O	
si	O	O	O	O	
riscosse	O	O	O	O	
al	O	O	O	O	
rumore	O	O	O	O	
,	O	O	O	O	
si	O	O	O	O	
guardò	O	O	O	O	
attorno	O	O	O	O	
meravigliato	O	O	O	O	
,	O	O	O	O	
quasi	O	O	O	O	
si	O	O	O	O	
toccò	O	O	O	O	
per	O	O	O	O	
riconoscersi	O	O	O	O	
.	O	O	O	O	

Era	O	O	O	O	
proprio	O	O	O	O	
lui	O	O	O	O	
,	O	O	O	O	
Roberto	B-PER	O	O	O	
Montefranco	I-PER	O	O	O	
,	O	O	O	O	
colto	O	O	O	O	
in	O	O	O	O	
flagrante	O	O	O	O	
delitto	O	O	O	O	
di	O	O	O	O	
meditazione	O	O	O	O	
!	O	O	O	O	

III	O	O	O	O	
.	O	O	O	O	

Il	O	O	O	O	
crepuscolo	O	O	O	O	
cadeva	O	O	O	O	
come	O	O	O	O	
una	O	O	O	O	
fina	O	O	O	O	
pioggerella	O	O	O	O	
di	O	O	O	O	
cenere	O	O	O	O	
grigia	O	O	O	O	
;	O	O	O	O	
Sofia	B-PER	O	O	O	
in	O	O	O	O	
piedi	O	O	O	O	
dietro	O	O	O	O	
i	O	O	O	O	
vetri	O	O	O	O	
del	O	O	O	O	
balcone	B-FAC	O	O	O	
guardava	O	O	O	O	
giù	O	O	O	O	
nella	O	O	O	O	
strada	B-FAC	O	O	O	
popolata	I-FAC	O	O	O	
e	I-FAC	O	O	O	
rumorosa	I-FAC	O	O	O	
.	O	O	O	O	

Era	O	O	O	O	
l	O	O	O	O	
'	O	O	O	O	
ora	O	O	O	O	
in	O	O	O	O	
cui	O	O	O	O	
la	B-LOC	O	O	O	
via	I-LOC	O	O	O	
di	I-LOC	O	O	O	
Toledo	I-LOC	O	O	O	
diventa	O	O	O	O	
pericolosa	O	O	O	O	
pel	O	O	O	O	
gran	B-VEH	O	O	O	
numero	I-VEH	O	O	O	
di	I-VEH	O	O	O	
carrozze	I-VEH	O	O	O	
piccole	I-VEH	O	O	O	
e	I-VEH	O	O	O	
grandi	I-VEH	O	O	O	
,	O	O	O	O	
che	O	O	O	O	
s	O	O	O	O	
'	O	O	O	O	
incrociano	O	O	O	O	
,	O	O	O	O	
salgono	O	O	O	O	
,	O	O	O	O	
scendono	O	O	O	O	
senza	O	O	O	O	
posa	O	O	O	O	
.	O	O	O	O	

Sofia	B-PER	O	O	O	
pareva	O	O	O	O	
cercasse	O	O	O	O	
qualcuno	B-PER	O	O	O	
con	O	O	O	O	
lo	O	O	O	O	
sguardo	O	O	O	O	
:	O	O	O	O	
ad	O	O	O	O	
un	O	O	O	O	
tratto	O	O	O	O	
un	O	O	O	O	
vivo	O	O	O	O	
rossore	O	O	O	O	
le	O	O	O	O	
passò	O	O	O	O	
sul	O	O	O	O	
viso	O	O	O	O	
,	O	O	O	O	
essa	O	O	O	O	
chinò	O	O	O	O	
un	O	O	O	O	
poco	O	O	O	O	
il	O	O	O	O	
capo	O	O	O	O	
,	O	O	O	O	
ridivenne	O	O	O	O	
pallida	O	O	O	O	
e	O	O	O	O	
subito	O	O	O	O	
rientrò	O	O	O	O	
nella	O	O	O	O	
camera	B-FAC	O	O	O	
.	O	O	O	O	

Non	O	O	O	O	
era	O	O	O	O	
trascorso	O	O	O	O	
un	O	O	O	O	
minuto	O	O	O	O	
che	O	O	O	O	
Lulù	B-PER	O	O	O	
giunse	O	O	O	O	
come	O	O	O	O	
un	O	O	O	O	
turbine	O	O	O	O	
,	O	O	O	O	
sbattendo	O	O	O	O	
porte	O	O	O	O	
,	O	O	O	O	
scostando	O	O	O	O	
sedie	O	O	O	O	
per	O	O	O	O	
correre	O	O	O	O	
meglio	O	O	O	O	
:	O	O	O	O	
--	O	O	O	O	
Che	O	O	O	O	
fai	O	O	O	O	
qui	O	O	O	O	
,	O	O	O	O	
donna	B-PER	O	O	O	
Sofia	I-PER	O	O	O	
Santangelo	I-PER	O	O	O	
?	O	O	O	O	

Leggevi	O	O	O	O	
?	O	O	O	O	

--	O	O	O	O	
Sì	O	O	O	O	
....	O	O	O	O	
.	O	O	O	O	

leggevo	O	O	O	O	
.	O	O	O	O	

--	O	O	O	O	
Non	O	O	O	O	
hai	O	O	O	O	
avuto	O	O	O	O	
lo	O	O	O	O	
spirito	O	O	O	O	
di	O	O	O	O	
stare	O	O	O	O	
al	O	O	O	O	
balcone	B-FAC	O	O	O	
?	O	O	O	O	

--	O	O	O	O	
E	O	O	O	O	
se	O	O	O	O	
lo	O	O	O	O	
avessi	O	O	O	O	
avuto	O	O	O	O	
?	O	O	O	O	

--	O	O	O	O	
Bah	O	O	O	O	
!	O	O	O	O	

io	O	O	O	O	
son	O	O	O	O	
dovuta	O	O	O	O	
stare	O	O	O	O	
di	O	O	O	O	
là	O	O	O	O	
,	O	O	O	O	
perchè	O	O	O	O	
Albina	B-PER	O	O	O	
la	I-PER	O	O	O	
sarta	I-PER	O	O	O	
ha	O	O	O	O	
portato	O	O	O	O	
l	O	O	O	O	
'	O	O	O	O	
abito	O	O	O	O	
per	O	O	O	O	
questa	O	O	O	O	
sera	O	O	O	O	
--	O	O	O	O	
intanto	O	O	O	O	
fremevo	O	O	O	O	
d	O	O	O	O	
'	O	O	O	O	
impazienza	O	O	O	O	
,	O	O	O	O	
perchè	O	O	O	O	
avrei	O	O	O	O	
voluto	O	O	O	O	
esser	O	O	O	O	
qui	O	O	O	O	
.	O	O	O	O	

Ier	O	O	O	O	
sera	O	O	O	O	
dissi	O	O	O	O	
a	O	O	O	O	
Roberto	B-PER	O	O	O	
di	O	O	O	O	
mettere	O	O	O	O	
il	O	O	O	O	
suo	O	O	O	O	
costume	O	O	O	O	
bleuté	O	O	O	O	
,	O	O	O	O	
di	O	O	O	O	
attaccare	O	O	O	O	
Selim	O	O	O	O	
al	O	O	O	O	
carrozzino	B-VEH	O	O	O	
e	O	O	O	O	
di	O	O	O	O	
passare	O	O	O	O	
alle	O	O	O	O	
sei	O	O	O	O	
e	O	O	O	O	
mezzo	O	O	O	O	
.	O	O	O	O	

Chi	O	O	O	O	
sa	O	O	O	O	
se	O	O	O	O	
mi	O	O	O	O	
avrà	O	O	O	O	
obbedito	O	O	O	O	
!	O	O	O	O	

--	O	O	O	O	
Roberto	B-PER	O	O	O	
è	O	O	O	O	
passato	O	O	O	O	
col	O	O	O	O	
costume	O	O	O	O	
bleuté	O	O	O	O	
,	O	O	O	O	
nel	O	O	O	O	
carrozzino	B-VEH	O	O	O	
.	O	O	O	O	

--	O	O	O	O	
Misericordia	O	O	O	O	
!	O	O	O	O	

Come	O	O	O	O	
sai	O	O	O	O	
tutto	O	O	O	O	
questo	O	O	O	O	
?	O	O	O	O	

Non	O	O	O	O	
leggevi	O	O	O	O	
forse	O	O	O	O	
?	O	O	O	O	

--	O	O	O	O	
....	O	O	O	O	
.	O	O	O	O	

Ero	O	O	O	O	
dietro	O	O	O	O	
i	O	O	O	O	
vetri	O	O	O	O	
.	O	O	O	O	

--	O	O	O	O	
Ed	O	O	O	O	
hai	O	O	O	O	
riconosciuto	O	O	O	O	
Roberto	B-PER	O	O	O	
,	O	O	O	O	
mentre	O	O	O	O	
non	O	O	O	O	
lo	O	O	O	O	
guardi	O	O	O	O	
mai	O	O	O	O	
?	O	O	O	O	

Miracolo	O	O	O	O	
!	O	O	O	O	

Ti	O	O	O	O	
ha	O	O	O	O	
egli	O	O	O	O	
salutata	O	O	O	O	
?	O	O	O	O	

--	O	O	O	O	
Sì	O	O	O	O	
.	O	O	O	O	

--	O	O	O	O	
Come	O	O	O	O	
ha	O	O	O	O	
tolto	O	O	O	O	
il	O	O	O	O	
suo	O	O	O	O	
cappello	O	O	O	O	
?	O	O	O	O	

--	O	O	O	O	
Ma	O	O	O	O	
...	O	O	O	O	
come	O	O	O	O	
si	O	O	O	O	
toglie	O	O	O	O	
sempre	O	O	O	O	
.	O	O	O	O	

--	O	O	O	O	
E	O	O	O	O	
tu	O	O	O	O	
hai	O	O	O	O	
risposto	O	O	O	O	
?	O	O	O	O	

--	O	O	O	O	
Mi	O	O	O	O	
prendi	O	O	O	O	
per	O	O	O	O	
una	B-PER	O	O	O	
sgarbata	I-PER	O	O	O	
?	O	O	O	O	

--	O	O	O	O	
Gli	O	O	O	O	
hai	O	O	O	O	
rivolto	O	O	O	O	
un	O	O	O	O	
sorriso	O	O	O	O	
almeno	O	O	O	O	
?	O	O	O	O	

--	O	O	O	O	
No	O	O	O	O	
...	O	O	O	O	
cioè	O	O	O	O	
non	O	O	O	O	
lo	O	O	O	O	
so	O	O	O	O	
.	O	O	O	O	

--	O	O	O	O	
Sei	O	O	O	O	
una	B-PER	O	O	O	
cattiva	I-PER	O	O	O	
,	I-PER	O	O	O	
Sofia	I-PER	O	O	O	
.	O	O	O	O	

Anche	O	O	O	O	
ieri	O	O	O	O	
sera	O	O	O	O	
Roberto	B-PER	O	O	O	
mi	O	O	O	O	
parlava	O	O	O	O	
di	O	O	O	O	
te	O	O	O	O	
....	O	O	O	O	
.	O	O	O	O	

--	O	O	O	O	
Dicendoti	O	O	O	O	
che	O	O	O	O	
ero	O	O	O	O	
cattiva	B-PER	O	O	O	
?	O	O	O	O	

--	O	O	O	O	
No	O	O	O	O	
,	O	O	O	O	
ma	O	O	O	O	
chiedendomi	O	O	O	O	
la	O	O	O	O	
causa	O	O	O	O	
di	O	O	O	O	
questo	O	O	O	O	
tuo	O	O	O	O	
carattere	O	O	O	O	
chiuso	O	O	O	O	
chiuso	O	O	O	O	
,	O	O	O	O	
così	O	O	O	O	
differente	O	O	O	O	
dal	O	O	O	O	
mio	O	O	O	O	
.	O	O	O	O	

Allora	O	O	O	O	
io	O	O	O	O	
gli	O	O	O	O	
ho	O	O	O	O	
sfilato	O	O	O	O	
un	O	O	O	O	
bel	O	O	O	O	
panegirico	O	O	O	O	
;	O	O	O	O	
gli	O	O	O	O	
ho	O	O	O	O	
detto	O	O	O	O	
che	O	O	O	O	
tu	O	O	O	O	
sei	O	O	O	O	
più	O	O	O	O	
buona	O	O	O	O	
,	O	O	O	O	
più	O	O	O	O	
amabile	O	O	O	O	
,	O	O	O	O	
più	O	O	O	O	
amorosa	O	O	O	O	
di	O	O	O	O	
me	O	O	O	O	
e	O	O	O	O	
che	O	O	O	O	
hai	O	O	O	O	
il	O	O	O	O	
solo	O	O	O	O	
difetto	O	O	O	O	
di	O	O	O	O	
nascondere	O	O	O	O	
le	O	O	O	O	
tue	O	O	O	O	
qualità	O	O	O	O	
.	O	O	O	O	

Figurati	O	O	O	O	
,	O	O	O	O	
che	O	O	O	O	
lui	O	O	O	O	
mi	O	O	O	O	
ascoltava	O	O	O	O	
con	O	O	O	O	
molto	O	O	O	O	
interesse	O	O	O	O	
;	O	O	O	O	
infine	O	O	O	O	
mi	O	O	O	O	
ha	O	O	O	O	
domandato	O	O	O	O	
dell	O	O	O	O	
'	O	O	O	O	
avversione	O	O	O	O	
tua	O	O	O	O	
per	O	O	O	O	
lui	O	O	O	O	
...	O	O	O	O	
--	O	O	O	O	
Avversione	O	O	O	O	
?	O	O	O	O	

--	O	O	O	O	
Così	O	O	O	O	
ha	O	O	O	O	
detto	O	O	O	O	
,	O	O	O	O	
e	O	O	O	O	
sai	O	O	O	O	
,	O	O	O	O	
non	O	O	O	O	
ha	O	O	O	O	
tanto	O	O	O	O	
torto	O	O	O	O	
!	O	O	O	O	

Lo	O	O	O	O	
tratti	O	O	O	O	
con	O	O	O	O	
sì	O	O	O	O	
poca	O	O	O	O	
cordialità	O	O	O	O	
!	O	O	O	O	

