Fino	O	O	O	O	
ad	O	O	O	O	
oggi	O	O	O	O	
,	O	O	O	O	
nella	O	O	O	O	
regale	B-GPE	O	O	O	
città	I-GPE	O	O	O	
di	I-GPE	O	O	O	
Maria	I-GPE	O	O	O	
Cristina	I-GPE	O	O	O	
,	O	O	O	O	
in	O	O	O	O	
questa	B-GPE	O	O	O	
gloriosa	I-GPE	O	O	O	
capitale	I-GPE	O	O	O	
del	I-GPE	O	O	O	
Nord	I-GPE	O	O	O	
,	O	O	O	O	
sul	O	O	O	O	
divino	B-LOC	O	O	O	
Atlantico	I-LOC	O	O	O	
,	O	O	O	O	
la	O	O	O	O	
cosa	O	O	O	O	
che	O	O	O	O	
più	O	O	O	O	
m	O	O	O	O	
'	O	O	O	O	
interessava	O	O	O	O	
era	O	O	O	O	
—	O	O	O	O	
lo	O	O	O	O	
confesso	O	O	O	O	
—	O	O	O	O	
l	O	O	O	O	
'	O	O	O	O	
imbecillissimo	O	O	O	O	
gioco	O	O	O	O	
del	O	O	O	O	
trente	O	O	O	O	
et	O	O	O	O	
quarante	O	O	O	O	
.	O	O	O	O	

Ma	O	O	O	O	
questa	O	O	O	O	
sera	O	O	O	O	
ho	O	O	O	O	
incontrata	O	O	O	O	
una	B-PER	O	O	O	
donna	I-PER	O	O	O	
,	O	O	O	O	
che	O	O	O	O	
i	O	O	O	O	
miei	O	O	O	O	
calmi	O	O	O	O	
occhi	O	O	O	O	
di	O	O	O	O	
navigatore	B-PER	O	O	O	
forse	O	O	O	O	
non	O	O	O	O	
potranno	O	O	O	O	
dimenticare	O	O	O	O	
mai	O	O	O	O	
.	O	O	O	O	

Eravamo	O	O	O	O	
seduti	O	O	O	O	
così	O	O	O	O	
presso	O	O	O	O	
,	O	O	O	O	
alla	O	O	O	O	
tavola	O	O	O	O	
del	O	O	O	O	
trente	O	O	O	O	
et	O	O	O	O	
quarante	O	O	O	O	
,	O	O	O	O	
che	O	O	O	O	
un	O	O	O	O	
sottile	O	O	O	O	
velo	O	O	O	O	
di	O	O	O	O	
cipria	O	O	O	O	
,	O	O	O	O	
staccandosi	O	O	O	O	
dal	O	O	O	O	
suo	O	O	O	O	
braccio	O	O	O	O	
seminudo	O	O	O	O	
,	O	O	O	O	
impolverava	O	O	O	O	
leggermente	O	O	O	O	
la	O	O	O	O	
mia	O	O	O	O	
manica	O	O	O	O	
nera	O	O	O	O	
.	O	O	O	O	

Giocava	O	O	O	O	
con	O	O	O	O	
febbre	O	O	O	O	
,	O	O	O	O	
giocava	O	O	O	O	
con	O	O	O	O	
irritazione	O	O	O	O	
,	O	O	O	O	
spingendo	O	O	O	O	
sul	O	O	O	O	
tavoliere	O	O	O	O	
,	O	O	O	O	
ad	O	O	O	O	
ogni	O	O	O	O	
colpo	O	O	O	O	
,	O	O	O	O	
senza	O	O	O	O	
nemmeno	O	O	O	O	
contarli	O	O	O	O	
,	O	O	O	O	
grossi	O	O	O	O	
mucchi	O	O	O	O	
di	O	O	O	O	
gettoni	O	O	O	O	
e	O	O	O	O	
di	O	O	O	O	
denaro	O	O	O	O	
.	O	O	O	O	

C	O	O	O	O	
'	O	O	O	O	
era	O	O	O	O	
in	O	O	O	O	
lei	O	O	O	O	
,	O	O	O	O	
nella	O	O	O	O	
luce	O	O	O	O	
della	O	O	O	O	
sua	O	O	O	O	
carne	O	O	O	O	
,	O	O	O	O	
forse	O	O	O	O	
nel	O	O	O	O	
colore	O	O	O	O	
de	O	O	O	O	
'	O	O	O	O	
suoi	O	O	O	O	
lineamenti	O	O	O	O	
,	O	O	O	O	
un	O	O	O	O	
non	O	O	O	O	
so	O	O	O	O	
che	O	O	O	O	
di	O	O	O	O	
pericoloso	O	O	O	O	
e	O	O	O	O	
d	O	O	O	O	
'	O	O	O	O	
innocente	O	O	O	O	
,	O	O	O	O	
una	O	O	O	O	
bellezza	O	O	O	O	
perfetta	O	O	O	O	
e	O	O	O	O	
funesta	O	O	O	O	
,	O	O	O	O	
torbida	O	O	O	O	
e	O	O	O	O	
scintillante	O	O	O	O	
,	O	O	O	O	
che	O	O	O	O	
formava	O	O	O	O	
,	O	O	O	O	
tra	O	O	O	O	
la	O	O	O	O	
luce	O	O	O	O	
de	O	O	O	O	
'	O	O	O	O	
suoi	O	O	O	O	
capelli	O	O	O	O	
,	O	O	O	O	
un	O	O	O	O	
'	O	O	O	O	
aureola	O	O	O	O	
di	O	O	O	O	
splendore	O	O	O	O	
,	O	O	O	O	
la	O	O	O	O	
isolava	O	O	O	O	
dalla	O	O	O	O	
folla	B-PER	O	O	O	
,	O	O	O	O	
quasi	O	O	O	O	
cancellava	O	O	O	O	
intorno	O	O	O	O	
al	O	O	O	O	
suo	O	O	O	O	
volto	O	O	O	O	
la	O	O	O	O	
confusione	O	O	O	O	
di	O	O	O	O	
tutte	O	O	O	O	
l	O	O	O	O	
'	O	O	O	O	
altre	O	O	O	O	
fisionomie	O	O	O	O	
.	O	O	O	O	

Poichè	O	O	O	O	
la	O	O	O	O	
guardavo	O	O	O	O	
con	O	O	O	O	
fissità	O	O	O	O	
,	O	O	O	O	
ella	O	O	O	O	
d	O	O	O	O	
'	O	O	O	O	
un	O	O	O	O	
tratto	O	O	O	O	
si	O	O	O	O	
volse	O	O	O	O	
;	O	O	O	O	
parve	O	O	O	O	
cercasse	O	O	O	O	
qualcosa	O	O	O	O	
,	O	O	O	O	
o	O	O	O	O	
volesse	O	O	O	O	
chiedermi	O	O	O	O	
qualcosa	O	O	O	O	
,	O	O	O	O	
pur	O	O	O	O	
seguendo	O	O	O	O	
con	O	O	O	O	
occhi	O	O	O	O	
attenti	O	O	O	O	
la	O	O	O	O	
mano	O	O	O	O	
veloce	O	O	O	O	
del	O	O	O	O	
mazziere	B-PER	O	O	O	
,	O	O	O	O	
che	O	O	O	O	
andava	O	O	O	O	
rivolgendo	O	O	O	O	
le	O	O	O	O	
carte	O	O	O	O	
.	O	O	O	O	

Vinse	O	O	O	O	
il	O	O	O	O	
colpo	O	O	O	O	
;	O	O	O	O	
le	O	O	O	O	
sue	O	O	O	O	
ciglia	O	O	O	O	
dorate	O	O	O	O	
brillarono	O	O	O	O	
.	O	O	O	O	

Forse	O	O	O	O	
le	O	O	O	O	
mancava	O	O	O	O	
esattamente	O	O	O	O	
un	O	O	O	O	
fiammifero	O	O	O	O	
per	O	O	O	O	
accendere	O	O	O	O	
la	O	O	O	O	
sigaretta	O	O	O	O	
,	O	O	O	O	
una	O	O	O	O	
piccola	O	O	O	O	
fiamma	O	O	O	O	
rossa	O	O	O	O	
per	O	O	O	O	
mandare	O	O	O	O	
la	O	O	O	O	
vita	O	O	O	O	
in	O	O	O	O	
fumo	O	O	O	O	
.	O	O	O	O	

Era	O	O	O	O	
una	B-PER	O	O	O	
bellissima	I-PER	O	O	O	
creatura	I-PER	O	O	O	
,	I-PER	O	O	O	
lunga	I-PER	O	O	O	
,	I-PER	O	O	O	
snodata	I-PER	O	O	O	
,	I-PER	O	O	O	
sottile	I-PER	O	O	O	
,	O	O	O	O	
con	O	O	O	O	
una	O	O	O	O	
capigliatura	O	O	O	O	
di	O	O	O	O	
mogano	O	O	O	O	
scintillante	O	O	O	O	
,	O	O	O	O	
un	O	O	O	O	
profilo	O	O	O	O	
rettilineo	O	O	O	O	
ma	O	O	O	O	
soave	O	O	O	O	
,	O	O	O	O	
le	O	O	O	O	
mani	O	O	O	O	
così	O	O	O	O	
prive	O	O	O	O	
di	O	O	O	O	
colore	O	O	O	O	
che	O	O	O	O	
parevan	O	O	O	O	
quasi	O	O	O	O	
vecchie	O	O	O	O	
nella	O	O	O	O	
sua	O	O	O	O	
trasparente	O	O	O	O	
gioventù	O	O	O	O	
.	O	O	O	O	

L	O	O	O	O	
'	O	O	O	O	
abito	O	O	O	O	
che	O	O	O	O	
portava	O	O	O	O	
,	O	O	O	O	
il	O	O	O	O	
fino	O	O	O	O	
intreccio	O	O	O	O	
di	O	O	O	O	
piume	O	O	O	O	
del	O	O	O	O	
Paradiso	B-FAC	O	O	O	
che	O	O	O	O	
si	O	O	O	O	
arruffavano	O	O	O	O	
intorno	O	O	O	O	
a	O	O	O	O	
'	O	O	O	O	
suoi	O	O	O	O	
capelli	O	O	O	O	
veramente	O	O	O	O	
gloriosi	O	O	O	O	
,	O	O	O	O	
gli	O	O	O	O	
anelli	O	O	O	O	
che	O	O	O	O	
opprimevano	O	O	O	O	
le	O	O	O	O	
sue	O	O	O	O	
leggere	O	O	O	O	
dita	O	O	O	O	
,	O	O	O	O	
i	O	O	O	O	
braccialetti	O	O	O	O	
che	O	O	O	O	
le	O	O	O	O	
avvolgevano	O	O	O	O	
il	O	O	O	O	
polso	O	O	O	O	
,	O	O	O	O	
ed	O	O	O	O	
il	O	O	O	O	
profumo	O	O	O	O	
doloroso	O	O	O	O	
,	O	O	O	O	
eccessivo	O	O	O	O	
,	O	O	O	O	
irritante	O	O	O	O	
,	O	O	O	O	
che	O	O	O	O	
mandava	O	O	O	O	
la	O	O	O	O	
sua	O	O	O	O	
fina	O	O	O	O	
cipria	O	O	O	O	
,	O	O	O	O	
la	O	O	O	O	
sua	O	O	O	O	
fina	O	O	O	O	
seta	O	O	O	O	
,	O	O	O	O	
il	O	O	O	O	
respiro	O	O	O	O	
de	O	O	O	O	
'	O	O	O	O	
suoi	O	O	O	O	
labbri	O	O	O	O	
dipinti	O	O	O	O	
,	O	O	O	O	
la	O	O	O	O	
visibile	O	O	O	O	
forma	O	O	O	O	
della	O	O	O	O	
sua	O	O	O	O	
nudità	O	O	O	O	
,	O	O	O	O	
in	O	O	O	O	
quella	B-FAC	O	O	O	
sala	I-FAC	O	O	O	
calda	I-FAC	O	O	O	
,	O	O	O	O	
gremita	O	O	O	O	
,	O	O	O	O	
nel	O	O	O	O	
rumore	O	O	O	O	
del	O	O	O	O	
gioco	O	O	O	O	
,	O	O	O	O	
sotto	O	O	O	O	
il	O	O	O	O	
peso	O	O	O	O	
dei	O	O	O	O	
lampadari	O	O	O	O	
accecanti	O	O	O	O	
,	O	O	O	O	
nel	O	O	O	O	
brillare	O	O	O	O	
del	O	O	O	O	
tappeto	O	O	O	O	
,	O	O	O	O	
nella	O	O	O	O	
febbre	O	O	O	O	
del	O	O	O	O	
vincere	O	O	O	O	
,	O	O	O	O	
mi	O	O	O	O	
stordivano	O	O	O	O	
,	O	O	O	O	
mi	O	O	O	O	
esasperavano	O	O	O	O	
,	O	O	O	O	
e	O	O	O	O	
quasi	O	O	O	O	
mi	O	O	O	O	
pareva	O	O	O	O	
che	O	O	O	O	
in	O	O	O	O	
lei	O	O	O	O	
sola	O	O	O	O	
fosse	O	O	O	O	
l	O	O	O	O	
'	O	O	O	O	
origine	O	O	O	O	
di	O	O	O	O	
tutta	O	O	O	O	
questa	O	O	O	O	
concitazione	O	O	O	O	
.	O	O	O	O	

Quando	O	O	O	O	
avvicinò	O	O	O	O	
alle	O	O	O	O	
mie	O	O	O	O	
dita	O	O	O	O	
le	O	O	O	O	
labbra	O	O	O	O	
,	O	O	O	O	
per	O	O	O	O	
accendere	O	O	O	O	
la	O	O	O	O	
sigaretta	O	O	O	O	
,	O	O	O	O	
i	O	O	O	O	
suoi	O	O	O	O	
occhi	O	O	O	O	
risero	O	O	O	O	
,	O	O	O	O	
tutto	O	O	O	O	
il	O	O	O	O	
suo	O	O	O	O	
volto	O	O	O	O	
rise	O	O	O	O	
;	O	O	O	O	
non	O	O	O	O	
mi	O	O	O	O	
ringraziò	O	O	O	O	
,	O	O	O	O	
scosse	O	O	O	O	
indietro	O	O	O	O	
la	O	O	O	O	
fronte	O	O	O	O	
,	O	O	O	O	
pose	O	O	O	O	
ancora	O	O	O	O	
denaro	O	O	O	O	
sul	O	O	O	O	
mucchio	O	O	O	O	
di	O	O	O	O	
gettoni	O	O	O	O	
che	O	O	O	O	
le	O	O	O	O	
appartenevano	O	O	O	O	
—	O	O	O	O	
ed	O	O	O	O	
aspettò	O	O	O	O	
.	O	O	O	O	

Aspettò	O	O	O	O	
immobile	O	O	O	O	
,	O	O	O	O	
quasi	O	O	O	O	
godesse	O	O	O	O	
la	O	O	O	O	
voluttà	O	O	O	O	
perversa	O	O	O	O	
di	O	O	O	O	
quel	O	O	O	O	
lungo	O	O	O	O	
tormento	O	O	O	O	
,	O	O	O	O	
l	O	O	O	O	
'	O	O	O	O	
irritazione	O	O	O	O	
meravigliosa	O	O	O	O	
che	O	O	O	O	
le	O	O	O	O	
sue	O	O	O	O	
vene	O	O	O	O	
proverebbero	O	O	O	O	
,	O	O	O	O	
vincendo	O	O	O	O	
,	O	O	O	O	
perdendo	O	O	O	O	
,	O	O	O	O	
sopra	O	O	O	O	
una	O	O	O	O	
carta	O	O	O	O	
imprevedibile	O	O	O	O	
.	O	O	O	O	

Chi	O	O	O	O	
era	O	O	O	O	
?	O	O	O	O	

Da	O	O	O	O	
che	O	O	O	O	
luogo	O	O	O	O	
era	O	O	O	O	
giunta	O	O	O	O	
?	O	O	O	O	

Chi	O	O	O	O	
mai	O	O	O	O	
possedeva	O	O	O	O	
le	O	O	O	O	
sue	O	O	O	O	
labbra	O	O	O	O	
così	O	O	O	O	
calde	O	O	O	O	
e	O	O	O	O	
così	O	O	O	O	
limpide	O	O	O	O	
?	O	O	O	O	

L	O	O	O	O	
'	O	O	O	O	
elettricità	O	O	O	O	
rompeva	O	O	O	O	
in	O	O	O	O	
mille	O	O	O	O	
arcobaleni	O	O	O	O	
quasi	O	O	O	O	
verdi	O	O	O	O	
la	O	O	O	O	
sua	O	O	O	O	
triplice	O	O	O	O	
collana	O	O	O	O	
di	O	O	O	O	
perle	O	O	O	O	
;	O	O	O	O	
perle	O	O	O	O	
tutte	O	O	O	O	
d	O	O	O	O	
'	O	O	O	O	
un	O	O	O	O	
colore	O	O	O	O	
,	O	O	O	O	
che	O	O	O	O	
pareva	O	O	O	O	
tenessero	O	O	O	O	
imprigionato	O	O	O	O	
nella	O	O	O	O	
loro	O	O	O	O	
splendente	O	O	O	O	
anima	O	O	O	O	
un	O	O	O	O	
raggio	O	O	O	O	
di	O	O	O	O	
sole	B-LOC	O	O	O	
.	O	O	O	O	

Era	O	O	O	O	
—	O	O	O	O	
io	O	O	O	O	
pensavo	O	O	O	O	
—	O	O	O	O	
una	O	B-PER	O	O	
donna	O	I-PER	O	O	
del	O	I-PER	O	O	
Nord	B-GPE	I-PER	O	O	
,	O	O	O	O	
nata	O	O	O	O	
fra	O	O	O	O	
i	O	O	O	O	
bianchi	O	O	O	O	
silenzi	O	O	O	O	
delle	O	O	O	O	
nebbie	O	O	O	O	
settentrionali	O	O	O	O	
,	O	O	O	O	
forse	O	O	O	O	
in	O	O	O	O	
una	B-FAC	O	O	O	
casa	I-FAC	O	O	O	
grigia	I-FAC	O	O	O	
,	O	O	O	O	
in	O	O	O	O	
una	B-FAC	O	O	O	
piccola	I-FAC	O	O	O	
strada	I-FAC	O	O	O	
,	O	O	O	O	
in	O	O	O	O	
un	B-GPE	O	O	O	
remoto	I-GPE	O	O	O	
villaggio	I-GPE	O	O	O	
delle	I-GPE	O	O	O	
vecchie	I-GPE	O	O	O	
contee	I-GPE	O	O	O	
.	O	O	O	O	

Veniva	O	O	O	O	
dal	O	O	O	O	
Nord	B-GPE	O	O	O	
;	O	O	O	O	
l	O	O	O	O	
'	O	O	O	O	
amore	O	O	O	O	
le	O	O	O	O	
aveva	O	O	O	O	
dato	O	O	O	O	
que	O	O	O	O	
'	O	O	O	O	
gioielli	O	O	O	O	
,	O	O	O	O	
quel	O	O	O	O	
riso	O	O	O	O	
,	O	O	O	O	
quella	O	O	O	O	
sua	O	O	O	O	
bellezza	O	O	O	O	
inesorabile	O	O	O	O	
.	O	O	O	O	

Aveva	O	O	O	O	
la	O	O	O	O	
mano	O	O	O	O	
costrutta	O	O	O	O	
per	O	O	O	O	
bene	O	O	O	O	
immergersi	O	O	O	O	
nelle	O	O	O	O	
ricchezze	O	O	O	O	
altrui	O	O	O	O	
;	O	O	O	O	
aveva	O	O	O	O	
un	O	O	O	O	
corpo	O	O	O	O	
fatto	O	O	O	O	
per	O	O	O	O	
regalare	O	O	O	O	
qualche	O	O	O	O	
ora	O	O	O	O	
di	O	O	O	O	
voluttà	O	O	O	O	
costosa	O	O	O	O	
e	O	O	O	O	
indocile	O	O	O	O	
a	O	O	O	O	
chi	O	O	O	O	
potesse	O	O	O	O	
permetterle	O	O	O	O	
di	O	O	O	O	
giocare	O	O	O	O	
sopra	O	O	O	O	
una	O	O	O	O	
carta	O	O	O	O	
fortuita	O	O	O	O	
il	O	O	O	O	
denaro	O	O	O	O	
che	O	O	O	O	
paga	O	O	O	O	
per	O	O	O	O	
un	O	O	O	O	
anno	O	O	O	O	
la	O	O	O	O	
fatica	O	O	O	O	
di	O	O	O	O	
numerosi	B-PER	O	O	O	
operai	I-PER	O	O	O	
.	O	O	O	O	

Le	B-PER	O	O	O	
donne	I-PER	O	O	O	
spagnole	I-PER	O	O	O	
,	O	O	O	O	
dalla	O	O	O	O	
carnagione	O	O	O	O	
di	O	O	O	O	
camelia	O	O	O	O	
,	O	O	O	O	
stavano	O	O	O	O	
ferme	O	O	O	O	
all	O	O	O	O	
'	O	O	O	O	
intorno	O	O	O	O	
e	O	O	O	O	
silenziose	O	O	O	O	
la	O	O	O	O	
guardavano	O	O	O	O	
.	O	O	O	O	

Di	O	O	O	O	
fronte	O	O	O	O	
a	O	O	O	O	
lei	O	O	O	O	
,	O	O	O	O	
su	O	O	O	O	
l	O	O	O	O	
'	O	O	O	O	
altro	O	O	O	O	
lato	O	O	O	O	
della	O	O	O	O	
tavola	O	O	O	O	
,	O	O	O	O	
era	O	O	O	O	
seduto	O	O	O	O	
il	B-PER	O	O	O	
suo	I-PER	O	O	O	
amante	I-PER	O	O	O	
:	O	O	O	O	
un	B-PER	O	O	O	
fino	I-PER	O	O	O	
tipo	I-PER	O	O	O	
di	I-PER	O	O	O	
giovine	I-PER	O	O	O	
hidalgo	I-PER	O	O	O	
,	O	O	O	O	
sbarbato	O	O	O	O	
,	O	O	O	O	
liscio	O	O	O	O	
,	O	O	O	O	
elegantissimo	O	O	O	O	
,	O	O	O	O	
di	O	O	O	O	
quelli	O	O	O	O	
che	O	O	O	O	
si	O	O	O	O	
vestono	O	O	O	O	
a	O	O	O	O	
Piccadilly	O	O	O	O	
e	O	O	O	O	
fischiano	O	O	O	O	
le	O	O	O	O	
canzonette	O	O	O	O	
di	O	O	O	O	
Montmartre	O	O	O	O	
nei	O	O	O	O	
corridoi	O	B-FAC	O	O	
dell	O	I-FAC	O	O	
'	O	I-FAC	O	O	
espresso	B-VEH	I-FAC	O	O	
Paris	I-VEH	I-FAC	O	O	
-	I-VEH	I-FAC	O	O	
Madrid	I-VEH	I-FAC	O	O	
.	O	O	O	O	

Pareva	O	O	O	O	
ch	O	O	O	O	
'	O	O	O	O	
egli	O	O	O	O	
avesse	O	O	O	O	
una	O	O	O	O	
certa	O	O	O	O	
paura	O	O	O	O	
di	O	O	O	O	
quel	O	O	O	O	
denaro	O	O	O	O	
ch	O	O	O	O	
'	O	O	O	O	
ella	O	O	O	O	
giocava	O	O	O	O	
con	O	O	O	O	
tanta	O	O	O	O	
prodigalità	O	O	O	O	
,	O	O	O	O	
ed	O	O	O	O	
invano	O	O	O	O	
tentava	O	O	O	O	
di	O	O	O	O	
nascondere	O	O	O	O	
la	O	O	O	O	
sua	O	O	O	O	
inquietudine	O	O	O	O	
ogni	O	O	O	O	
volta	O	O	O	O	
ch	O	O	O	O	
'	O	O	O	O	
ella	O	O	O	O	
poneva	O	O	O	O	
sul	O	O	O	O	
tavoliere	O	O	O	O	
una	O	O	O	O	
somma	O	O	O	O	
troppo	O	O	O	O	
forte	O	O	O	O	
;	O	O	O	O	
impallidiva	O	O	O	O	
un	O	O	O	O	
po	O	O	O	O	
'	O	O	O	O	
quando	O	O	O	O	
la	O	O	O	O	
rastrellavano	O	O	O	O	
,	O	O	O	O	
si	O	O	O	O	
rischiarava	O	O	O	O	
tutto	O	O	O	O	
,	O	O	O	O	
le	O	O	O	O	
mandava	O	O	O	O	
un	O	O	O	O	
complimento	O	O	O	O	
in	O	O	O	O	
pessimo	O	O	O	O	
francese	O	O	O	O	
od	O	O	O	O	
in	O	O	O	O	
pessimo	O	O	O	O	
inglese	O	O	O	O	
quando	O	O	O	O	
il	O	O	O	O	
colpo	O	O	O	O	
era	O	O	O	O	
vinto	O	O	O	O	
.	O	O	O	O	

Ma	O	O	O	O	
ella	O	O	O	O	
faceva	O	O	O	O	
esattamente	O	O	O	O	
il	O	O	O	O	
contrario	O	O	O	O	
,	O	O	O	O	
sempre	O	O	O	O	
il	O	O	O	O	
contrario	O	O	O	O	
,	O	O	O	O	
di	O	O	O	O	
ciò	O	O	O	O	
che	O	O	O	O	
il	B-PER	O	O	O	
suo	I-PER	O	O	O	
amante	I-PER	O	O	O	
le	O	O	O	O	
suggeriva	O	O	O	O	
.	O	O	O	O	

Nondimeno	O	O	O	O	
questo	B-PER	O	O	O	
giovine	I-PER	O	O	O	
hidalgo	I-PER	O	O	O	
era	O	O	O	O	
visibilmente	O	O	O	O	
fiero	O	O	O	O	
di	O	O	O	O	
lei	O	O	O	O	
;	O	O	O	O	
gli	O	O	O	O	
pareva	O	O	O	O	
che	O	O	O	O	
tutto	O	O	O	O	
quello	O	O	O	O	
splendore	O	O	O	O	
fosse	O	O	O	O	
opera	O	O	O	O	
sua	O	O	O	O	
e	O	O	O	O	
tutto	O	B-GPE	O	O	
il	O	I-GPE	O	O	
reame	O	I-GPE	O	O	
di	O	I-GPE	O	O	
Alfonso	B-PER	I-GPE	O	O	
XIII	I-PER	I-GPE	O	O	
contemplasse	O	O	O	O	
con	O	O	O	O	
invidia	O	O	O	O	
la	B-PER	O	O	O	
sua	I-PER	O	O	O	
compagna	I-PER	O	O	O	
forestiera	I-PER	O	O	O	
.	O	O	O	O	

—	O	O	O	O	
Give	O	O	O	O	
me	O	O	O	O	
a	O	O	O	O	
cigarette	O	O	O	O	
,	O	O	O	O	
please	O	O	O	O	
...	O	O	O	O	
Ed	O	O	O	O	
egli	O	O	O	O	
,	O	O	O	O	
traverso	O	O	O	O	
il	O	O	O	O	
tavoliere	O	O	O	O	
,	O	O	O	O	
prontamente	O	O	O	O	
le	O	O	O	O	
porgeva	O	O	O	O	
un	O	O	O	O	
suo	O	O	O	O	
magnifico	O	O	O	O	
astuccio	O	O	O	O	
d	O	O	O	O	
'	O	O	O	O	
oro	O	O	O	O	
fiammeggiante	O	O	O	O	
,	O	O	O	O	
mentre	O	O	O	O	
un	B-PER	O	O	O	
domestico	I-PER	O	O	O	
in	O	O	O	O	
livrea	O	O	O	O	
gallonata	O	O	O	O	
fendeva	O	O	O	O	
la	O	O	O	O	
calca	O	O	O	O	
,	O	O	O	O	
per	O	O	O	O	
accenderle	O	O	O	O	
in	O	O	O	O	
mia	O	O	O	O	
vece	O	O	O	O	
quel	O	O	O	O	
fiammifero	O	O	O	O	
,	O	O	O	O	
esattamente	O	O	O	O	
,	O	O	O	O	
che	O	O	O	O	
le	O	O	O	O	
mancava	O	O	O	O	
.	O	O	O	O	

Entrò	O	O	O	O	
nelle	O	O	O	O	
sale	B-FAC	O	O	O	
in	O	O	O	O	
quel	O	O	O	O	
punto	O	O	O	O	
un	B-PER	O	O	O	
personaggio	I-PER	O	O	O	
veramente	I-PER	O	O	O	
illustre	I-PER	O	O	O	
,	O	O	O	O	
che	O	O	O	O	
fece	O	O	O	O	
per	O	O	O	O	
curiosità	O	O	O	O	
ondeggiare	O	O	O	O	
la	B-PER	O	O	O	
folla	I-PER	O	O	O	
,	O	O	O	O	
mentre	O	O	O	O	
il	O	O	O	O	
suo	O	O	O	O	
glorioso	O	O	O	O	
nome	O	O	O	O	
volava	O	O	O	O	
di	O	O	O	O	
bocca	O	O	O	O	
in	O	O	O	O	
bocca	O	O	O	O	
,	O	O	O	O	
leggero	O	O	O	O	
ed	O	O	O	O	
intrepido	O	O	O	O	
come	O	O	O	O	
l	B-PER	O	O	O	
'	I-PER	O	O	O	
uomo	I-PER	O	O	O	
che	O	O	O	O	
lo	O	O	O	O	
portava	O	O	O	O	
:	O	O	O	O	
—	O	O	O	O	
Bombita	B-PER	O	O	O	
.	O	O	O	O	

Era	O	O	O	O	
la	B-GPE	O	O	O	
vecchia	I-GPE	O	O	O	
Spagna	I-GPE	O	O	O	
,	O	O	O	O	
la	B-GPE	O	O	O	
Spagna	I-GPE	O	O	O	
superba	O	O	O	O	
e	O	O	O	O	
fortissima	O	O	O	O	
degli	O	O	O	O	
antichi	O	O	O	O	
tornei	O	O	O	O	
,	O	O	O	O	
che	O	O	O	O	
poneva	O	O	O	O	
l	O	O	O	O	
'	O	O	O	O	
agile	O	O	O	O	
piede	O	O	O	O	
nel	O	O	O	O	
Tempio	B-FAC	O	O	O	
dell	I-FAC	O	O	O	
'	I-FAC	O	O	O	
Azzardo	I-FAC	O	O	O	
e	I-FAC	O	O	O	
della	I-FAC	O	O	O	
Prostituzione	I-FAC	O	O	O	
;	O	O	O	O	
—	O	O	O	O	
Bombita	O	O	B-PER	O	
,	O	O	I-PER	O	
il	O	O	I-PER	O	
più	O	O	I-PER	O	
celebre	O	O	I-PER	O	
torero	O	O	I-PER	O	
del	O	O	I-PER	O	
regno	O	B-GPE	I-PER	O	
di	O	I-GPE	I-PER	O	
Alfonso	B-PER	I-GPE	I-PER	O	
XIII	I-PER	I-GPE	I-PER	O	
,	O	O	O	O	
quegli	O	O	O	O	
che	O	O	O	O	
mandava	O	O	O	O	
in	O	O	O	O	
delirio	O	O	O	O	
le	B-FAC	O	O	O	
selvagge	I-FAC	O	O	O	
Arene	I-FAC	O	O	O	
,	O	O	O	O	
quegli	O	O	O	O	
che	O	O	O	O	
di	O	O	O	O	
notte	O	O	O	O	
visitava	O	O	O	O	
in	O	O	O	O	
sogno	O	O	O	O	
tutte	O	B-PER	O	O	
le	O	I-PER	O	O	
vergini	O	I-PER	O	O	
di	O	I-PER	O	O	
Castiglia	B-GPE	I-PER	O	O	
e	O	I-PER	O	O	
d	B-GPE	I-PER	O	O	
'	I-GPE	I-PER	O	O	
Aragona	I-GPE	I-PER	O	O	
,	O	O	O	O	
forse	O	O	O	O	
l	B-PER	O	O	O	
'	I-PER	O	O	O	
ultimo	I-PER	O	O	O	
Cavaliere	I-PER	O	O	O	
dell	O	O	O	O	
'	O	O	O	O	
Ideale	O	O	O	O	
in	O	O	O	O	
questa	B-GPE	O	O	O	
vecchia	I-GPE	O	O	O	
terra	I-GPE	O	O	O	
cristianissima	I-GPE	O	O	O	
,	O	O	O	O	
che	O	O	O	O	
fece	O	O	O	O	
tremare	O	O	O	O	
il	B-LOC	O	O	O	
mondo	I-LOC	O	O	O	
...	O	O	O	O	
Sì	O	O	O	O	
,	O	O	O	O	
era	O	O	O	O	
il	B-PER	O	O	O	
perfetto	I-PER	O	O	O	
,	I-PER	O	O	O	
l	I-PER	O	O	O	
'	I-PER	O	O	O	
insuperabile	I-PER	O	O	O	
Riccardo	I-PER	O	O	O	
Torres	I-PER	O	O	O	
—	I-PER	O	O	O	
Bombita	I-PER	O	O	O	
nel	O	O	O	O	
battesimo	O	O	O	O	
della	O	O	O	O	
spada	O	O	O	O	
—	O	O	O	O	
ch	O	O	O	O	
'	O	O	O	O	
era	O	O	O	O	
venuto	O	O	O	O	
a	O	O	O	O	
toreare	O	O	O	O	
in	O	O	O	O	
San	B-GPE	O	O	O	
Sebastiano	I-GPE	O	O	O	
la	O	O	O	O	
sua	O	O	O	O	
penultima	O	O	O	O	
corrida	O	O	O	O	
,	O	O	O	O	
giunto	O	O	O	O	
al	O	O	O	O	
trentaquattresimo	O	O	O	O	
anno	O	O	O	O	
d	O	O	O	O	
'	O	O	O	O	
età	O	O	O	O	
con	O	O	O	O	
tremila	O	O	O	O	
tori	O	O	O	O	
uccisi	O	O	O	O	
,	O	O	O	O	
non	O	O	O	O	
so	O	O	O	O	
quante	O	O	O	O	
gloriose	O	O	O	O	
ferite	O	O	O	O	
,	O	O	O	O	
oltre	O	O	O	O	
un	O	O	O	O	
patrimonio	O	O	O	O	
di	O	O	O	O	
parecchi	O	O	O	O	
milioni	O	O	O	O	
,	O	O	O	O	
che	O	O	O	O	
,	O	O	O	O	
insieme	O	O	O	O	
con	O	O	O	O	
la	O	O	O	O	
fama	O	O	O	O	
già	O	O	O	O	
troppo	O	O	O	O	
sonora	O	O	O	O	
dell	O	O	O	O	
'	O	O	O	O	
adolescente	B-PER	O	O	O	
Gallito	I-PER	O	O	O	
,	O	O	O	O	
lo	O	O	O	O	
avevan	O	O	O	O	
ormai	O	O	O	O	
consigliato	O	O	O	O	
a	O	O	O	O	
prendere	O	O	O	O	
la	O	O	O	O	
sua	O	O	O	O	
giubilazione	O	O	O	O	
.	O	O	O	O	

Lo	O	O	O	O	
guardai	O	O	O	O	
.	O	O	O	O	

Aveva	O	O	O	O	
una	O	O	O	O	
faccia	O	O	O	O	
chiara	O	O	O	O	
e	O	O	O	O	
simpatica	O	O	O	O	
,	O	O	O	O	
fra	O	O	O	O	
il	B-PER	O	O	O	
giocoliere	I-PER	O	O	O	
,	O	O	O	O	
il	B-PER	O	O	O	
maestro	I-PER	O	O	O	
d	I-PER	O	O	O	
'	I-PER	O	O	O	
armi	I-PER	O	O	O	
ed	O	O	O	O	
il	B-PER	O	O	O	
fantino	I-PER	O	O	O	
;	O	O	O	O	
certo	O	O	O	O	
non	O	O	O	O	
era	O	O	O	O	
facile	O	O	O	O	
riconoscere	O	O	O	O	
in	O	O	O	O	
questo	B-PER	O	O	O	
amabile	I-PER	O	O	O	
gentleman	I-PER	O	O	O	
,	O	O	O	O	
asciutto	O	O	O	O	
,	O	O	O	O	
nervoso	O	O	O	O	
,	O	O	O	O	
forse	O	O	O	O	
un	O	O	O	O	
po	O	O	O	O	
'	O	O	O	O	
timido	O	O	O	O	
,	O	O	O	O	
il	O	O	O	O	
magnifico	O	O	O	O	
primo	O	O	O	O	
espada	O	O	O	O	
che	O	O	O	O	
già	O	O	O	O	
vidi	O	O	O	O	
,	O	O	O	O	
risfavillante	O	O	O	O	
nel	O	O	O	O	
suo	O	O	O	O	
costume	O	O	O	O	
d	O	O	O	O	
'	O	O	O	O	
oro	O	O	O	O	
e	O	O	O	O	
chermisì	O	O	O	O	
,	O	O	O	O	
ora	O	O	O	O	
in	O	O	O	O	
abito	O	O	O	O	
civile	O	O	O	O	
,	O	O	O	O	
mansueto	O	O	O	O	
,	O	O	O	O	
quasi	O	O	O	O	
modesto	O	O	O	O	
,	O	O	O	O	
con	O	O	O	O	
la	O	O	O	O	
sua	O	O	O	O	
mano	O	O	O	O	
lorda	O	O	O	O	
di	O	O	O	O	
tanto	O	O	O	O	
sangue	O	O	O	O	
che	O	O	O	O	
sembrava	O	O	O	O	
persino	O	O	O	O	
essersi	O	O	O	O	
affidata	O	O	O	O	
alle	O	O	O	O	
sottili	O	O	O	O	
industrie	O	O	O	O	
di	O	O	O	O	
una	O	O	O	O	
manicure	O	O	O	O	
diligente	O	O	O	O	
.	O	O	O	O	

Bombita	B-PER	O	O	O	
mi	O	O	O	O	
faceva	O	O	O	O	
l	O	O	O	O	
'	O	O	O	O	
onore	O	O	O	O	
di	O	O	O	O	
alloggiare	O	O	O	O	
al	O	O	O	O	
mio	B-FAC	O	O	O	
medesimo	I-FAC	O	O	O	
albergo	I-FAC	O	O	O	
,	O	O	O	O	
o	O	O	O	O	
per	O	O	O	O	
lo	O	O	O	O	
meno	O	O	O	O	
di	O	O	O	O	
pranzarvi	O	O	O	O	
,	O	O	O	O	
chè	O	O	O	O	
forse	O	O	O	O	
trascorreva	O	O	O	O	
le	O	O	O	O	
notti	O	O	O	O	
fra	O	O	O	O	
le	O	O	O	O	
bianche	O	O	O	O	
braccia	O	O	O	O	
di	O	O	O	O	
qualche	O	O	O	O	
aficionada	O	O	O	O	
,	O	O	O	O	
per	O	O	O	O	
la	O	O	O	O	
quale	O	O	O	O	
ogni	B-PER	O	O	O	
buon	I-PER	O	O	O	
torero	I-PER	O	O	O	
inevitabilmente	O	O	O	O	
comincia	O	O	O	O	
e	O	O	O	O	
finisce	O	O	O	O	
.	O	O	O	O	

Questo	B-FAC	O	O	O	
albergo	I-FAC	O	O	O	
,	O	O	O	O	
dedicato	O	O	O	O	
al	O	O	O	O	
nome	O	O	O	O	
della	O	O	O	O	
Reina	O	B-PER	O	O	
Maria	O	I-PER	O	O	
Cristina	O	I-PER	O	O	
,	O	I-PER	O	O	
la	O	I-PER	O	O	
vera	O	I-PER	O	O	
creatrice	O	I-PER	O	O	
di	O	I-PER	O	O	
San	B-GPE	I-PER	O	O	
Sebastiano	I-GPE	I-PER	O	O	
,	O	O	O	O	
e	O	O	O	O	
perciò	O	O	O	O	
statuata	O	O	O	O	
innanzi	O	O	O	O	
morte	O	O	O	O	
,	O	O	O	O	
riboccava	O	O	O	O	
,	O	O	O	O	
sopra	O	O	O	O	
tutto	O	O	O	O	
nei	O	O	O	O	
giorni	O	O	O	O	
di	O	O	O	O	
corride	O	O	O	O	
,	O	O	O	O	
d	B-PER	O	O	O	
'	I-PER	O	O	O	
una	I-PER	O	O	O	
folla	I-PER	O	O	O	
rumorosa	I-PER	O	O	O	
e	I-PER	O	O	O	
varia	I-PER	O	O	O	
,	O	O	O	O	
che	O	O	O	O	
all	O	O	O	O	
'	O	O	O	O	
agilissimo	B-PER	O	O	O	
primo	I-PER	O	O	O	
espada	I-PER	O	O	O	
soleva	O	O	O	O	
tributare	O	O	O	O	
onori	O	O	O	O	
pressochè	O	O	O	O	
regali	O	O	O	O	
.	O	O	O	O	

Se	O	O	O	O	
questo	O	O	O	O	
ventesimo	O	O	O	O	
secolo	O	O	O	O	
non	O	O	O	O	
troverà	O	O	O	O	
più	O	O	O	O	
tardi	O	O	O	O	
un	O	O	O	O	
nome	O	O	O	O	
che	O	O	O	O	
meglio	O	O	O	O	
lo	O	O	O	O	
definisca	O	O	O	O	
,	O	O	O	O	
non	O	O	O	O	
mi	O	O	O	O	
parrebbe	O	O	O	O	
irriverenza	O	O	O	O	
nè	O	O	O	O	
ingiustizia	O	O	O	O	
chiamarlo	O	O	O	O	
per	O	O	O	O	
ora	O	O	O	O	
il	O	O	O	O	
secolo	O	O	O	O	
degli	O	O	O	O	
istrioni	B-PER	O	O	O	
.	O	O	O	O	

Ho	O	O	O	O	
veduto	O	O	O	O	
nel	O	O	O	O	
mio	B-GPE	O	O	O	
dolce	I-GPE	O	O	O	
paese	I-GPE	O	O	O	
la	B-PER	O	O	O	
folla	I-PER	O	O	O	
in	O	O	O	O	
delirio	O	O	O	O	
acclamare	O	O	O	O	
il	B-PER	O	O	O	
divino	I-PER	O	O	O	
Enrico	I-PER	O	O	O	
Caruso	I-PER	O	O	O	
—	O	O	O	O	
altrettanto	O	O	O	O	
celebre	O	O	O	O	
per	O	O	O	O	
la	O	O	O	O	
sua	O	O	O	O	
gola	O	O	O	O	
d	O	O	O	O	
'	O	O	O	O	
oro	O	O	O	O	
quanto	O	O	O	O	
per	O	O	O	O	
il	O	O	O	O	
Giardino	O	O	O	O	
delle	O	O	O	O	
Scimmie	O	O	O	O	
,	O	O	O	O	
—	O	O	O	O	
innalzando	O	O	O	O	
fino	O	O	O	O	
alle	O	O	O	O	
bianche	O	O	O	O	
stelle	O	O	O	O	
italiche	O	O	O	O	
la	O	O	O	O	
gloria	O	O	O	O	
del	O	O	O	O	
cantore	B-PER	O	O	O	
di	I-PER	O	O	O	
melodrammi	I-PER	O	O	O	
,	O	O	O	O	
come	O	O	O	O	
forse	O	O	O	O	
tanto	O	O	O	O	
alto	O	O	O	O	
non	O	O	O	O	
volò	O	O	O	O	
il	O	O	O	O	
nome	O	O	O	O	
del	O	O	O	O	
soggiogatore	B-PER	O	O	O	
Cesare	I-PER	O	O	O	
,	O	O	O	O	
quando	O	O	O	O	
in	O	O	O	O	
Roma	B-GPE	O	O	O	
imperiale	I-GPE	O	O	O	
fece	O	O	O	O	
ritorno	O	O	O	O	
dopo	O	O	O	O	
avere	O	O	O	O	
conquistate	O	O	O	O	
le	B-GPE	O	O	O	
Gallie	I-GPE	O	O	O	
.	O	O	O	O	

Ho	O	O	O	O	
veduto	O	O	O	O	
—	O	O	O	O	
cosa	O	O	O	O	
indimenticabile	O	O	O	O	
—	O	O	O	O	
nell	O	O	O	O	
'	O	O	O	O	
Arena	B-FAC	O	O	O	
dei	I-FAC	O	O	O	
Giuochi	I-FAC	O	O	O	
Olimpici	I-FAC	O	O	O	
,	O	O	O	O	
a	O	O	O	O	
Londra	B-GPE	O	O	O	
,	O	O	O	O	
l	O	O	O	O	
'	O	O	O	O	
arrivo	O	O	O	O	
di	O	O	O	O	
Dorando	B-PER	O	O	O	
Petri	I-PER	O	O	O	
dal	O	O	O	O	
Castello	B-FAC	O	O	O	
di	I-FAC	O	O	O	
Windsor	I-FAC	O	O	O	
,	O	O	O	O	
quando	O	O	O	O	
,	O	O	O	O	
al	O	O	O	O	
giungere	O	O	O	O	
del	O	O	O	O	
piccolo	B-PER	O	O	O	
italiano	I-PER	O	O	O	
,	O	O	O	O	
che	O	O	O	O	
si	O	O	O	O	
vedeva	O	O	O	O	
rubata	O	O	O	O	
la	O	O	O	O	
vittoria	O	O	O	O	
perchè	O	O	O	O	
a	O	O	O	O	
cinquanta	O	O	O	O	
metri	O	O	O	O	
dal	O	O	O	O	
traguardo	O	O	O	O	
,	O	O	O	O	
poi	O	O	O	O	
a	O	O	O	O	
venti	O	O	O	O	
,	O	O	O	O	
poi	O	O	O	O	
a	O	O	O	O	
dieci	O	O	O	O	
,	O	O	O	O	
cadeva	O	O	O	O	
e	O	O	O	O	
risorgeva	O	O	O	O	
,	O	O	O	O	
ma	O	O	O	O	
piegandosi	O	O	O	O	
affranto	O	O	O	O	
ancora	O	O	O	O	
s	O	O	O	O	
'	O	O	O	O	
inginocchiava	O	O	O	O	
nella	O	O	O	O	
tenace	O	O	O	O	
polvere	O	O	O	O	
—	O	O	O	O	
(	O	O	O	O	
allorchè	O	O	O	O	
uscì	O	O	O	O	
dalla	O	O	O	O	
folla	B-PER	O	O	O	
un	B-PER	O	O	O	
gigantesco	I-PER	O	O	O	
policeman	I-PER	O	O	O	
,	O	O	O	O	
il	O	O	O	O	
quale	O	O	O	O	
commise	O	O	O	O	
l	O	O	O	O	
'	O	O	O	O	
imprudenza	O	O	O	O	
d	O	O	O	O	
'	O	O	O	O	
aiutarlo	O	O	O	O	
a	O	O	O	O	
risollevarsi	O	O	O	O	
)	O	O	O	O	
—	O	O	O	O	
ho	O	O	O	O	
veduto	O	O	O	O	
non	O	O	O	O	
so	O	O	O	O	
bene	O	O	O	O	
quante	O	O	O	O	
centinaia	B-PER	O	O	O	
di	I-PER	O	O	O	
migliaia	I-PER	O	O	O	
d	I-PER	O	O	O	
'	I-PER	O	O	O	
uomini	I-PER	O	O	O	
sorgere	O	O	O	O	
con	O	O	O	O	
un	O	O	O	O	
impeto	O	O	O	O	
solo	O	O	O	O	
,	O	O	O	O	
frenetici	O	O	O	O	
,	O	O	O	O	
urlando	O	O	O	O	
,	O	O	O	O	
quasichè	O	O	O	O	
volessero	O	O	O	O	
con	O	O	O	O	
tutta	O	O	O	O	
la	O	O	O	O	
forza	O	O	O	O	
de	O	O	O	O	
'	O	O	O	O	
lor	O	O	O	O	
muscoli	O	O	O	O	
far	O	O	O	O	
camminare	O	O	O	O	
per	O	O	O	O	
que	O	O	O	O	
'	O	O	O	O	
pochi	O	O	O	O	
metri	O	O	O	O	
il	O	O	O	O	
piede	O	O	O	O	
che	O	O	O	O	
non	O	O	O	O	
camminava	O	O	O	O	
più	O	O	O	O	
,	O	O	O	O	
far	O	O	O	O	
battere	O	O	O	O	
per	O	O	O	O	
que	O	O	O	O	
'	O	O	O	O	
pochi	O	O	O	O	
secondi	O	O	O	O	
il	O	O	O	O	
cuore	O	O	O	O	
che	O	O	O	O	
non	O	O	O	O	
batteva	O	O	O	O	
più	O	O	O	O	
,	O	O	O	O	
—	O	O	O	O	
ed	O	O	O	O	
ho	O	O	O	O	
veduto	O	O	O	O	
così	O	O	O	O	
tributare	O	O	O	O	
al	O	O	O	O	
piccolo	O	B-PER	O	O	
panettiere	O	I-PER	O	O	
di	O	I-PER	O	O	
Carpi	B-GPE	I-PER	O	O	
l	O	O	O	O	
'	O	O	O	O	
omaggio	O	O	O	O	
più	O	O	O	O	
meraviglioso	O	O	O	O	
di	O	O	O	O	
popolo	B-PER	O	O	O	
del	O	O	O	O	
quale	O	O	O	O	
sia	O	O	O	O	
forse	O	O	O	O	
memoria	O	O	O	O	
nell	O	O	O	O	
'	O	O	O	O	
epoca	O	O	O	O	
,	O	O	O	O	
mentr	O	O	O	O	
'	O	O	O	O	
egli	O	O	O	O	
,	O	O	O	O	
del	O	O	O	O	
tutto	O	O	O	O	
allucinato	O	O	O	O	
,	O	O	O	O	
folle	O	O	O	O	
,	O	O	O	O	
portato	O	O	O	O	
innanzi	O	O	O	O	
dal	O	O	O	O	
respiro	O	O	O	O	
della	O	O	O	O	
moltitudine	O	O	O	O	
,	O	O	O	O	
si	O	O	O	O	
buttava	O	O	O	O	
barcollando	O	O	O	O	
sul	O	O	O	O	
filo	O	O	O	O	
della	O	O	O	O	
meta	O	O	O	O	
e	O	O	O	O	
stramazzava	O	O	O	O	
esausto	O	O	O	O	
nel	O	O	O	O	
lucente	B-FAC	O	O	O	
stadio	I-FAC	O	O	O	
,	O	O	O	O	
dopo	O	O	O	O	
aver	O	O	O	O	
rinnovato	O	O	O	O	
su	O	O	O	O	
la	B-FAC	O	O	O	
strada	I-FAC	O	O	O	
reale	I-FAC	O	O	O	
di	I-FAC	O	O	O	
Windsor	I-FAC	O	O	O	
il	O	O	O	O	
prodigio	O	O	O	O	
dell	O	O	O	O	
'	O	O	O	O	
Olimpiade	O	O	O	O	
,	O	O	O	O	
l	O	O	O	O	
'	O	O	O	O	
impresa	O	O	O	O	
che	O	O	O	O	
tramandò	O	O	O	O	
nei	O	O	O	O	
secoli	O	O	O	O	
la	O	O	O	O	
gloria	O	O	O	O	
del	O	O	O	O	
vincitore	B-PER	O	O	O	
Ateniese	I-PER	O	O	O	
.	O	O	O	O	

Quella	O	O	O	O	
sera	O	O	O	O	
in	O	O	O	O	
Londra	B-GPE	O	O	O	
pareva	O	O	O	O	
scoppiata	O	O	O	O	
la	O	O	O	O	
Rivoluzione	O	O	O	O	
.	O	O	O	O	

Per	O	O	O	O	
una	O	O	O	O	
settimana	O	O	O	O	
ancora	O	O	O	O	
il	O	O	O	O	
nome	O	O	O	O	
di	O	O	O	O	
questo	B-PER	O	O	O	
atleta	I-PER	O	O	O	
,	O	O	O	O	
che	O	O	O	O	
aveva	O	O	O	O	
bensì	O	O	O	O	
percorso	O	O	O	O	
quarantadue	O	O	O	O	
chilometri	O	O	O	O	
di	O	O	O	O	
strada	B-FAC	O	O	O	
in	O	O	O	O	
condizioni	O	O	O	O	
eroiche	O	O	O	O	
,	O	O	O	O	
ma	O	O	O	O	
era	O	O	O	O	
tuttavia	O	O	O	O	
un	B-PER	O	O	O	
omúncolo	I-PER	O	O	O	
in	O	O	O	O	
cui	O	O	O	O	
l	O	O	O	O	
'	O	O	O	O	
ala	O	O	O	O	
non	O	O	O	O	
giungeva	O	O	O	O	
più	O	O	O	O	
su	O	O	O	O	
del	O	O	O	O	
malleolo	O	O	O	O	
,	O	O	O	O	
impalvesò	O	O	O	O	
tutta	B-GPE	O	O	O	
Londra	I-GPE	O	O	O	
,	O	O	O	O	
fu	O	O	O	O	
cantato	O	O	O	O	
da	O	O	O	O	
'	O	O	O	O	
suoi	B-PER	O	O	O	
sette	I-PER	O	O	O	
milioni	I-PER	O	O	O	
di	I-PER	O	O	O	
vivi	I-PER	O	O	O	
,	O	O	O	O	
l	O	O	O	O	
'	O	O	O	O	
immagine	O	O	O	O	
sua	O	O	O	O	
portata	O	O	O	O	
per	O	O	O	O	
i	O	O	O	O	
quadrivi	O	O	O	O	
a	O	O	O	O	
suon	O	O	O	O	
di	O	O	O	O	
fanfare	O	O	O	O	
,	O	O	O	O	
stampata	O	O	O	O	
,	O	O	O	O	
messa	O	O	O	O	
in	O	O	O	O	
quadro	O	O	O	O	
,	O	O	O	O	
cinematografata	O	O	O	O	
,	O	O	O	O	
fatta	O	O	O	O	
piovere	O	O	O	O	
su	O	O	O	O	
Londra	B-GPE	O	O	O	
come	O	O	O	O	
un	O	O	O	O	
ciclone	O	O	O	O	
di	O	O	O	O	
cavallette	O	O	O	O	
,	O	O	O	O	
disseminata	O	O	O	O	
con	O	O	O	O	
trofei	O	O	O	O	
di	O	O	O	O	
bandiere	O	O	O	O	
sino	O	O	O	O	
ai	O	O	O	O	
più	O	O	O	O	
remoti	O	O	O	O	
angoli	O	O	O	O	
della	O	O	O	O	
terra	O	O	O	O	
.	O	O	O	O	

Non	O	O	O	O	
altrimenti	O	O	O	O	
avrebbe	O	O	O	O	
ora	O	O	O	O	
la	B-GPE	O	O	O	
Spagna	I-GPE	O	O	O	
onorato	O	O	O	O	
il	O	O	O	O	
giubileo	O	O	O	O	
del	O	O	O	O	
taurómaco	B-PER	O	O	O	
Bombita	I-PER	O	O	O	
:	O	O	O	O	
nella	O	O	O	O	
storia	O	O	O	O	
del	O	O	O	O	
secolo	O	O	O	O	
ventesimo	O	O	O	O	
questa	O	O	O	O	
era	O	O	O	O	
,	O	O	O	O	
fra	O	O	O	O	
mille	O	O	O	O	
,	O	O	O	O	
un	O	O	O	O	
'	O	O	O	O	
altra	O	O	O	O	
gloria	O	O	O	O	
che	O	O	O	O	
passava	O	O	O	O	
.	O	O	O	O	

Ma	O	O	O	O	
la	B-PER	O	O	O	
bella	I-PER	O	O	O	
ed	I-PER	O	O	O	
insensibile	I-PER	O	O	O	
forestiera	I-PER	O	O	O	
non	O	O	O	O	
sollevò	O	O	O	O	
nemmeno	O	O	O	O	
gli	O	O	O	O	
occhi	O	O	O	O	
per	O	O	O	O	
guardare	O	O	O	O	
il	B-PER	O	O	O	
leggendario	I-PER	O	O	O	
massacratore	I-PER	O	O	O	
di	I-PER	O	O	O	
fiere	I-PER	O	O	O	
da	I-PER	O	O	O	
combattimento	I-PER	O	O	O	
,	O	O	O	O	
così	O	O	O	O	
curva	O	O	O	O	
era	O	O	O	O	
ed	O	O	O	O	
intenta	O	O	O	O	
sul	O	O	O	O	
piccolo	O	O	O	O	
cartone	O	O	O	O	
a	O	O	O	O	
quadretti	O	O	O	O	
geometrici	O	O	O	O	
,	O	O	O	O	
ove	O	O	O	O	
,	O	O	O	O	
con	O	O	O	O	
un	O	O	O	O	
lungo	O	O	O	O	
spillo	O	O	O	O	
,	O	O	O	O	
andava	O	O	O	O	
annotando	O	O	O	O	
le	O	O	O	O	
figure	O	O	O	O	
del	O	O	O	O	
mazzo	O	O	O	O	
di	O	O	O	O	
trente	O	O	O	O	
et	O	O	O	O	
quarante	O	O	O	O	
.	O	O	O	O	

Invece	O	O	O	O	
,	O	O	O	O	
fra	O	O	O	O	
un	O	O	O	O	
colpo	O	O	O	O	
e	O	O	O	O	
l	O	O	O	O	
'	O	O	O	O	
altro	O	O	O	O	
,	O	O	O	O	
mi	O	O	O	O	
rivolgeva	O	O	O	O	
distrattamente	O	O	O	O	
la	O	O	O	O	
parola	O	O	O	O	
,	O	O	O	O	
forse	O	O	O	O	
persuasa	O	O	O	O	
nell	O	O	O	O	
'	O	O	O	O	
intimo	O	O	O	O	
del	O	O	O	O	
cuor	O	O	O	O	
suo	O	O	O	O	
ch	O	O	O	O	
'	O	O	O	O	
io	O	O	O	O	
fossi	O	O	O	O	
l	O	O	O	O	
'	O	O	O	O	
autentico	O	O	O	O	
propiziatore	O	O	O	O	
della	O	O	O	O	
sua	O	O	O	O	
tenace	O	O	O	O	
fortuna	O	O	O	O	
.	O	O	O	O	

E	O	O	O	O	
mi	O	O	O	O	
raccontava	O	O	O	O	
storie	O	O	O	O	
di	O	O	O	O	
giuoco	O	O	O	O	
avvenute	O	O	O	O	
nel	O	O	O	O	
Casino	O	B-FAC	O	O	
di	O	I-FAC	O	O	
Biarritz	B-GPE	I-FAC	O	O	
,	O	O	O	O	
e	O	O	O	O	
mi	O	O	O	O	
domandava	O	O	O	O	
ogni	O	O	O	O	
tratto	O	O	O	O	
se	O	O	O	O	
non	O	O	O	O	
ci	O	O	O	O	
fosse	O	O	O	O	
mezzo	O	O	O	O	
di	O	O	O	O	
far	O	O	O	O	
aprire	O	O	O	O	
un	O	O	O	O	
'	O	O	O	O	
altra	O	O	O	O	
finestra	O	O	O	O	
,	O	O	O	O	
per	O	O	O	O	
ricevere	O	O	O	O	
qualche	O	O	O	O	
soffio	O	O	O	O	
d	O	O	O	O	
'	O	O	O	O	
aria	O	O	O	O	
dal	O	O	O	O	
tropicale	B-LOC	O	O	O	
giardino	I-LOC	O	O	O	
,	O	O	O	O	
che	O	O	O	O	
muoveva	O	O	O	O	
i	O	O	O	O	
suoi	O	O	O	O	
dolci	O	O	O	O	
carrubi	O	O	O	O	
,	O	O	O	O	
le	O	O	O	O	
sue	O	O	O	O	
fragranti	O	O	O	O	
zágare	O	O	O	O	
gonfie	O	O	O	O	
di	O	O	O	O	
umidità	O	O	O	O	
notturna	O	O	O	O	
,	O	O	O	O	
sotto	O	O	O	O	
le	O	O	O	O	
brezze	O	O	O	O	
dell	O	O	O	O	
'	O	O	O	O	
addormentato	B-LOC	O	O	O	
mare	I-LOC	O	O	O	
.	O	O	O	O	

Ma	O	O	O	O	
le	O	O	O	O	
finestre	O	O	O	O	
infatti	O	O	O	O	
erano	O	O	O	O	
aperte	O	O	O	O	
,	O	O	O	O	
e	O	O	O	O	
si	O	O	O	O	
vedeva	O	O	O	O	
,	O	O	O	O	
tra	O	O	O	O	
gli	O	O	O	O	
archi	O	O	O	O	
del	O	O	O	O	
loggiato	O	O	O	O	
,	O	O	O	O	
una	O	O	O	O	
specie	O	O	O	O	
di	O	O	O	O	
tendone	O	O	O	O	
azzurro	O	O	O	O	
,	O	O	O	O	
intessuto	O	O	O	O	
di	O	O	O	O	
stelle	O	O	O	O	
,	O	O	O	O	
scendere	O	O	O	O	
sovra	O	O	O	O	
una	B-LOC	O	O	O	
collina	I-LOC	O	O	O	
buia	I-LOC	O	O	O	
.	O	O	O	O	

Poichè	O	O	O	O	
dunque	O	O	O	O	
non	O	O	O	O	
era	O	O	O	O	
possibile	O	O	O	O	
aprire	O	O	O	O	
un	O	O	O	O	
'	O	O	O	O	
altra	O	O	O	O	
finestra	O	O	O	O	
ella	O	O	O	O	
risolse	O	O	O	O	
d	O	O	O	O	
'	O	O	O	O	
interrompere	O	O	O	O	
il	O	O	O	O	
gioco	O	O	O	O	
,	O	O	O	O	
e	O	O	O	O	
poich	O	O	O	O	
'	O	O	O	O	
era	O	O	O	O	
già	O	O	O	O	
trascorsa	O	O	O	O	
di	O	O	O	O	
tre	O	O	O	O	
quarti	O	O	O	O	
la	O	O	O	O	
mezzanotte	O	O	O	O	
,	O	O	O	O	
voleva	O	O	O	O	
riposarsi	O	O	O	O	
un	O	O	O	O	
momento	O	O	O	O	
sul	O	O	O	O	
terrazzo	B-FAC	O	O	O	
,	O	O	O	O	
poi	O	O	O	O	
scendere	O	O	O	O	
al	O	O	O	O	
pian	B-FAC	O	O	O	
di	I-FAC	O	O	O	
sotto	I-FAC	O	O	O	
per	O	O	O	O	
la	O	O	O	O	
cena	O	O	O	O	
.	O	O	O	O	

Chiamò	O	O	O	O	
allora	O	O	O	O	
il	B-PER	O	O	O	
suo	I-PER	O	O	O	
giovine	I-PER	O	O	O	
amico	I-PER	O	O	O	
e	O	O	O	O	
gli	O	O	O	O	
commise	O	O	O	O	
l	O	O	O	O	
'	O	O	O	O	
incarico	O	O	O	O	
di	O	O	O	O	
convertirle	O	O	O	O	
in	O	O	O	O	
carta	O	O	O	O	
francese	O	O	O	O	
quel	O	O	O	O	
ragguardevole	O	O	O	O	
mucchio	O	O	O	O	
di	O	O	O	O	
gettoni	O	O	O	O	
e	O	O	O	O	
di	O	O	O	O	
banconote	O	O	O	O	
spagnole	O	O	O	O	
,	O	O	O	O	
che	O	O	O	O	
formavano	O	O	O	O	
il	O	O	O	O	
carico	O	O	O	O	
del	O	O	O	O	
suo	O	O	O	O	
pesante	O	O	O	O	
bottino	O	O	O	O	
.	O	O	O	O	

L	B-PER	O	O	O	
'	I-PER	O	O	O	
altero	I-PER	O	O	O	
hidalgo	I-PER	O	O	O	
raccolse	O	O	O	O	
con	O	O	O	O	
noncuranza	O	O	O	O	
in	O	O	O	O	
un	O	O	O	O	
apposito	O	O	O	O	
paniere	O	O	O	O	
quella	O	O	O	O	
ricchezza	O	O	O	O	
disordinata	O	O	O	O	
,	O	O	O	O	
gettò	O	O	O	O	
al	O	O	O	O	
mazziere	B-PER	O	O	O	
una	O	O	O	O	
mancia	O	O	O	O	
di	O	O	O	O	
mille	O	O	O	O	
pesetas	O	O	O	O	
,	O	O	O	O	
poi	O	O	O	O	
,	O	O	O	O	
tra	O	O	O	O	
l	O	O	O	O	
'	O	O	O	O	
ammirazione	O	O	O	O	
della	O	O	O	O	
folla	B-PER	O	O	O	
,	O	O	O	O	
s	O	O	O	O	
'	O	O	O	O	
incamminò	O	O	O	O	
verso	O	O	O	O	
lo	O	O	O	O	
sportello	O	O	O	O	
del	O	O	O	O	
cambio	O	O	O	O	
,	O	O	O	O	
dietro	O	O	O	O	
il	O	O	O	O	
quale	O	O	O	O	
attendeva	O	O	O	O	
,	O	O	O	O	
con	O	O	O	O	
ironica	O	O	O	O	
e	O	O	O	O	
premurosa	O	O	O	O	
urbanità	O	O	O	O	
,	O	O	O	O	
un	B-PER	O	O	O	
ben	I-PER	O	O	O	
rasato	I-PER	O	O	O	
cassiere	I-PER	O	O	O	
.	O	O	O	O	

Quand	O	O	O	O	
'	O	O	O	O	
egli	O	O	O	O	
fu	O	O	O	O	
di	O	O	O	O	
ritorno	O	O	O	O	
,	O	O	O	O	
la	B-PER	O	O	O	
bella	I-PER	O	O	O	
forestiera	I-PER	O	O	O	
mi	O	O	O	O	
pose	O	O	O	O	
familiarmente	O	O	O	O	
una	O	O	O	O	
mano	O	O	O	O	
sul	O	O	O	O	
braccio	O	O	O	O	
e	O	O	O	O	
disse	O	O	O	O	
al	O	O	O	O	
giovine	B-PER	O	O	O	
hidalgo	I-PER	O	O	O	
:	O	O	O	O	
—	O	O	O	O	
Vi	O	O	O	O	
prego	O	O	O	O	
,	O	O	O	O	
Lord	B-PER	O	O	O	
Pepe	I-PER	O	O	O	
:	O	O	O	O	
volete	O	O	O	O	
usarmi	O	O	O	O	
la	O	O	O	O	
cortesia	O	O	O	O	
di	O	O	O	O	
presentare	O	O	O	O	
voi	O	O	O	O	
e	O	O	O	O	
me	O	O	O	O	
a	O	O	O	O	
questo	B-PER	O	O	O	
giovine	I-PER	O	O	O	
signore	I-PER	O	O	O	
,	O	O	O	O	
che	O	O	O	O	
mi	O	O	O	O	
ha	O	O	O	O	
portata	O	O	O	O	
una	O	O	O	O	
così	O	O	O	O	
grande	O	O	O	O	
fortuna	O	O	O	O	
?	O	O	O	O	

L	B-PER	O	O	O	
'	I-PER	O	O	O	
elegantissimo	I-PER	O	O	O	
hidalgo	I-PER	O	O	O	
mi	O	O	O	O	
squadrò	O	O	O	O	
velocemente	O	O	O	O	
,	O	O	O	O	
con	O	O	O	O	
uno	O	O	O	O	
sguardo	O	O	O	O	
non	O	O	O	O	
troppo	O	O	O	O	
amichevole	O	O	O	O	
;	O	O	O	O	
poi	O	O	O	O	
,	O	O	O	O	
súbito	O	O	O	O	
,	O	O	O	O	
con	O	O	O	O	
la	O	O	O	O	
miglior	O	O	O	O	
grazia	O	O	O	O	
del	O	O	O	O	
mondo	O	O	O	O	
mi	O	O	O	O	
declinò	O	O	O	O	
il	O	O	O	O	
suo	O	O	O	O	
nome	O	O	O	O	
altisonante	O	O	O	O	
:	O	O	O	O	
—	O	O	O	O	
don	B-PER	O	O	O	
Josè	I-PER	O	O	O	
Fernandez	I-PER	O	O	O	
,	I-PER	O	O	O	
vizconde	I-PER	O	O	O	
de	I-PER	O	O	O	
Higuera	I-PER	O	O	O	
.	O	O	O	O	

—	O	O	O	O	
Io	O	O	O	O	
lo	O	O	O	O	
chiamo	O	O	O	O	
Lord	B-PER	O	O	O	
Pepe	I-PER	O	O	O	
,	O	O	O	O	
—	O	O	O	O	
corresse	O	O	O	O	
con	O	O	O	O	
un	O	O	O	O	
lieve	O	O	O	O	
sorriso	O	O	O	O	
la	B-PER	O	O	O	
bella	I-PER	O	O	O	
forestiera	I-PER	O	O	O	
.	O	O	O	O	

E	O	O	O	O	
Lord	B-PER	O	O	O	
Pepe	I-PER	O	O	O	
,	O	O	O	O	
messo	O	O	O	O	
di	O	O	O	O	
buon	O	O	O	O	
umore	O	O	O	O	
senza	O	O	O	O	
dubbio	O	O	O	O	
dal	O	O	O	O	
denaro	O	O	O	O	
vinto	O	O	O	O	
,	O	O	O	O	
mi	O	O	O	O	
presentò	O	O	O	O	
con	O	O	O	O	
un	O	O	O	O	
gesto	O	O	O	O	
impercettibilmente	O	O	O	O	
ironico	O	O	O	O	
alla	O	O	O	O	
mia	B-PER	O	O	O	
vicina	I-PER	O	O	O	
di	I-PER	O	O	O	
tavola	I-PER	O	O	O	
,	O	O	O	O	
—	O	O	O	O	
che	O	O	O	O	
si	O	O	O	O	
chiamava	O	O	O	O	
Madlen	B-PER	O	O	O	
Green	I-PER	O	O	O	
.	O	O	O	O	

Più	O	O	O	O	
tardi	O	O	O	O	
,	O	O	O	O	
nella	O	O	O	O	
sala	O	B-FAC	O	O	
verso	O	I-FAC	O	O	
il	B-FAC	I-FAC	O	O	
terrazzo	I-FAC	I-FAC	O	O	
,	O	O	O	O	
durante	O	O	O	O	
l	O	O	O	O	
'	O	O	O	O	
ora	O	O	O	O	
della	O	O	O	O	
cena	O	O	O	O	
,	O	O	O	O	
cominciarono	O	O	O	O	
fra	O	O	O	O	
noi	O	O	O	O	
le	O	O	O	O	
prime	O	O	O	O	
confidenze	O	O	O	O	
.	O	O	O	O	

Abitavano	O	O	O	O	
essi	O	O	O	O	
pure	O	O	O	O	
al	O	O	O	O	
Maria	B-GPE	O	O	O	
Cristina	I-GPE	O	O	O	
ed	O	O	O	O	
erano	O	O	O	O	
venuti	O	O	O	O	
quel	O	O	O	O	
giorno	O	O	O	O	
stesso	O	O	O	O	
da	O	O	O	O	
Biarritz	B-GPE	O	O	O	
,	O	O	O	O	
col	O	O	O	O	
proposito	O	O	O	O	
di	O	O	O	O	
rimanere	O	O	O	O	
a	O	O	O	O	
San	B-GPE	O	O	O	
Sebastiano	I-GPE	O	O	O	
per	O	O	O	O	
tutta	O	O	O	O	
la	O	O	O	O	
durata	O	O	O	O	
del	O	O	O	O	
Concorso	O	O	O	O	
Ippico	O	O	O	O	
e	O	O	O	O	
delle	O	O	O	O	
grandi	O	O	O	O	
Corride	O	O	O	O	
.	O	O	O	O	

Il	B-PER	O	O	O	
giovine	I-PER	O	O	O	
hidalgo	I-PER	O	O	O	
,	I-PER	O	O	O	
don	I-PER	O	O	O	
Josè	I-PER	O	O	O	
Fernandez	I-PER	O	O	O	
vizconde	I-PER	O	O	O	
de	I-PER	O	O	O	
Higuera	I-PER	O	O	O	
,	I-PER	O	O	O	
l	I-PER	O	O	O	
'	I-PER	O	O	O	
elegantissimo	I-PER	O	O	O	
Lord	I-PER	O	O	O	
Pepe	I-PER	O	O	O	
,	O	O	O	O	
súbito	O	O	O	O	
mi	O	O	O	O	
si	O	O	O	O	
rivelò	O	O	O	O	
per	O	O	O	O	
un	B-PER	O	O	O	
uomo	I-PER	O	O	O	
di	I-PER	O	O	O	
mondo	I-PER	O	O	O	
fino	O	O	O	O	
ed	O	O	O	O	
assennato	O	O	O	O	
,	O	O	O	O	
pur	O	O	O	O	
tra	O	O	O	O	
le	O	O	O	O	
rade	O	O	O	O	
parole	O	O	O	O	
che	O	O	O	O	
interrompevano	O	O	O	O	
la	O	O	O	O	
sua	O	O	O	O	
taciturna	O	O	O	O	
fame	O	O	O	O	
.	O	O	O	O	

Il	O	O	O	O	
vin	O	O	O	O	
generoso	O	O	O	O	
e	O	O	O	O	
la	O	O	O	O	
buona	O	O	O	O	
vivanda	O	O	O	O	
gli	O	O	O	O	
facevano	O	O	O	O	
considerare	O	O	O	O	
la	O	O	O	O	
vita	O	O	O	O	
sotto	O	O	O	O	
un	O	O	O	O	
punto	O	O	O	O	
di	O	O	O	O	
vista	O	O	O	O	
ironicamente	O	O	O	O	
gaio	O	O	O	O	
.	O	O	O	O	

S	O	O	O	O	
'	O	O	O	O	
affrettò	O	O	O	O	
a	O	O	O	O	
farmi	O	O	O	O	
conoscere	O	O	O	O	
che	O	O	O	O	
la	B-PER	O	O	O	
sua	I-PER	O	O	O	
famiglia	I-PER	O	O	O	
,	I-PER	O	O	O	
d	I-PER	O	O	O	
'	I-PER	O	O	O	
origine	I-PER	O	O	O	
madrilena	I-PER	O	O	O	
,	O	O	O	O	
or	O	O	O	O	
da	O	O	O	O	
molti	O	O	O	O	
anni	O	O	O	O	
dimorava	O	O	O	O	
nella	O	O	O	O	
capitale	B-GPE	O	O	O	
inglese	I-GPE	O	O	O	
,	O	O	O	O	
ove	O	O	O	O	
suo	B-PER	O	O	O	
padre	I-PER	O	O	O	
esercitava	O	O	O	O	
con	O	O	O	O	
fortuna	O	O	O	O	
l	O	O	O	O	
'	O	O	O	O	
alto	O	O	O	O	
commercio	O	O	O	O	
bancario	O	O	O	O	
.	O	O	O	O	

Per	O	O	O	O	
conto	O	O	O	O	
suo	O	O	O	O	
l	B-PER	O	O	O	
'	I-PER	O	O	O	
elegantissimo	I-PER	O	O	O	
Lord	I-PER	O	O	O	
Pepe	I-PER	O	O	O	
non	O	O	O	O	
trascorreva	O	O	O	O	
in	O	O	O	O	
Inghilterra	B-GPE	O	O	O	
che	O	O	O	O	
il	O	O	O	O	
breve	O	O	O	O	
tempo	O	O	O	O	
della	O	O	O	O	
Season	O	O	O	O	
,	O	O	O	O	
poichè	O	O	O	O	
preferiva	O	O	O	O	
negli	O	O	O	O	
altri	O	O	O	O	
mesi	O	O	O	O	
dell	O	O	O	O	
'	O	O	O	O	
anno	O	O	O	O	
gli	O	O	O	O	
svaghi	O	O	O	O	
e	O	O	O	O	
le	O	O	O	O	
incessanti	O	O	O	O	
fatiche	O	O	O	O	
della	O	O	O	O	
vita	O	O	O	O	
continentale	O	O	O	O	
.	O	O	O	O	

A	O	O	O	O	
mia	O	O	O	O	
volta	O	O	O	O	
gli	O	O	O	O	
confidai	O	O	O	O	
ch	O	O	O	O	
'	O	O	O	O	
ero	O	O	O	O	
nato	O	O	O	O	
nella	O	O	O	O	
felice	B-GPE	O	O	O	
terra	I-GPE	O	O	O	
d	I-GPE	O	O	O	
'	I-GPE	O	O	O	
Italia	I-GPE	O	O	O	
,	O	O	O	O	
dove	O	O	O	O	
praticavo	O	O	O	O	
l	O	O	O	O	
'	O	O	O	O	
efferato	O	O	O	O	
e	O	O	O	O	
malinconico	O	O	O	O	
mestiere	O	O	O	O	
dello	O	O	O	O	
scriver	O	O	O	O	
libri	O	O	O	O	
—	O	O	O	O	
libri	O	O	O	O	
anzi	O	O	O	O	
ove	O	O	O	O	
l	O	O	O	O	
'	O	O	O	O	
amore	O	O	O	O	
snuda	O	O	O	O	
sè	O	O	O	O	
stesso	O	O	O	O	
con	O	O	O	O	
implacabilità	O	O	O	O	
,	O	O	O	O	
—	O	O	O	O	
e	O	O	O	O	
che	O	O	O	O	
adesso	O	O	O	O	
ero	O	O	O	O	
venuto	O	O	O	O	
peregrinando	O	O	O	O	
fino	O	O	O	O	
alla	O	O	O	O	
bianca	B-GPE	O	O	O	
terra	I-GPE	O	O	O	
di	I-GPE	O	O	O	
Guipuzcoa	I-GPE	O	O	O	
,	O	O	O	O	
forse	O	O	O	O	
con	O	O	O	O	
lo	O	O	O	O	
scopo	O	O	O	O	
alquanto	O	O	O	O	
evasivo	O	O	O	O	
di	O	O	O	O	
contemplare	O	O	O	O	
il	B-LOC	O	O	O	
dolce	I-LOC	O	O	O	
Atlantico	I-LOC	O	O	O	
...	O	O	O	O	
