Quando	O	O	O	O	
non	O	O	O	O	
aveva	O	O	O	O	
con	O	O	O	O	
chi	O	O	O	O	
prendersela	O	O	O	O	
,	O	O	O	O	
donna	B-PER	O	O	O	
Mita	I-PER	O	O	O	
se	O	O	O	O	
la	O	O	O	O	
prendeva	O	O	O	O	
con	O	O	O	O	
suo	B-PER	O	O	O	
marito	I-PER	O	O	O	
buon	O	O	O	O	
'	O	O	O	O	
anima	O	O	O	O	
,	O	O	O	O	
che	O	O	O	O	
se	O	O	O	O	
n	O	O	O	O	
'	O	O	O	O	
era	O	O	O	O	
andato	O	O	O	O	
in	O	O	O	O	
Paradiso	B-FAC	O	O	O	
,	O	O	O	O	
lasciando	O	O	O	O	
lei	O	O	O	O	
e	O	O	O	O	
le	B-PER	O	O	O	
figliuole	I-PER	O	O	O	
in	O	O	O	O	
un	O	O	O	O	
mare	O	O	O	O	
di	O	O	O	O	
guai	O	O	O	O	
.	O	O	O	O	

Non	O	O	O	O	
aveva	O	O	O	O	
mai	O	O	O	O	
fatto	O	O	O	O	
niente	O	O	O	O	
di	O	O	O	O	
bene	O	O	O	O	
in	O	O	O	O	
questo	B-LOC	O	O	O	
mondo	I-LOC	O	O	O	
,	O	O	O	O	
e	O	O	O	O	
non	O	O	O	O	
ne	O	O	O	O	
faceva	O	O	O	O	
neppure	O	O	O	O	
nell	O	O	O	O	
'	O	O	O	O	
altro	B-LOC	O	O	O	
,	O	O	O	O	
pover	B-PER	O	O	O	
'	I-PER	O	O	O	
uomo	I-PER	O	O	O	
!	O	O	O	O	

--	O	O	O	O	
Che	O	O	O	O	
gli	O	O	O	O	
costerebbe	O	O	O	O	
dire	O	O	O	O	
a	O	O	O	O	
Domeneddio	B-PER	O	O	O	
--	O	O	O	O	
lo	O	O	O	O	
ha	O	O	O	O	
tutti	O	O	O	O	
i	O	O	O	O	
giorni	O	O	O	O	
,	O	O	O	O	
come	O	O	O	O	
suol	O	O	O	O	
dirsi	O	O	O	O	
,	O	O	O	O	
tra	O	O	O	O	
piedi	O	O	O	O	
:	O	O	O	O	
--	O	O	O	O	
Signore	B-PER	O	O	O	
,	O	O	O	O	
rivelatemi	O	O	O	O	
tre	O	O	O	O	
numeri	O	O	O	O	
,	O	O	O	O	
tre	O	O	O	O	
soli	O	O	O	O	
,	O	O	O	O	
di	O	O	O	O	
quelli	O	O	O	O	
che	O	O	O	O	
usciranno	O	O	O	O	
sabato	O	O	O	O	
prossimo	O	O	O	O	
al	O	O	O	O	
lotto	O	O	O	O	
,	O	O	O	O	
perchè	O	O	O	O	
io	O	O	O	O	
vada	O	O	O	O	
a	O	O	O	O	
indicarli	O	O	O	O	
in	O	O	O	O	
sogno	O	O	O	O	
a	O	O	O	O	
mia	B-PER	O	O	O	
moglie	I-PER	O	O	O	
?	O	O	O	O	

Non	O	O	O	O	
vedete	O	O	O	O	
come	O	O	O	O	
stenta	O	O	O	O	
con	O	O	O	O	
tutti	O	O	O	O	
quei	O	O	O	O	
debiti	O	O	O	O	
e	O	O	O	O	
con	O	O	O	O	
le	O	O	O	O	
liti	O	O	O	O	
che	O	O	O	O	
le	O	O	O	O	
ho	O	O	O	O	
lasciato	O	O	O	O	
su	O	O	O	O	
le	O	O	O	O	
braccia	O	O	O	O	
?	O	O	O	O	

--	O	O	O	O	
Uh	O	O	O	O	
!	O	O	O	O	

non	O	O	O	O	
si	O	O	O	O	
rammenta	O	O	O	O	
neppure	O	O	O	O	
nè	O	O	O	O	
di	O	O	O	O	
me	O	O	O	O	
,	O	O	O	O	
nè	O	O	O	O	
delle	O	O	O	O	
tre	B-PER	O	O	O	
orfanelle	I-PER	O	O	O	
che	O	O	O	O	
già	O	O	O	O	
spighiscono	O	O	O	O	
in	O	O	O	O	
casa	B-FAC	O	O	O	
gialle	O	O	O	O	
e	O	O	O	O	
magre	O	O	O	O	
,	O	O	O	O	
e	O	O	O	O	
non	O	O	O	O	
trovano	O	O	O	O	
un	O	O	O	O	
cane	O	O	O	O	
che	O	O	O	O	
le	O	O	O	O	
voglia	O	O	O	O	
.	O	O	O	O	

Forse	O	O	O	O	
che	O	O	O	O	
lui	O	O	O	O	
in	O	O	O	O	
Paradiso	B-FAC	O	O	O	
ha	O	O	O	O	
più	O	O	O	O	
bisogno	O	O	O	O	
di	O	O	O	O	
mangiare	O	O	O	O	
,	O	O	O	O	
di	O	O	O	O	
vestirsi	O	O	O	O	
,	O	O	O	O	
di	O	O	O	O	
pensare	O	O	O	O	
ai	O	O	O	O	
debiti	O	O	O	O	
,	O	O	O	O	
alle	O	O	O	O	
liti	O	O	O	O	
,	O	O	O	O	
alla	O	O	O	O	
moglie	B-PER	O	O	O	
,	O	O	O	O	
alle	O	O	O	O	
figliuole	B-PER	O	O	O	
?	O	O	O	O	

Pensò	O	O	O	O	
in	O	O	O	O	
fine	O	O	O	O	
di	O	O	O	O	
vita	O	O	O	O	
,	O	O	O	O	
alle	O	O	O	O	
sante	O	O	O	O	
messe	O	O	O	O	
,	O	O	O	O	
al	O	O	O	O	
rosario	O	O	O	O	
:	O	O	O	O	
--	O	O	O	O	
Mita	B-PER	O	O	O	
mia	I-PER	O	O	O	
,	O	O	O	O	
figliuole	B-PER	O	O	O	
mie	I-PER	O	O	O	
,	O	O	O	O	
pregate	O	O	O	O	
per	O	O	O	O	
me	O	O	O	O	
,	O	O	O	O	
io	O	O	O	O	
pregherò	O	O	O	O	
per	O	O	O	O	
voi	O	O	O	O	
lassù	O	O	O	O	
!	O	O	O	O	

E	O	O	O	O	
da	O	O	O	O	
tre	O	O	O	O	
anni	O	O	O	O	
ch	O	O	O	O	
'	O	O	O	O	
era	O	O	O	O	
lassù	O	O	O	O	
,	O	O	O	O	
non	O	O	O	O	
le	O	O	O	O	
era	O	O	O	O	
venuto	O	O	O	O	
in	O	O	O	O	
sogno	O	O	O	O	
nemmeno	O	O	O	O	
una	O	O	O	O	
volta	O	O	O	O	
,	O	O	O	O	
tanto	O	O	O	O	
da	O	O	O	O	
mostrare	O	O	O	O	
che	O	O	O	O	
si	O	O	O	O	
ricordasse	O	O	O	O	
di	O	O	O	O	
loro	O	O	O	O	
!	O	O	O	O	

Perciò	O	O	O	O	
donna	B-PER	O	O	O	
Mita	I-PER	O	O	O	
,	O	O	O	O	
la	O	O	O	O	
sera	O	O	O	O	
,	O	O	O	O	
recitando	O	O	O	O	
il	O	O	O	O	
rosario	O	O	O	O	
con	O	O	O	O	
le	B-PER	O	O	O	
figliuole	I-PER	O	O	O	
,	O	O	O	O	
da	O	O	O	O	
un	O	O	O	O	
pezzo	O	O	O	O	
non	O	O	O	O	
diceva	O	O	O	O	
più	O	O	O	O	
un	O	O	O	O	
'	O	O	O	O	
avemmaria	O	O	O	O	
per	O	O	O	O	
l	O	O	O	O	
'	O	O	O	O	
anima	O	O	O	O	
del	O	O	O	O	
marito	B-PER	O	O	O	
.	O	O	O	O	

Invece	O	O	O	O	
diceva	O	O	O	O	
paternostri	O	O	O	O	
e	O	O	O	O	
avemmarie	O	O	O	O	
per	O	O	O	O	
l	B-PER	O	O	O	
'	I-PER	O	O	O	
avvocato	I-PER	O	O	O	
,	O	O	O	O	
pel	O	O	O	O	
procuratore	B-PER	O	O	O	
legale	I-PER	O	O	O	
e	O	O	O	O	
pei	O	O	O	O	
giudici	B-PER	O	O	O	
,	O	O	O	O	
affinchè	O	O	O	O	
il	B-PER	O	O	O	
Signore	I-PER	O	O	O	
schiarisse	O	O	O	O	
loro	O	O	O	O	
la	O	O	O	O	
mente	O	O	O	O	
,	O	O	O	O	
e	O	O	O	O	
difendessero	O	O	O	O	
bene	O	O	O	O	
i	O	O	O	O	
diritti	O	O	O	O	
delle	O	O	O	O	
orfane	B-PER	O	O	O	
e	O	O	O	O	
facessero	O	O	O	O	
giustizia	O	O	O	O	
nelle	O	O	O	O	
tre	O	O	O	O	
liti	O	O	O	O	
che	O	O	O	O	
non	O	O	O	O	
finivano	O	O	O	O	
mai	O	O	O	O	
con	O	O	O	O	
quell	O	O	O	O	
'	O	O	O	O	
animaccia	O	O	O	O	
storta	O	O	O	O	
di	O	O	O	O	
don	B-PER	O	O	O	
Basilio	I-PER	O	O	O	
Cuti	I-PER	O	O	O	
.	O	O	O	O	

Ora	O	O	O	O	
toccava	O	O	O	O	
a	O	O	O	O	
lei	O	O	O	O	
agire	O	O	O	O	
da	O	O	O	O	
uomo	B-PER	O	O	O	
:	O	O	O	O	
sollecitare	O	O	O	O	
gli	B-PER	O	O	O	
avvocati	I-PER	O	O	O	
,	O	O	O	O	
dare	O	O	O	O	
schiarimenti	O	O	O	O	
al	O	O	O	O	
Tribunale	B-ORG	O	O	O	
,	O	O	O	O	
alla	O	O	O	O	
Corte	B-ORG	O	O	O	
,	O	O	O	O	
buttarsi	O	O	O	O	
ai	O	O	O	O	
piedi	O	O	O	O	
di	O	O	O	O	
questo	O	O	O	O	
e	O	O	O	O	
di	O	O	O	O	
quello	O	O	O	O	
per	O	O	O	O	
una	O	O	O	O	
buona	O	O	O	O	
raccomandazione	O	O	O	O	
,	O	O	O	O	
e	O	O	O	O	
sventare	O	O	O	O	
gli	O	O	O	O	
intrighi	O	O	O	O	
dell	O	O	O	O	
'	O	O	O	O	
avversario	B-PER	O	O	O	
che	O	O	O	O	
ne	O	O	O	O	
inventava	O	O	O	O	
sempre	O	O	O	O	
uno	O	O	O	O	
più	O	O	O	O	
infernale	O	O	O	O	
dell	O	O	O	O	
'	O	O	O	O	
altro	O	O	O	O	
e	O	O	O	O	
non	O	O	O	O	
dava	O	O	O	O	
requie	O	O	O	O	
,	O	O	O	O	
e	O	O	O	O	
voleva	O	O	O	O	
ridurle	O	O	O	O	
all	O	O	O	O	
'	O	O	O	O	
elemosina	O	O	O	O	
,	O	O	O	O	
quasi	O	O	O	O	
non	O	O	O	O	
fossero	O	O	O	O	
state	O	O	O	O	
parenti	O	O	O	O	
e	O	O	O	O	
non	O	O	O	O	
si	O	O	O	O	
chiamassero	O	O	O	O	
Cuti	B-PER	O	O	O	
anche	O	O	O	O	
loro	O	O	O	O	
!	O	O	O	O	

In	O	O	O	O	
poco	O	O	O	O	
tempo	O	O	O	O	
era	O	O	O	O	
invecchiata	O	O	O	O	
di	O	O	O	O	
dieci	O	O	O	O	
anni	O	O	O	O	
col	O	O	O	O	
pensiero	O	O	O	O	
fisso	O	O	O	O	
di	O	O	O	O	
quelle	O	O	O	O	
liti	O	O	O	O	
.	O	O	O	O	

Già	O	O	O	O	
aveva	O	O	O	O	
tutto	O	O	O	O	
il	O	O	O	O	
codice	O	O	O	O	
a	O	O	O	O	
memoria	O	O	O	O	
meglio	O	O	O	O	
degli	O	O	O	O	
avvocati	B-PER	O	O	O	
e	O	O	O	O	
del	O	O	O	O	
procuratore	B-PER	O	O	O	
legale	I-PER	O	O	O	
,	O	O	O	O	
quantunque	O	O	O	O	
sapesse	O	O	O	O	
appena	O	O	O	O	
leggere	O	O	O	O	
e	O	O	O	O	
scarabocchiare	O	O	O	O	
la	O	O	O	O	
propria	O	O	O	O	
firma	O	O	O	O	
.	O	O	O	O	

Ah	O	O	O	O	
,	O	O	O	O	
il	B-PER	O	O	O	
Signore	I-PER	O	O	O	
chi	O	O	O	O	
sa	O	O	O	O	
dove	O	O	O	O	
aveva	O	O	O	O	
il	O	O	O	O	
capo	O	O	O	O	
nel	O	O	O	O	
momento	O	O	O	O	
che	O	O	O	O	
stava	O	O	O	O	
impastando	O	O	O	O	
lei	O	O	O	O	
e	O	O	O	O	
suo	B-PER	O	O	O	
marito	I-PER	O	O	O	
!	O	O	O	O	

Avrebbe	O	O	O	O	
dovuto	O	O	O	O	
dare	O	O	O	O	
i	O	O	O	O	
calzoni	O	O	O	O	
a	O	O	O	O	
lei	O	O	O	O	
e	O	O	O	O	
la	O	O	O	O	
gonna	O	O	O	O	
a	O	O	O	O	
lui	O	O	O	O	
,	O	O	O	O	
e	O	O	O	O	
allora	O	O	O	O	
le	O	O	O	O	
cose	O	O	O	O	
di	O	O	O	O	
famiglia	O	O	O	O	
sarebbero	O	O	O	O	
andate	O	O	O	O	
altrimenti	O	O	O	O	
!	O	O	O	O	

Ma	O	O	O	O	
non	O	O	O	O	
si	O	O	O	O	
perdeva	O	O	O	O	
d	O	O	O	O	
'	O	O	O	O	
animo	O	O	O	O	
.	O	O	O	O	

E	O	O	O	O	
quando	O	O	O	O	
qualcuno	B-PER	O	O	O	
le	O	O	O	O	
diceva	O	O	O	O	
:	O	O	O	O	
--	O	O	O	O	
Fate	O	O	O	O	
una	O	O	O	O	
transazione	O	O	O	O	
;	O	O	O	O	
sarà	O	O	O	O	
meglio	O	O	O	O	
!	O	O	O	O	

--	O	O	O	O	
lei	O	O	O	O	
agitava	O	O	O	O	
violentemente	O	O	O	O	
le	O	O	O	O	
mani	O	O	O	O	
e	O	O	O	O	
la	O	O	O	O	
testa	O	O	O	O	
,	O	O	O	O	
socchiudendo	O	O	O	O	
gli	O	O	O	O	
occhi	O	O	O	O	
,	O	O	O	O	
strizzando	O	O	O	O	
le	O	O	O	O	
labbra	O	O	O	O	
,	O	O	O	O	
per	O	O	O	O	
significare	O	O	O	O	
:	O	O	O	O	
--	O	O	O	O	
No	O	O	O	O	
!	O	O	O	O	

No	O	O	O	O	
!	O	O	O	O	

--	O	O	O	O	
Non	O	O	O	O	
voleva	O	O	O	O	
lasciar	O	O	O	O	
spogliare	O	O	O	O	
le	B-PER	O	O	O	
tre	I-PER	O	O	O	
povere	I-PER	O	O	O	
orfane	I-PER	O	O	O	
.	O	O	O	O	

Finchè	O	O	O	O	
lei	O	O	O	O	
aveva	O	O	O	O	
fiato	O	O	O	O	
,	O	O	O	O	
avrebbe	O	O	O	O	
dato	O	O	O	O	
filo	O	O	O	O	
da	O	O	O	O	
torcere	O	O	O	O	
a	O	O	O	O	
quel	B-PER	O	O	O	
brigante	I-PER	O	O	O	
di	I-PER	O	O	O	
don	I-PER	O	O	O	
Basilio	I-PER	O	O	O	
.	O	O	O	O	

E	O	O	O	O	
l	O	O	O	O	
'	O	O	O	O	
avrebbe	O	O	O	O	
spuntata	O	O	O	O	
,	O	O	O	O	
n	O	O	O	O	
'	O	O	O	O	
era	O	O	O	O	
sicura	O	O	O	O	
,	O	O	O	O	
sicurissima	O	O	O	O	
!	O	O	O	O	

E	O	O	O	O	
il	O	O	O	O	
giorno	O	O	O	O	
in	O	O	O	O	
cui	O	O	O	O	
avrebbe	O	O	O	O	
vinto	O	O	O	O	
le	O	O	O	O	
liti	O	O	O	O	
,	O	O	O	O	
avrebbe	O	O	O	O	
fatto	O	O	O	O	
dire	O	O	O	O	
una	O	O	O	O	
solenne	O	O	O	O	
messa	O	O	O	O	
cantata	O	O	O	O	
al	O	O	O	O	
patriarca	B-PER	O	O	O	
San	I-PER	O	O	O	
Giuseppe	I-PER	O	O	O	
,	O	O	O	O	
con	O	O	O	O	
cento	O	O	O	O	
torce	O	O	O	O	
nuove	O	O	O	O	
all	O	O	O	O	
'	O	O	O	O	
altare	O	O	O	O	
e	O	O	O	O	
gran	O	O	O	O	
scampanìo	O	O	O	O	
e	O	O	O	O	
mortaretti	O	O	O	O	
e	O	O	O	O	
banda	B-ORG	O	O	O	
musicale	I-ORG	O	O	O	
,	O	O	O	O	
dall	O	O	O	O	
'	O	O	O	O	
alba	O	O	O	O	
alla	O	O	O	O	
sera	O	O	O	O	
,	O	O	O	O	
per	O	O	O	O	
far	O	O	O	O	
crepare	O	O	O	O	
di	O	O	O	O	
rabbia	O	O	O	O	
don	B-PER	O	O	O	
Basilio	I-PER	O	O	O	
e	O	O	O	O	
tutti	B-PER	O	O	O	
coloro	I-PER	O	O	O	
che	I-PER	O	O	O	
le	I-PER	O	O	O	
volevano	I-PER	O	O	O	
male	I-PER	O	O	O	
.	O	O	O	O	

E	O	O	O	O	
poi	O	O	O	O	
,	O	O	O	O	
nozze	O	O	O	O	
,	O	O	O	O	
subito	O	O	O	O	
subito	O	O	O	O	
;	O	O	O	O	
perchè	O	O	O	O	
le	B-PER	O	O	O	
figliuole	I-PER	O	O	O	
allora	O	O	O	O	
avrebbero	O	O	O	O	
una	O	O	O	O	
grossa	O	O	O	O	
dote	O	O	O	O	
,	O	O	O	O	
duemila	O	O	O	O	
e	O	O	O	O	
più	O	O	O	O	
onze	O	O	O	O	
ognuna	O	O	O	O	
,	O	O	O	O	
e	O	O	O	O	
i	B-PER	O	O	O	
mariti	I-PER	O	O	O	
piomberebbero	O	O	O	O	
da	O	O	O	O	
tutte	O	O	O	O	
le	O	O	O	O	
parti	O	O	O	O	
.	O	O	O	O	

Quando	O	O	O	O	
c	O	O	O	O	
'	O	O	O	O	
è	O	O	O	O	
il	O	O	O	O	
miele	O	O	O	O	
le	O	O	O	O	
mosche	O	O	O	O	
accorrono	O	O	O	O	
a	O	O	O	O	
torme	O	O	O	O	
.	O	O	O	O	

E	O	O	O	O	
così	O	O	O	O	
lei	O	O	O	O	
farebbe	O	O	O	O	
la	O	O	O	O	
gran	O	O	O	O	
vendetta	O	O	O	O	
!	O	O	O	O	

La	O	O	O	O	
gran	O	O	O	O	
vendetta	O	O	O	O	
era	O	O	O	O	
quella	O	O	O	O	
di	O	O	O	O	
maritare	O	O	O	O	
le	B-PER	O	O	O	
figliuole	I-PER	O	O	O	
fuori	O	O	O	O	
del	O	O	O	O	
paese	B-GPE	O	O	O	
,	O	O	O	O	
a	O	O	O	O	
Caltagirone	B-GPE	O	O	O	
a	O	O	O	O	
Vizzini	B-GPE	O	O	O	
,	O	O	O	O	
a	O	O	O	O	
Militello	B-GPE	O	O	O	
,	O	O	O	O	
in	O	O	O	O	
capo	O	O	O	O	
al	O	O	O	O	
mondo	O	O	O	O	
,	O	O	O	O	
ma	O	O	O	O	
non	O	O	O	O	
in	O	O	O	O	
quel	B-GPE	O	O	O	
suo	I-GPE	O	O	O	
paesaccio	I-GPE	O	O	O	
di	I-GPE	O	O	O	
tangheri	I-GPE	O	O	O	
,	O	O	O	O	
che	O	O	O	O	
ora	O	O	O	O	
non	O	O	O	O	
le	O	O	O	O	
degnavano	O	O	O	O	
d	O	O	O	O	
'	O	O	O	O	
uno	O	O	O	O	
sguardo	O	O	O	O	
perchè	O	O	O	O	
,	O	O	O	O	
se	O	O	O	O	
non	O	O	O	O	
vincevano	O	O	O	O	
le	O	O	O	O	
liti	O	O	O	O	
,	O	O	O	O	
sarebbero	O	O	O	O	
rimaste	O	O	O	O	
con	O	O	O	O	
la	O	O	O	O	
sola	O	O	O	O	
camicia	O	O	O	O	
indosso	O	O	O	O	
.	O	O	O	O	

--	O	O	O	O	
E	O	O	O	O	
le	O	O	O	O	
virtù	O	O	O	O	
domestiche	O	O	O	O	
non	O	O	O	O	
contavano	O	O	O	O	
niente	O	O	O	O	
dunque	O	O	O	O	
?	O	O	O	O	

Parlandone	O	O	O	O	
con	O	O	O	O	
gli	O	O	O	O	
altri	O	O	O	O	
,	O	O	O	O	
donna	B-PER	O	O	O	
Mita	I-PER	O	O	O	
non	O	O	O	O	
rifiniva	O	O	O	O	
di	O	O	O	O	
esaltare	O	O	O	O	
le	O	O	O	O	
virtù	O	O	O	O	
domestiche	O	O	O	O	
di	O	O	O	O	
quelle	B-PER	O	O	O	
tre	I-PER	O	O	O	
ragazze	I-PER	O	O	O	
,	O	O	O	O	
di	O	O	O	O	
quelle	B-PER	O	O	O	
angiole	I-PER	O	O	O	
,	O	O	O	O	
come	O	O	O	O	
aggiungeva	O	O	O	O	
sempre	O	O	O	O	
;	O	O	O	O	
ma	O	O	O	O	
in	O	O	O	O	
famiglia	B-PER	O	O	O	
era	O	O	O	O	
un	O	O	O	O	
'	O	O	O	O	
altra	O	O	O	O	
cosa	O	O	O	O	
.	O	O	O	O	

Le	O	O	O	O	
sgridava	O	O	O	O	
tutta	O	O	O	O	
la	O	O	O	O	
santa	O	O	O	O	
giornata	O	O	O	O	
,	O	O	O	O	
ogni	O	O	O	O	
volta	O	O	O	O	
che	O	O	O	O	
gli	O	O	O	O	
affari	O	O	O	O	
non	O	O	O	O	
la	O	O	O	O	
sballottavano	O	O	O	O	
di	O	O	O	O	
qua	O	O	O	O	
e	O	O	O	O	
di	O	O	O	O	
là	O	O	O	O	
,	O	O	O	O	
dall	O	O	O	O	
'	O	O	O	O	
avvocato	B-PER	O	O	O	
,	O	O	O	O	
dal	O	O	O	O	
notaio	B-PER	O	O	O	
,	O	O	O	O	
dal	O	O	O	O	
sindaco	B-PER	O	O	O	
,	O	O	O	O	
dall	O	O	O	O	
'	O	O	O	O	
Agente	B-PER	O	O	O	
delle	I-PER	O	O	O	
tasse	I-PER	O	O	O	
,	O	O	O	O	
o	O	O	O	O	
a	O	O	O	O	
Caltagirone	B-GPE	O	O	O	
,	O	O	O	O	
in	O	O	O	O	
Tribunale	B-FAC	O	O	O	
,	O	O	O	O	
o	O	O	O	O	
a	O	O	O	O	
Catania	B-GPE	O	O	O	
,	O	O	O	O	
in	O	O	O	O	
Corte	B-ORG	O	O	O	
di	I-ORG	O	O	O	
appello	I-ORG	O	O	O	
o	O	O	O	O	
dagli	O	O	O	O	
avvocati	B-PER	O	O	O	
o	O	O	O	O	
dal	O	O	O	O	
procuratore	B-PER	O	O	O	
di	I-PER	O	O	O	
colà	I-PER	O	O	O	
,	O	O	O	O	
gente	B-PER	O	O	O	
che	I-PER	O	O	O	
se	I-PER	O	O	O	
la	I-PER	O	O	O	
mangiava	I-PER	O	O	O	
viva	I-PER	O	O	O	
e	O	O	O	O	
se	O	O	O	O	
ne	O	O	O	O	
stava	O	O	O	O	
con	O	O	O	O	
le	O	O	O	O	
mani	O	O	O	O	
in	O	O	O	O	
mano	O	O	O	O	
,	O	O	O	O	
secondo	O	O	O	O	
lei	O	O	O	O	
,	O	O	O	O	
nè	O	O	O	O	
avrebbe	O	O	O	O	
fatto	O	O	O	O	
fare	O	O	O	O	
un	O	O	O	O	
passo	O	O	O	O	
alle	O	O	O	O	
liti	O	O	O	O	
senza	O	O	O	O	
il	O	O	O	O	
pungiglione	O	O	O	O	
di	O	O	O	O	
lei	O	O	O	O	
.	O	O	O	O	

Quelle	B-PER	O	O	O	
tre	I-PER	O	O	O	
grulle	I-PER	O	O	O	
frattanto	O	O	O	O	
pensavano	O	O	O	O	
forse	O	O	O	O	
un	O	O	O	O	
momento	O	O	O	O	
ai	O	O	O	O	
casi	O	O	O	O	
loro	O	O	O	O	
?	O	O	O	O	

Attendevano	O	O	O	O	
la	O	O	O	O	
manna	O	O	O	O	
del	O	O	O	O	
cielo	O	O	O	O	
,	O	O	O	O	
come	O	O	O	O	
gli	B-PER	O	O	O	
ebrei	I-PER	O	O	O	
.	O	O	O	O	

E	O	O	O	O	
se	O	O	O	O	
la	O	O	O	O	
manna	O	O	O	O	
non	O	O	O	O	
veniva	O	O	O	O	
?	O	O	O	O	

E	O	O	O	O	
se	O	O	O	O	
le	O	O	O	O	
liti	O	O	O	O	
,	O	O	O	O	
Dio	B-PER	O	O	O	
ne	O	O	O	O	
scampi	O	O	O	O	
,	O	O	O	O	
si	O	O	O	O	
perdevano	O	O	O	O	
?	O	O	O	O	

Meno	O	O	O	O	
male	O	O	O	O	
Rosa	O	B-PER	O	O	
,	O	I-PER	O	O	
la	O	I-PER	O	O	
mezzana	O	I-PER	O	O	
,	O	I-PER	O	O	
che	O	I-PER	O	O	
si	O	I-PER	O	O	
era	O	I-PER	O	O	
fatta	O	I-PER	O	O	
monaca	O	I-PER	O	O	
di	O	I-PER	O	O	
casa	B-FAC	I-PER	O	O	
!	O	O	O	O	

S	O	O	O	O	
'	O	O	O	O	
era	O	O	O	O	
data	O	O	O	O	
a	O	O	O	O	
Dio	B-PER	O	O	O	
,	O	O	O	O	
e	O	O	O	O	
del	O	O	O	O	
mondo	O	O	O	O	
non	O	O	O	O	
voleva	O	O	O	O	
saperne	O	O	O	O	
.	O	O	O	O	

Le	O	B-PER	O	O	
monache	O	I-PER	O	O	
del	O	I-PER	O	O	
Monastero	B-ORG	I-PER	O	O	
Vecchio	I-ORG	I-PER	O	O	
le	O	O	O	O	
davano	O	O	O	O	
da	O	O	O	O	
cucire	O	O	O	O	
,	O	O	O	O	
da	O	O	O	O	
ricamare	O	O	O	O	
,	O	O	O	O	
e	O	O	O	O	
l	B-PER	O	O	O	
'	I-PER	O	O	O	
abbadessa	I-PER	O	O	O	
le	O	O	O	O	
diceva	O	O	O	O	
spesso	O	O	O	O	
:	O	O	O	O	
Se	O	O	O	O	
accadrà	O	O	O	O	
una	O	O	O	O	
disgrazia	O	O	O	O	
,	O	O	O	O	
ti	O	O	O	O	
prenderò	O	O	O	O	
con	O	O	O	O	
me	O	O	O	O	
!	O	O	O	O	

Ma	O	O	O	O	
quelle	B-PER	O	O	O	
altre	I-PER	O	O	O	
due	I-PER	O	O	O	
?	O	O	O	O	

Rita	B-PER	O	O	O	
,	I-PER	O	O	O	
la	I-PER	O	O	O	
maggiore	I-PER	O	O	O	
,	O	O	O	O	
per	O	O	O	O	
esempio	O	O	O	O	
,	O	O	O	O	
o	O	O	O	O	
non	O	O	O	O	
s	O	O	O	O	
'	O	O	O	O	
era	O	O	O	O	
messa	O	O	O	O	
in	O	O	O	O	
testa	O	O	O	O	
di	O	O	O	O	
sposare	O	O	O	O	
un	B-PER	O	O	O	
massaio	I-PER	O	O	O	
?	O	O	O	O	

Una	O	B-PER	O	O	
Cuti	O	I-PER	O	O	
,	O	I-PER	O	O	
una	O	I-PER	O	O	
figlia	O	I-PER	O	O	
di	O	I-PER	O	O	
don	B-PER	I-PER	O	O	
Paolo	I-PER	I-PER	O	O	
Cuti	I-PER	I-PER	O	O	
,	O	O	O	O	
che	O	O	O	O	
,	O	O	O	O	
se	O	O	O	O	
era	O	O	O	O	
stato	O	O	O	O	
uno	O	O	O	O	
sciocco	O	O	O	O	
e	O	O	O	O	
si	O	O	O	O	
era	O	O	O	O	
fatto	O	O	O	O	
mettere	O	O	O	O	
in	O	O	O	O	
mezzo	O	O	O	O	
da	O	O	O	O	
quell	B-PER	O	O	O	
'	I-PER	O	O	O	
arpia	I-PER	O	O	O	
di	I-PER	O	O	O	
don	I-PER	O	O	O	
Basilio	I-PER	O	O	O	
,	O	O	O	O	
era	O	O	O	O	
stato	O	O	O	O	
però	O	O	O	O	
un	B-PER	O	O	O	
galantuomo	I-PER	O	O	O	
,	I-PER	O	O	O	
agrimensore	I-PER	O	O	O	
e	I-PER	O	O	O	
anche	I-PER	O	O	O	
consigliere	I-PER	O	O	O	
comunale	I-PER	O	O	O	
!	O	O	O	O	

Sì	O	O	O	O	
,	O	O	O	O	
sì	O	O	O	O	
;	O	O	O	O	
quel	B-PER	O	O	O	
massaio	I-PER	O	O	O	
era	O	O	O	O	
ricco	O	O	O	O	
:	O	O	O	O	
fondi	O	O	O	O	
,	O	O	O	O	
muli	O	O	O	O	
,	O	O	O	O	
carrette	O	O	O	O	
,	O	O	O	O	
e	O	O	O	O	
ogni	O	O	O	O	
ben	O	O	O	O	
di	O	O	O	O	
Dio	O	O	O	O	
.	O	O	O	O	

Che	O	O	O	O	
è	O	O	O	O	
per	O	O	O	O	
questo	O	O	O	O	
?	O	O	O	O	

E	O	O	O	O	
quando	O	O	O	O	
avrebbero	O	O	O	O	
vinto	O	O	O	O	
le	O	O	O	O	
liti	O	O	O	O	
,	O	O	O	O	
le	O	O	O	O	
due	O	O	O	O	
mila	O	O	O	O	
e	O	O	O	O	
più	O	O	O	O	
onze	O	O	O	O	
della	O	O	O	O	
dote	O	O	O	O	
avrebbe	O	O	O	O	
dovuto	O	O	O	O	
godersele	O	O	O	O	
quel	B-PER	O	O	O	
villanaccio	I-PER	O	O	O	
?	O	O	O	O	

Giacchè	O	O	O	O	
costui	O	O	O	O	
non	O	O	O	O	
la	O	O	O	O	
sposava	O	O	O	O	
pei	O	O	O	O	
begli	O	O	O	O	
occhi	O	O	O	O	
di	O	O	O	O	
lei	O	O	O	O	
,	O	O	O	O	
ma	O	O	O	O	
in	O	O	O	O	
vista	O	O	O	O	
della	O	O	O	O	
dote	O	O	O	O	
futura	O	O	O	O	
.	O	O	O	O	

E	O	O	O	O	
colei	O	O	O	O	
osava	O	O	O	O	
dire	O	O	O	O	
:	O	O	O	O	
Intanto	O	O	O	O	
muoio	O	O	O	O	
di	O	O	O	O	
fame	O	O	O	O	
!	O	O	O	O	

Non	O	O	O	O	
moriva	O	O	O	O	
di	O	O	O	O	
fame	O	O	O	O	
anche	O	O	O	O	
lei	O	O	O	O	
,	O	O	O	O	
ch	O	O	O	O	
'	O	O	O	O	
era	O	O	O	O	
stata	O	O	O	O	
avvezzata	O	O	O	O	
a	O	O	O	O	
vivere	O	O	O	O	
da	O	O	O	O	
signora	B-PER	O	O	O	
in	O	O	O	O	
casa	B-FAC	O	O	O	
sua	I-FAC	O	O	O	
?	O	O	O	O	

Non	O	O	O	O	
si	O	O	O	O	
rassegnava	O	O	O	O	
anche	O	O	O	O	
lei	O	O	O	O	
a	O	O	O	O	
portare	O	O	O	O	
addosso	O	O	O	O	
quegli	O	O	O	O	
stracci	O	O	O	O	
stinti	O	O	O	O	
,	O	O	O	O	
lei	O	O	O	O	
che	O	O	O	O	
aveva	O	O	O	O	
avuto	O	O	O	O	
vesti	O	O	O	O	
di	O	O	O	O	
lana	O	O	O	O	
e	O	O	O	O	
di	O	O	O	O	
seta	O	O	O	O	
,	O	O	O	O	
e	O	O	O	O	
le	O	O	O	O	
dita	O	O	O	O	
piene	O	O	O	O	
di	O	O	O	O	
anelli	O	O	O	O	
,	O	O	O	O	
e	O	O	O	O	
le	O	O	O	O	
mani	O	O	O	O	
sempre	O	O	O	O	
pulite	O	O	O	O	
,	O	O	O	O	
giacchè	O	O	O	O	
in	O	O	O	O	
casa	B-FAC	O	O	O	
sua	I-FAC	O	O	O	
ci	O	O	O	O	
erano	O	O	O	O	
due	B-PER	O	O	O	
serve	I-PER	O	O	O	
,	O	O	O	O	
e	O	O	O	O	
un	B-PER	O	O	O	
servitore	I-PER	O	O	O	
?	O	O	O	O	

--	O	O	O	O	
E	O	O	O	O	
perchè	O	O	O	O	
poi	O	O	O	O	
un	B-PER	O	O	O	
massaio	I-PER	O	O	O	
?	O	O	O	O	

Non	O	O	O	O	
esistevano	O	O	O	O	
altri	B-PER	O	O	O	
uomini	I-PER	O	O	O	
al	I-PER	O	O	O	
mondo	I-PER	O	O	O	
?	O	O	O	O	

--	O	O	O	O	
Debbo	O	O	O	O	
andar	O	O	O	O	
a	O	O	O	O	
cercarli	O	O	O	O	
io	O	O	O	O	
?	O	O	O	O	

--	O	O	O	O	
rispondeva	O	O	O	O	
Rita	B-PER	O	O	O	
,	O	O	O	O	
con	O	O	O	O	
le	O	O	O	O	
labbra	O	O	O	O	
spumanti	O	O	O	O	
tossico	O	O	O	O	
.	O	O	O	O	

--	O	O	O	O	
Se	O	O	O	O	
tu	O	O	O	O	
sapessi	O	O	O	O	
fare	O	O	O	O	
!	O	O	O	O	

--	O	O	O	O	
Ora	O	O	O	O	
farò	O	O	O	O	
la	B-PER	O	O	O	
civetta	I-PER	O	O	O	
,	O	O	O	O	
starò	O	O	O	O	
alla	O	O	O	O	
finestra	O	O	O	O	
tutto	O	O	O	O	
il	O	O	O	O	
giorno	O	O	O	O	
,	O	O	O	O	
a	O	O	O	O	
uccellare	O	O	O	O	
!	O	O	O	O	

E	O	O	O	O	
donna	B-PER	O	O	O	
Mita	I-PER	O	O	O	
,	O	O	O	O	
travolta	O	O	O	O	
dallo	O	O	O	O	
sdegno	O	O	O	O	
contro	O	O	O	O	
il	B-PER	O	O	O	
massaio	I-PER	O	O	O	
che	O	O	O	O	
insidiava	O	O	O	O	
la	O	O	O	O	
futura	O	O	O	O	
dote	O	O	O	O	
della	O	O	O	O	
figliuola	B-PER	O	O	O	
,	O	O	O	O	
si	O	O	O	O	
lasciava	O	O	O	O	
scappare	O	O	O	O	
di	O	O	O	O	
bocca	O	O	O	O	
:	O	O	O	O	
--	O	O	O	O	
Le	B-PER	O	O	O	
civette	I-PER	O	O	O	
,	O	O	O	O	
prima	O	O	O	O	
o	O	O	O	O	
poi	O	O	O	O	
,	O	O	O	O	
se	O	O	O	O	
lo	O	O	O	O	
beccano	O	O	O	O	
sempre	O	O	O	O	
un	O	O	O	O	
tocco	O	O	O	O	
di	O	O	O	O	
marito	B-PER	O	O	O	
.	O	O	O	O	

Rosa	B-PER	O	O	O	
era	O	O	O	O	
bruttina	O	O	O	O	
,	O	O	O	O	
aveva	O	O	O	O	
già	O	O	O	O	
trentadue	O	O	O	O	
anni	O	O	O	O	
;	O	O	O	O	
donna	B-PER	O	O	O	
Mita	I-PER	O	O	O	
,	O	O	O	O	
in	O	O	O	O	
cor	O	O	O	O	
suo	O	O	O	O	
,	O	O	O	O	
la	O	O	O	O	
compativa	O	O	O	O	
.	O	O	O	O	

Ma	O	O	O	O	
quell	B-PER	O	O	O	
'	I-PER	O	O	O	
altra	I-PER	O	O	O	
sciocchina	I-PER	O	O	O	
di	I-PER	O	O	O	
Quarinta	I-PER	O	O	O	
,	O	O	O	O	
chè	O	O	O	O	
non	O	O	O	O	
voleva	O	O	O	O	
dar	O	O	O	O	
retta	O	O	O	O	
al	O	O	O	O	
figlio	O	B-PER	O	O	
del	O	I-PER	O	O	
notaio	B-PER	I-PER	O	O	
Carcò	I-PER	I-PER	O	O	
?	O	O	O	O	

Povero	B-PER	O	O	O	
ragazzo	I-PER	O	O	O	
,	O	O	O	O	
stava	O	O	O	O	
per	O	O	O	O	
ore	O	O	O	O	
e	O	O	O	O	
ore	O	O	O	O	
alla	O	O	O	O	
finestra	O	O	O	O	
di	O	O	O	O	
cucina	B-FAC	O	O	O	
,	O	O	O	O	
suonando	O	O	O	O	
il	O	O	O	O	
flauto	O	O	O	O	
;	O	O	O	O	
e	O	O	O	O	
lei	O	O	O	O	
,	O	O	O	O	
non	O	O	O	O	
c	O	O	O	O	
'	O	O	O	O	
era	O	O	O	O	
caso	O	O	O	O	
che	O	O	O	O	
si	O	O	O	O	
affacciasse	O	O	O	O	
o	O	O	O	O	
che	O	O	O	O	
gli	O	O	O	O	
dèsse	O	O	O	O	
un	O	O	O	O	
'	O	O	O	O	
occhiata	O	O	O	O	
se	O	O	O	O	
si	O	O	O	O	
trovava	O	O	O	O	
al	O	O	O	O	
balcone	B-FAC	O	O	O	
;	O	O	O	O	
come	O	O	O	O	
se	O	O	O	O	
quell	O	O	O	O	
'	O	O	O	O	
Oh	O	O	O	O	
Dio	O	O	O	O	
,	O	O	O	O	
morir	O	O	O	O	
sì	O	O	O	O	
giovane	O	O	O	O	
!	O	O	O	O	

che	O	O	O	O	
il	O	O	O	O	
flauto	O	O	O	O	
piangeva	O	O	O	O	
dieci	O	O	O	O	
volte	O	O	O	O	
il	O	O	O	O	
giorno	O	O	O	O	
non	O	O	O	O	
fosse	O	O	O	O	
stato	O	O	O	O	
diretto	O	O	O	O	
a	O	O	O	O	
lei	O	O	O	O	
!	O	O	O	O	

Quello	O	O	O	O	
là	O	O	O	O	
,	O	O	O	O	
almeno	O	O	O	O	
,	O	O	O	O	
era	O	O	O	O	
figlio	O	B-PER	O	O	
di	O	I-PER	O	O	
notaio	B-PER	I-PER	O	O	
.	O	O	O	O	

E	O	O	O	O	
la	B-PER	O	O	O	
grulla	I-PER	O	O	O	
non	O	O	O	O	
voleva	O	O	O	O	
saperne	O	O	O	O	
!	O	O	O	O	

Chi	O	O	O	O	
mai	O	O	O	O	
si	O	O	O	O	
figurava	O	O	O	O	
che	O	O	O	O	
dovesse	O	O	O	O	
sposarla	O	O	O	O	
?	O	O	O	O	

Un	B-PER	O	O	O	
barone	I-PER	O	O	O	
?	O	O	O	O	

Un	B-PER	O	O	O	
principe	I-PER	O	O	O	
?	O	O	O	O	

...	O	O	O	O	
Vittorio	B-PER	O	O	O	
Emanuele	I-PER	O	O	O	
?	O	O	O	O	

E	O	O	O	O	
per	O	O	O	O	
tenere	O	O	O	O	
in	O	O	O	O	
fresco	O	O	O	O	
quel	B-PER	O	O	O	
povero	I-PER	O	O	O	
giovane	I-PER	O	O	O	
,	O	O	O	O	
che	O	O	O	O	
doveva	O	O	O	O	
essere	O	O	O	O	
proprio	O	O	O	O	
cotto	O	O	O	O	
di	O	O	O	O	
Quarinta	B-PER	O	O	O	
se	O	O	O	O	
non	O	O	O	O	
si	O	O	O	O	
era	O	O	O	O	
scoraggiato	O	O	O	O	
dopo	O	O	O	O	
tanto	O	O	O	O	
tempo	O	O	O	O	
,	O	O	O	O	
donna	B-PER	O	O	O	
Mita	I-PER	O	O	O	
correva	O	O	O	O	
lei	O	O	O	O	
al	O	O	O	O	
balcone	B-FAC	O	O	O	
appena	O	O	O	O	
sentiva	O	O	O	O	
le	O	O	O	O	
prime	O	O	O	O	
note	O	O	O	O	
dell	O	O	O	O	
'	O	O	O	O	
eterno	O	O	O	O	
Oh	O	O	O	O	
Dio	O	O	O	O	
,	O	O	O	O	
morir	O	O	O	O	
sì	O	O	O	O	
giovane	O	O	O	O	
!	O	O	O	O	

e	O	O	O	O	
sorrideva	O	O	O	O	
al	O	O	O	O	
ragazzo	B-PER	O	O	O	
e	O	O	O	O	
gli	O	O	O	O	
diceva	O	O	O	O	
:	O	O	O	O	
--	O	O	O	O	
Suoni	O	O	O	O	
come	O	O	O	O	
un	B-PER	O	O	O	
serafino	I-PER	O	O	O	
,	O	O	O	O	
figliuolo	B-PER	O	O	O	
mio	I-PER	O	O	O	
!	O	O	O	O	

Quarinta	B-PER	O	O	O	
,	O	O	O	O	
certe	O	O	O	O	
volte	O	O	O	O	
,	O	O	O	O	
ha	O	O	O	O	
le	O	O	O	O	
lagrime	O	O	O	O	
agli	O	O	O	O	
occhi	O	O	O	O	
!	O	O	O	O	

Il	B-PER	O	O	O	
ragazzo	I-PER	O	O	O	
arrossiva	O	O	O	O	
,	O	O	O	O	
ringraziava	O	O	O	O	
e	O	O	O	O	
tornava	O	O	O	O	
a	O	O	O	O	
soffiare	O	O	O	O	
nel	O	O	O	O	
flauto	O	O	O	O	
,	O	O	O	O	
allungando	O	O	O	O	
le	O	O	O	O	
labbra	O	O	O	O	
,	O	O	O	O	
gonfiando	O	O	O	O	
le	O	O	O	O	
gote	O	O	O	O	
,	O	O	O	O	
col	O	O	O	O	
capo	O	O	O	O	
chinato	O	O	O	O	
da	O	O	O	O	
una	O	O	O	O	
parte	O	O	O	O	
,	O	O	O	O	
contento	O	O	O	O	
di	O	O	O	O	
sapere	O	O	O	O	
che	O	O	O	O	
la	O	B-PER	O	O	
figlia	O	I-PER	O	O	
di	O	I-PER	O	O	
donna	B-PER	I-PER	O	O	
Mita	I-PER	I-PER	O	O	
si	O	O	O	O	
commovesse	O	O	O	O	
tanto	O	O	O	O	
al	O	O	O	O	
suono	O	O	O	O	
del	O	O	O	O	
flauto	O	O	O	O	
di	O	O	O	O	
lui	O	O	O	O	
,	O	O	O	O	
a	O	O	O	O	
quel	O	O	O	O	
pezzo	O	O	O	O	
della	O	O	O	O	
Traviata	O	O	O	O	
.	O	O	O	O	

E	O	O	O	O	
non	O	O	O	O	
cambiava	O	O	O	O	
pezzo	O	O	O	O	
mai	O	O	O	O	
.	O	O	O	O	

Era	O	O	O	O	
un	O	O	O	O	
sacrificio	O	O	O	O	
per	O	O	O	O	
donna	B-PER	O	O	O	
Mita	I-PER	O	O	O	
far	O	O	O	O	
quasi	O	O	O	O	
all	O	O	O	O	
'	O	O	O	O	
amore	O	O	O	O	
per	O	O	O	O	
conto	O	O	O	O	
della	O	O	O	O	
figliuola	B-PER	O	O	O	
;	O	O	O	O	
ma	O	O	O	O	
il	O	O	O	O	
destino	O	O	O	O	
voleva	O	O	O	O	
così	O	O	O	O	
,	O	O	O	O	
e	O	O	O	O	
bisognava	O	O	O	O	
adattarsi	O	O	O	O	
alle	O	O	O	O	
circostanze	O	O	O	O	
.	O	O	O	O	

Ella	O	O	O	O	
si	O	O	O	O	
adattava	O	O	O	O	
a	O	O	O	O	
fare	O	O	O	O	
ben	O	O	O	O	
altro	O	O	O	O	
,	O	O	O	O	
quando	O	O	O	O	
venivano	O	O	O	O	
al	O	O	O	O	
pettine	O	O	O	O	
certi	O	O	O	O	
nodi	O	O	O	O	
per	O	O	O	O	
tirare	O	O	O	O	
innanzi	O	O	O	O	
le	O	O	O	O	
liti	O	O	O	O	
.	O	O	O	O	

Una	O	O	O	O	
volta	O	O	O	O	
le	O	O	O	O	
posate	O	O	O	O	
d	O	O	O	O	
'	O	O	O	O	
argento	O	O	O	O	
,	O	O	O	O	
un	O	O	O	O	
'	O	O	O	O	
altra	O	O	O	O	
gli	O	O	O	O	
orecchini	O	O	O	O	
e	O	O	O	O	
gli	O	O	O	O	
anelli	O	O	O	O	
,	O	O	O	O	
poi	O	O	O	O	
gl	O	O	O	O	
'	O	O	O	O	
istrumenti	O	O	O	O	
da	O	O	O	O	
agrimensore	O	O	O	O	
del	O	O	O	O	
marito	B-PER	O	O	O	
,	O	O	O	O	
poi	O	O	O	O	
la	O	O	O	O	
lana	O	O	O	O	
delle	O	O	O	O	
materassa	O	O	O	O	
,	O	O	O	O	
sostituita	O	O	O	O	
con	O	O	O	O	
crine	O	O	O	O	
vegetale	O	O	O	O	
o	O	O	O	O	
con	O	O	O	O	
paglia	O	O	O	O	
;	O	O	O	O	
tutto	O	O	O	O	
era	O	O	O	O	
andato	O	O	O	O	
via	O	O	O	O	
di	O	O	O	O	
casa	B-FAC	O	O	O	
,	O	O	O	O	
in	O	O	O	O	
mano	O	O	O	O	
degli	O	O	O	O	
usurai	B-PER	O	O	O	
.	O	O	O	O	

Chi	O	O	O	O	
sa	O	O	O	O	
se	O	O	O	O	
la	O	O	O	O	
bella	O	O	O	O	
argenteria	O	O	O	O	
vecchia	O	O	O	O	
ella	O	O	O	O	
l	O	O	O	O	
'	O	O	O	O	
avrebbe	O	O	O	O	
riveduta	O	O	O	O	
mai	O	O	O	O	
più	O	O	O	O	
?	O	O	O	O	

E	O	O	O	O	
gli	O	O	O	O	
orecchini	O	O	O	O	
e	O	O	O	O	
gli	O	O	O	O	
anelli	O	O	O	O	
,	O	O	O	O	
chi	O	O	O	O	
sa	O	O	O	O	
se	O	O	O	O	
sarebbero	O	O	O	O	
tornati	O	O	O	O	
a	O	O	O	O	
splendere	O	O	O	O	
agli	O	O	O	O	
orecchi	O	O	O	O	
e	O	O	O	O	
alle	O	O	O	O	
dita	O	O	O	O	
di	O	O	O	O	
lei	O	O	O	O	
e	O	O	O	O	
delle	O	O	O	O	
figliuole	B-PER	O	O	O	
?	O	O	O	O	

Ora	O	O	O	O	
le	O	O	O	O	
toccava	O	O	O	O	
qualche	O	O	O	O	
volta	O	O	O	O	
andare	O	O	O	O	
da	O	O	O	O	
un	B-PER	O	O	O	
'	I-PER	O	O	O	
amica	I-PER	O	O	O	
,	O	O	O	O	
da	O	O	O	O	
un	B-PER	O	O	O	
conoscente	I-PER	O	O	O	
,	O	O	O	O	
e	O	O	O	O	
raccontare	O	O	O	O	
tutti	O	O	O	O	
i	O	O	O	O	
suoi	O	O	O	O	
guai	O	O	O	O	
per	O	O	O	O	
intenerire	O	O	O	O	
quei	O	O	O	O	
cuori	O	O	O	O	
,	O	O	O	O	
senza	O	O	O	O	
far	O	O	O	O	
le	O	O	O	O	
viste	O	O	O	O	
di	O	O	O	O	
chiedere	O	O	O	O	
in	O	O	O	O	
elemosina	O	O	O	O	
vestiti	O	O	O	O	
smessi	O	O	O	O	
,	O	O	O	O	
legna	O	O	O	O	
o	O	O	O	O	
carbone	O	O	O	O	
,	O	O	O	O	
un	O	O	O	O	
fiasco	O	O	O	O	
di	O	O	O	O	
aceto	O	O	O	O	
od	O	O	O	O	
una	O	O	O	O	
bottiglia	O	O	O	O	
d	O	O	O	O	
'	O	O	O	O	
olio	O	O	O	O	
,	O	O	O	O	
da	O	O	O	O	
rendere	O	O	O	O	
,	O	O	O	O	
s	O	O	O	O	
'	O	O	O	O	
intendeva	O	O	O	O	
,	O	O	O	O	
appena	O	O	O	O	
vinte	O	O	O	O	
le	O	O	O	O	
liti	O	O	O	O	
;	O	O	O	O	
per	O	O	O	O	
le	O	O	O	O	
quali	O	O	O	O	
mandava	O	O	O	O	
accidenti	O	O	O	O	
all	O	O	O	O	
'	O	O	O	O	
animaccia	O	O	O	O	
storta	O	O	O	O	
di	O	O	O	O	
don	B-PER	O	O	O	
Basilio	I-PER	O	O	O	
che	O	O	O	O	
la	O	O	O	O	
costringeva	O	O	O	O	
ad	O	O	O	O	
essere	O	O	O	O	
importuna	O	O	O	O	
.	O	O	O	O	

E	O	O	O	O	
quando	O	O	O	O	
le	O	O	O	O	
liti	O	O	O	O	
gliene	O	O	O	O	
lasciavano	O	O	O	O	
il	O	O	O	O	
tempo	O	O	O	O	
,	O	O	O	O	
faceva	O	O	O	O	
visite	O	O	O	O	
,	O	O	O	O	
assisteva	O	O	O	O	
malati	B-PER	O	O	O	
e	O	O	O	O	
partorienti	B-PER	O	O	O	
,	O	O	O	O	
correndo	O	O	O	O	
dal	O	O	O	O	
medico	B-PER	O	O	O	
,	O	O	O	O	
dalla	O	O	O	O	
levatrice	B-PER	O	O	O	
,	O	O	O	O	
dando	O	O	O	O	
una	O	O	O	O	
mano	O	O	O	O	
alla	O	O	O	O	
serva	B-PER	O	O	O	
in	O	O	O	O	
cucina	B-FAC	O	O	O	
,	O	O	O	O	
rassettando	O	O	O	O	
,	O	O	O	O	
ripulendo	O	O	O	O	
,	O	O	O	O	
facendo	O	O	O	O	
insomma	O	O	O	O	
in	O	O	O	O	
casa	B-FAC	O	O	O	
altrui	I-FAC	O	O	O	
quel	O	O	O	O	
che	O	O	O	O	
era	O	O	O	O	
inutile	O	O	O	O	
facesse	O	O	O	O	
in	O	O	O	O	
casa	B-FAC	O	O	O	
propria	I-FAC	O	O	O	
,	O	O	O	O	
dove	O	O	O	O	
non	O	O	O	O	
c	O	O	O	O	
'	O	O	O	O	
era	O	O	O	O	
più	O	O	O	O	
quasi	O	O	O	O	
nulla	O	O	O	O	
da	O	O	O	O	
ripulire	O	O	O	O	
e	O	O	O	O	
rassettare	O	O	O	O	
;	O	O	O	O	
manovrando	O	O	O	O	
finamente	O	O	O	O	
perchè	O	O	O	O	
all	O	O	O	O	
'	O	O	O	O	
ora	O	O	O	O	
del	O	O	O	O	
pranzo	O	O	O	O	
la	O	O	O	O	
invitassero	O	O	O	O	
a	O	O	O	O	
restare	O	O	O	O	
,	O	O	O	O	
o	O	O	O	O	
perchè	O	O	O	O	
dopo	O	O	O	O	
pranzo	O	O	O	O	
potesse	O	O	O	O	
portar	O	O	O	O	
via	O	O	O	O	
qualche	O	O	O	O	
cosa	O	O	O	O	
per	O	O	O	O	
le	B-PER	O	O	O	
figliuole	I-PER	O	O	O	
,	O	O	O	O	
che	O	O	O	O	
mangiavano	O	O	O	O	
soltanto	O	O	O	O	
qualche	O	O	O	O	
uovo	O	O	O	O	
delle	O	O	O	O	
galline	O	O	O	O	
di	O	O	O	O	
casa	B-FAC	O	O	O	
e	O	O	O	O	
un	O	O	O	O	
po	O	O	O	O	
'	O	O	O	O	
di	O	O	O	O	
verdura	O	O	O	O	
condita	O	O	O	O	
con	O	O	O	O	
due	O	O	O	O	
goccie	O	O	O	O	
d	O	O	O	O	
'	O	O	O	O	
olio	O	O	O	O	
.	O	O	O	O	

Appena	O	O	O	O	
la	B-PER	O	O	O	
serva	I-PER	O	O	O	
dava	O	O	O	O	
mano	O	O	O	O	
ad	O	O	O	O	
apparecchiare	O	O	O	O	
la	O	O	O	O	
tavola	O	O	O	O	
,	O	O	O	O	
e	O	O	O	O	
dalla	O	O	O	O	
sala	B-FAC	O	O	O	
da	I-FAC	O	O	O	
pranzo	I-FAC	O	O	O	
si	O	O	O	O	
udiva	O	O	O	O	
l	O	O	O	O	
'	O	O	O	O	
acciottolìo	O	O	O	O	
dei	O	O	O	O	
piatti	O	O	O	O	
e	O	O	O	O	
il	O	O	O	O	
rimescolìo	O	O	O	O	
delle	O	O	O	O	
posate	O	O	O	O	
,	O	O	O	O	
donna	B-PER	O	O	O	
Mita	I-PER	O	O	O	
si	O	O	O	O	
alzava	O	O	O	O	
da	O	O	O	O	
sedere	O	O	O	O	
,	O	O	O	O	
fingeva	O	O	O	O	
di	O	O	O	O	
cercare	O	O	O	O	
attorno	O	O	O	O	
,	O	O	O	O	
su	O	O	O	O	
per	O	O	O	O	
le	O	O	O	O	
seggiole	O	O	O	O	
,	O	O	O	O	
o	O	O	O	O	
sul	O	O	O	O	
letto	O	O	O	O	
--	O	O	O	O	
dove	O	O	O	O	
l	O	O	O	O	
'	O	O	O	O	
aveva	O	O	O	O	
mai	O	O	O	O	
riposto	O	O	O	O	
?	O	O	O	O	

--	O	O	O	O	
il	O	O	O	O	
suo	O	O	O	O	
scialle	O	O	O	O	
nero	O	O	O	O	
ritinto	O	O	O	O	
con	O	O	O	O	
la	O	O	O	O	
frangia	O	O	O	O	
a	O	O	O	O	
sbrendoli	O	O	O	O	
.	O	O	O	O	

--	O	O	O	O	
Come	O	O	O	O	
?	O	O	O	O	

Andate	O	O	O	O	
via	O	O	O	O	
?	O	O	O	O	

Fate	O	O	O	O	
penitenza	O	O	O	O	
con	O	O	O	O	
noi	O	O	O	O	
.	O	O	O	O	

--	O	O	O	O	
No	O	O	O	O	
,	O	O	O	O	
no	O	O	O	O	
!	O	O	O	O	

Sarà	O	O	O	O	
troppo	O	O	O	O	
incomodo	O	O	O	O	
.	O	O	O	O	

E	O	O	O	O	
poi	O	O	O	O	
le	B-PER	O	O	O	
figlie	I-PER	O	O	O	
m	O	O	O	O	
'	O	O	O	O	
aspettano	O	O	O	O	
per	O	O	O	O	
mettere	O	O	O	O	
giù	O	O	O	O	
la	O	O	O	O	
minestra	O	O	O	O	
nel	O	O	O	O	
brodo	O	O	O	O	
.	O	O	O	O	

--	O	O	O	O	
Manderemo	O	O	O	O	
ad	O	O	O	O	
avvisarle	O	O	O	O	
.	O	O	O	O	

Faceva	O	O	O	O	
un	O	O	O	O	
gesto	O	O	O	O	
di	O	O	O	O	
rassegnazione	O	O	O	O	
;	O	O	O	O	
non	O	O	O	O	
aggiungeva	O	O	O	O	
una	O	O	O	O	
sola	O	O	O	O	
sillaba	O	O	O	O	
,	O	O	O	O	
per	O	O	O	O	
timore	O	O	O	O	
che	O	O	O	O	
non	O	O	O	O	
la	O	O	O	O	
prendessero	O	O	O	O	
in	O	O	O	O	
parola	O	O	O	O	
.	O	O	O	O	

--	O	O	O	O	
Allora	O	O	O	O	
darò	O	O	O	O	
una	O	O	O	O	
mano	O	O	O	O	
in	O	O	O	O	
cucina	B-FAC	O	O	O	
.	O	O	O	O	

E	O	O	O	O	
la	B-PER	O	O	O	
serva	I-PER	O	O	O	
la	O	O	O	O	
vedeva	O	O	O	O	
apparire	O	O	O	O	
davanti	O	O	O	O	
ai	O	O	O	O	
fornelli	B-FAC	O	O	O	
,	O	O	O	O	
quasi	O	O	O	O	
la	B-PER	O	O	O	
padrona	I-PER	O	O	O	
fosse	O	O	O	O	
stata	O	O	O	O	
lei	O	O	O	O	
.	O	O	O	O	

--	O	O	O	O	
Da	O	O	O	O	
'	O	O	O	O	
qua	O	O	O	O	
!	O	O	O	O	

Hai	O	O	O	O	
messo	O	O	O	O	
il	O	O	O	O	
sale	O	O	O	O	
?	O	O	O	O	

E	O	O	O	O	
assaggiava	O	O	O	O	
il	O	O	O	O	
brodo	O	O	O	O	
.	O	O	O	O	

--	O	O	O	O	
Da	O	O	O	O	
'	O	O	O	O	
qua	O	O	O	O	
!	O	O	O	O	

E	O	O	O	O	
tagliava	O	O	O	O	
una	O	O	O	O	
fettina	O	O	O	O	
di	O	O	O	O	
carne	O	O	O	O	
,	O	O	O	O	
per	O	O	O	O	
vedere	O	O	O	O	
se	O	O	O	O	
l	O	O	O	O	
'	O	O	O	O	
arrosto	O	O	O	O	
era	O	O	O	O	
a	O	O	O	O	
punto	O	O	O	O	
.	O	O	O	O	

E	O	O	O	O	
a	O	O	O	O	
tavola	O	O	O	O	
si	O	O	O	O	
vantava	O	O	O	O	
della	O	O	O	O	
bontà	O	O	O	O	
del	O	O	O	O	
brodo	O	O	O	O	
e	O	O	O	O	
dell	O	O	O	O	
'	O	O	O	O	
arrosto	O	O	O	O	
.	O	O	O	O	

Aveva	O	O	O	O	
dovuto	O	O	O	O	
mettere	O	O	O	O	
il	O	O	O	O	
sale	O	O	O	O	
lei	O	O	O	O	
,	O	O	O	O	
e	O	O	O	O	
lei	O	O	O	O	
far	O	O	O	O	
cuocere	O	O	O	O	
bene	O	O	O	O	
l	O	O	O	O	
'	O	O	O	O	
arrosto	O	O	O	O	
.	O	O	O	O	

--	O	O	O	O	
Non	O	O	O	O	
ne	O	O	O	O	
fanno	O	O	O	O	
una	O	O	O	O	
diritta	O	O	O	O	
queste	B-PER	O	O	O	
serve	I-PER	O	O	O	
!	O	O	O	O	

E	O	O	O	O	
dopo	O	O	O	O	
pranzato	O	O	O	O	
,	O	O	O	O	
scappava	O	O	O	O	
.	O	O	O	O	

--	O	O	O	O	
Vado	O	O	O	O	
dal	O	O	O	O	
sindaco	B-PER	O	O	O	
.	O	O	O	O	

Debbo	O	O	O	O	
andare	O	O	O	O	
dall	O	O	O	O	
'	O	O	O	O	
avvocato	B-PER	O	O	O	
!	O	O	O	O	

Oppure	O	O	O	O	
:	O	O	O	O	
--	O	O	O	O	
Parto	O	O	O	O	
per	O	O	O	O	
Caltagirone	B-GPE	O	O	O	
,	O	O	O	O	
per	O	O	O	O	
Catania	B-GPE	O	O	O	
.	O	O	O	O	

Faceva	O	O	O	O	
questi	O	O	O	O	
viaggi	O	O	O	O	
come	O	O	O	O	
se	O	O	O	O	
niente	O	O	O	O	
fosse	O	O	O	O	
stato	O	O	O	O	
.	O	O	O	O	

Andava	O	O	O	O	
ad	O	O	O	O	
appostarsi	O	O	O	O	
fuori	O	O	O	O	
le	B-FAC	O	O	O	
mura	I-FAC	O	O	O	
,	O	O	O	O	
lungo	B-FAC	O	O	O	
lo	I-FAC	O	O	O	
stradone	I-FAC	O	O	O	
,	O	O	O	O	
con	O	O	O	O	
un	O	O	O	O	
fagottino	O	O	O	O	
sotto	O	O	O	O	
braccio	O	O	O	O	
,	O	O	O	O	
e	O	O	O	O	
al	O	O	O	O	
primo	O	O	O	O	
carrettiere	B-PER	O	O	O	
che	O	O	O	O	
passava	O	O	O	O	
di	O	O	O	O	
là	O	O	O	O	
,	O	O	O	O	
domandava	O	O	O	O	
:	O	O	O	O	
--	O	O	O	O	
Dove	O	O	O	O	
vai	O	O	O	O	
?	O	O	O	O	

--	O	O	O	O	
A	O	O	O	O	
Caltagirone	B-GPE	O	O	O	
.	O	O	O	O	

--	O	O	O	O	
Portami	O	O	O	O	
;	O	O	O	O	
ti	O	O	O	O	
dò	O	O	O	O	
mezza	O	O	O	O	
lira	O	O	O	O	
,	O	O	O	O	
una	O	O	O	O	
lira	O	O	O	O	
.	O	O	O	O	

Viaggiava	O	O	O	O	
così	O	O	O	O	
al	O	O	O	O	
sole	B-LOC	O	O	O	
,	O	O	O	O	
al	O	O	O	O	
vento	O	O	O	O	
e	O	O	O	O	
alla	O	O	O	O	
pioggia	O	O	O	O	
,	O	O	O	O	
come	O	O	O	O	
merce	O	O	O	O	
,	O	O	O	O	
sbalordendo	O	O	O	O	
il	B-PER	O	O	O	
carrettiere	I-PER	O	O	O	
col	O	O	O	O	
racconto	O	O	O	O	
delle	O	O	O	O	
peripezie	O	O	O	O	
delle	O	O	O	O	
liti	O	O	O	O	
.	O	O	O	O	

--	O	O	O	O	
Potrei	O	O	O	O	
avere	O	O	O	O	
carrozze	B-VEH	O	O	O	
e	O	O	O	O	
cavalli	O	O	O	O	
,	O	O	O	O	
e	O	O	O	O	
intanto	O	O	O	O	
debbo	O	O	O	O	
andare	O	O	O	O	
in	O	O	O	O	
carretta	O	O	O	O	
!	O	O	O	O	

A	O	O	O	O	
Caltagirone	B-GPE	O	O	O	
,	O	O	O	O	
a	O	O	O	O	
Catania	B-GPE	O	O	O	
,	O	O	O	O	
gli	B-PER	O	O	O	
avvocati	I-PER	O	O	O	
e	O	O	O	O	
i	B-PER	O	O	O	
procuratori	I-PER	O	O	O	
avevano	O	O	O	O	
quasi	O	O	O	O	
terrore	O	O	O	O	
di	O	O	O	O	
lei	O	O	O	O	
;	O	O	O	O	
non	O	O	O	O	
se	O	O	O	O	
la	O	O	O	O	
potevano	O	O	O	O	
levare	O	O	O	O	
d	O	O	O	O	
'	O	O	O	O	
addosso	O	O	O	O	
.	O	O	O	O	

--	O	O	O	O	
Dunque	O	O	O	O	
,	O	O	O	O	
a	O	O	O	O	
che	O	O	O	O	
stato	B-GPE	O	O	O	
siamo	O	O	O	O	
?	O	O	O	O	

E	O	O	O	O	
le	O	O	O	O	
citazioni	O	O	O	O	
?	O	O	O	O	

E	O	O	O	O	
le	O	O	O	O	
comparse	O	O	O	O	
?	O	O	O	O	

Voleva	O	O	O	O	
sapere	O	O	O	O	
tutto	O	O	O	O	
,	O	O	O	O	
discuteva	O	O	O	O	
tutto	O	O	O	O	
;	O	O	O	O	
dava	O	O	O	O	
suggerimenti	O	O	O	O	
,	O	O	O	O	
consigli	O	O	O	O	
,	O	O	O	O	
citava	O	O	O	O	
articoli	O	O	O	O	
del	O	O	O	O	
codice	O	O	O	O	
,	O	O	O	O	
con	O	O	O	O	
una	O	O	O	O	
parlantina	O	O	O	O	
che	O	O	O	O	
dava	O	O	O	O	
il	O	O	O	O	
capogiro	O	O	O	O	
,	O	O	O	O	
gesticolando	O	O	O	O	
,	O	O	O	O	
alzandosi	O	O	O	O	
dalla	O	O	O	O	
seggiola	O	O	O	O	
,	O	O	O	O	
rimettendosi	O	O	O	O	
a	O	O	O	O	
sedere	O	O	O	O	
,	O	O	O	O	
scompigliando	O	O	O	O	
le	O	O	O	O	
carte	O	O	O	O	
ch	O	O	O	O	
'	O	O	O	O	
ella	O	O	O	O	
riconosceva	O	O	O	O	
a	O	O	O	O	
occhio	O	O	O	O	
:	O	O	O	O	
--	O	O	O	O	
La	O	O	O	O	
prima	O	O	O	O	
sentenza	O	O	O	O	
?	O	O	O	O	

È	O	O	O	O	
questa	O	O	O	O	
.	O	O	O	O	

Questa	O	O	O	O	
la	O	O	O	O	
citazione	O	O	O	O	
di	O	O	O	O	
appello	O	O	O	O	
.	O	O	O	O	

E	O	O	O	O	
le	O	O	O	O	
tirava	O	O	O	O	
fuori	O	O	O	O	
dal	O	O	O	O	
voluminoso	O	O	O	O	
incartamento	O	O	O	O	
,	O	O	O	O	
senza	O	O	O	O	
sbagliare	O	O	O	O	
mai	O	O	O	O	
,	O	O	O	O	
mettendole	O	O	O	O	
sotto	O	O	O	O	
il	O	O	O	O	
naso	O	O	O	O	
del	O	O	O	O	
procuratore	B-PER	O	O	O	
o	O	O	O	O	
dell	O	O	O	O	
'	O	O	O	O	
avvocato	B-PER	O	O	O	
perchè	O	O	O	O	
riscontrassero	O	O	O	O	
un	O	O	O	O	
particolare	O	O	O	O	
,	O	O	O	O	
un	O	O	O	O	
punto	O	O	O	O	
interessante	O	O	O	O	
da	O	O	O	O	
non	O	O	O	O	
perdere	O	O	O	O	
di	O	O	O	O	
vista	O	O	O	O	
.	O	O	O	O	

E	O	O	O	O	
così	O	O	O	O	
,	O	O	O	O	
col	O	O	O	O	
sole	B-LOC	O	O	O	
,	O	O	O	O	
con	O	O	O	O	
la	O	O	O	O	
pioggia	O	O	O	O	
e	O	O	O	O	
col	O	O	O	O	
vento	O	O	O	O	
,	O	O	O	O	
viaggiando	O	O	O	O	
come	O	O	O	O	
merce	O	O	O	O	
su	O	O	O	O	
questa	B-VEH	O	O	O	
o	I-VEH	O	O	O	
quella	I-VEH	O	O	O	
carretta	I-VEH	O	O	O	
,	O	O	O	O	
tornava	O	O	O	O	
a	O	O	O	O	
casa	B-FAC	O	O	O	
,	O	O	O	O	
intronando	O	O	O	O	
gli	O	O	O	O	
orecchi	O	O	O	O	
alle	O	O	O	O	
figlie	B-PER	O	O	O	
di	O	O	O	O	
tutti	O	O	O	O	
i	O	O	O	O	
discorsi	O	O	O	O	
fatti	O	O	O	O	
col	O	O	O	O	
procuratore	B-PER	O	O	O	
e	O	O	O	O	
con	O	O	O	O	
l	B-PER	O	O	O	
'	I-PER	O	O	O	
avvocato	I-PER	O	O	O	
,	O	O	O	O	
ricominciando	O	O	O	O	
da	O	O	O	O	
capo	O	O	O	O	
con	O	O	O	O	
le	B-PER	O	O	O	
vicine	I-PER	O	O	O	
,	O	O	O	O	
dal	O	O	O	O	
terrazzino	B-FAC	O	O	O	
che	O	O	O	O	
dava	O	O	O	O	
su	O	O	O	O	
la	B-LOC	O	O	O	
via	I-LOC	O	O	O	
maestra	I-LOC	O	O	O	
,	O	O	O	O	
perchè	O	O	O	O	
andassero	O	O	O	O	
a	O	O	O	O	
riferire	O	O	O	O	
ogni	O	O	O	O	
cosa	O	O	O	O	
a	O	O	O	O	
quell	O	O	O	O	
'	O	O	O	O	
animaccia	O	O	O	O	
storta	O	O	O	O	
che	O	O	O	O	
teneva	O	O	O	O	
là	O	O	O	O	
le	B-PER	O	O	O	
spie	I-PER	O	O	O	
.	O	O	O	O	

Le	O	O	O	O	
liti	O	O	O	O	
,	O	O	O	O	
a	O	O	O	O	
sentir	O	O	O	O	
lei	O	O	O	O	
,	O	O	O	O	
erano	O	O	O	O	
belle	O	O	O	O	
e	O	O	O	O	
vinte	O	O	O	O	
;	O	O	O	O	
ella	O	O	O	O	
aveva	O	O	O	O	
le	O	O	O	O	
sentenze	O	O	O	O	
in	O	O	O	O	
tasca	O	O	O	O	
.	O	O	O	O	

E	O	O	O	O	
se	O	O	O	O	
qualcuno	B-PER	O	O	O	
le	O	O	O	O	
rispondeva	O	O	O	O	
:	O	O	O	O	
--	O	O	O	O	
Don	B-PER	O	O	O	
Basilio	I-PER	O	O	O	
dice	O	O	O	O	
che	O	O	O	O	
,	O	O	O	O	
all	O	O	O	O	
'	O	O	O	O	
ultimo	O	O	O	O	
,	O	O	O	O	
c	O	O	O	O	
'	O	O	O	O	
è	O	O	O	O	
la	B-ORG	O	O	O	
Cassazione	I-ORG	O	O	O	
--	O	O	O	O	
donna	B-PER	O	O	O	
Mita	I-PER	O	O	O	
diventava	O	O	O	O	
smorta	O	O	O	O	
smorta	O	O	O	O	
dalla	O	O	O	O	
collera	O	O	O	O	
:	O	O	O	O	
--	O	O	O	O	
Perchè	O	O	O	O	
ha	O	O	O	O	
quattrini	O	O	O	O	
,	O	O	O	O	
lo	B-PER	O	O	O	
stortaccio	I-PER	O	O	O	
?	O	O	O	O	

Ma	O	O	O	O	
io	O	O	O	O	
litigo	O	O	O	O	
senza	O	O	O	O	
dolori	O	O	O	O	
di	O	O	O	O	
capo	O	O	O	O	
,	O	O	O	O	
e	O	O	O	O	
lui	O	O	O	O	
deve	O	O	O	O	
metter	O	O	O	O	
fuori	O	O	O	O	
più	O	O	O	O	
pezzi	O	O	O	O	
di	O	O	O	O	
dodici	O	O	O	O	
tarì	O	O	O	O	
,	O	O	O	O	
che	O	O	O	O	
non	O	O	O	O	
abbia	O	O	O	O	
capelli	O	O	O	O	
in	O	O	O	O	
testa	O	O	O	O	
.	O	O	O	O	

