LIBRO	O	O	O	O	
PRIMO	O	O	O	O	
.	O	O	O	O	

—	O	O	O	O	
Forse	O	O	O	O	
—	O	O	O	O	
rispondeva	O	O	O	O	
la	B-PER	O	O	O	
donna	I-PER	O	O	O	
,	O	O	O	O	
quasi	O	O	O	O	
protendendo	O	O	O	O	
il	O	O	O	O	
sorriso	O	O	O	O	
contro	O	O	O	O	
il	O	O	O	O	
vento	O	O	O	O	
eroico	O	O	O	O	
della	O	O	O	O	
rapidità	O	O	O	O	
,	O	O	O	O	
nel	O	O	O	O	
battito	O	O	O	O	
del	O	O	O	O	
suo	O	O	O	O	
gran	O	O	O	O	
velo	O	O	O	O	
ora	O	O	O	O	
grigio	O	O	O	O	
ora	O	O	O	O	
argentino	O	O	O	O	
come	O	O	O	O	
i	B-LOC	O	O	O	
salici	I-LOC	O	O	O	
della	I-LOC	O	O	O	
pianura	I-LOC	O	O	O	
fuggente	I-LOC	O	O	O	
.	O	O	O	O	

—	O	O	O	O	
Non	O	O	O	O	
forse	O	O	O	O	
.	O	O	O	O	

Bisogna	O	O	O	O	
che	O	O	O	O	
sia	O	O	O	O	
,	O	O	O	O	
bisogna	O	O	O	O	
che	O	O	O	O	
sia	O	O	O	O	
!	O	O	O	O	

È	O	O	O	O	
orribile	O	O	O	O	
quel	O	O	O	O	
che	O	O	O	O	
fate	O	O	O	O	
,	O	O	O	O	
Isabella	B-PER	O	O	O	
:	O	O	O	O	
non	O	O	O	O	
ha	O	O	O	O	
alcuna	O	O	O	O	
scusa	O	O	O	O	
,	O	O	O	O	
alcuna	O	O	O	O	
discolpa	O	O	O	O	
.	O	O	O	O	

È	O	O	O	O	
una	O	O	O	O	
crudeltà	O	O	O	O	
quasi	O	O	O	O	
brutale	O	O	O	O	
,	O	O	O	O	
un	O	O	O	O	
'	O	O	O	O	
offesa	O	O	O	O	
atroce	O	O	O	O	
al	O	O	O	O	
corpo	O	O	O	O	
e	O	O	O	O	
all	O	O	O	O	
'	O	O	O	O	
anima	O	O	O	O	
,	O	O	O	O	
un	O	O	O	O	
disconoscimento	O	O	O	O	
inumano	O	O	O	O	
dell	O	O	O	O	
'	O	O	O	O	
amore	O	O	O	O	
e	O	O	O	O	
d	O	O	O	O	
'	O	O	O	O	
ogni	O	O	O	O	
bellezza	O	O	O	O	
e	O	O	O	O	
d	O	O	O	O	
'	O	O	O	O	
ogni	O	O	O	O	
gentilezza	O	O	O	O	
dell	O	O	O	O	
'	O	O	O	O	
amore	O	O	O	O	
,	O	O	O	O	
Isabella	B-PER	O	O	O	
.	O	O	O	O	

Che	O	O	O	O	
volete	O	O	O	O	
voi	O	O	O	O	
fare	O	O	O	O	
di	O	O	O	O	
me	O	O	O	O	
?	O	O	O	O	

Volete	O	O	O	O	
rendermi	O	O	O	O	
ancor	O	O	O	O	
più	O	O	O	O	
disperato	O	O	O	O	
e	O	O	O	O	
più	O	O	O	O	
folle	O	O	O	O	
?	O	O	O	O	

—	O	O	O	O	
Forse	O	O	O	O	
—	O	O	O	O	
rispondeva	O	O	O	O	
la	B-PER	O	O	O	
donna	I-PER	O	O	O	
,	O	O	O	O	
aguzzando	O	O	O	O	
il	O	O	O	O	
suo	O	O	O	O	
sorriso	O	O	O	O	
che	O	O	O	O	
il	O	O	O	O	
velo	O	O	O	O	
pareva	O	O	O	O	
confondere	O	O	O	O	
e	O	O	O	O	
quasi	O	O	O	O	
fumeggiare	O	O	O	O	
nei	O	O	O	O	
mobili	O	O	O	O	
riflessi	O	O	O	O	
,	O	O	O	O	
di	O	O	O	O	
sotto	O	O	O	O	
alle	O	O	O	O	
due	O	O	O	O	
ali	O	O	O	O	
ferrugigne	O	O	O	O	
che	O	O	O	O	
le	O	O	O	O	
coprivano	O	O	O	O	
gli	O	O	O	O	
orecchi	O	O	O	O	
inserite	O	O	O	O	
nel	O	O	O	O	
suo	O	O	O	O	
cappello	O	O	O	O	
a	O	O	O	O	
guisa	O	O	O	O	
d	O	O	O	O	
'	O	O	O	O	
elmetto	O	O	O	O	
intessuto	O	O	O	O	
d	O	O	O	O	
'	O	O	O	O	
una	O	O	O	O	
paglia	O	O	O	O	
larga	O	O	O	O	
e	O	O	O	O	
forte	O	O	O	O	
come	O	O	O	O	
trùcioli	O	O	O	O	
di	O	O	O	O	
frassino	O	O	O	O	
.	O	O	O	O	

—	O	O	O	O	
Ah	O	O	O	O	
,	O	O	O	O	
se	O	O	O	O	
l	O	O	O	O	
'	O	O	O	O	
amore	O	O	O	O	
fosse	O	O	O	O	
una	B-PER	O	O	O	
creatura	I-PER	O	O	O	
viva	I-PER	O	O	O	
e	O	O	O	O	
avesse	O	O	O	O	
gli	O	O	O	O	
occhi	O	O	O	O	
,	O	O	O	O	
potreste	O	O	O	O	
voi	O	O	O	O	
guardarlo	O	O	O	O	
senza	O	O	O	O	
vergognarvi	O	O	O	O	
?	O	O	O	O	

—	O	O	O	O	
Non	O	O	O	O	
lo	O	O	O	O	
guardo	O	O	O	O	
.	O	O	O	O	

—	O	O	O	O	
Mi	O	O	O	O	
amate	O	O	O	O	
?	O	O	O	O	

—	O	O	O	O	
Non	O	O	O	O	
so	O	O	O	O	
.	O	O	O	O	

—	O	O	O	O	
Vi	O	O	O	O	
prendete	O	O	O	O	
gioco	O	O	O	O	
di	O	O	O	O	
me	O	O	O	O	
?	O	O	O	O	

—	O	O	O	O	
Tutto	O	O	O	O	
è	O	O	O	O	
gioco	O	O	O	O	
.	O	O	O	O	

Il	O	O	O	O	
furore	O	O	O	O	
gonfiò	O	O	O	O	
il	O	O	O	O	
petto	O	O	O	O	
dell	O	O	O	O	
'	O	O	O	O	
uomo	B-PER	O	O	O	
chino	O	O	O	O	
sul	O	O	O	O	
volante	O	O	O	O	
della	O	O	O	O	
sua	B-VEH	O	O	O	
rossa	I-VEH	O	O	O	
macchina	I-VEH	O	O	O	
precipitosa	I-VEH	O	O	O	
che	O	O	O	O	
correva	O	O	O	O	
l	B-FAC	O	O	O	
'	I-FAC	O	O	O	
antica	I-FAC	O	O	O	
strada	I-FAC	O	O	O	
romana	I-FAC	O	O	O	
con	O	O	O	O	
un	O	O	O	O	
rombo	O	O	O	O	
guerresco	O	O	O	O	
simile	O	O	O	O	
al	O	O	O	O	
rullo	O	O	O	O	
d	O	O	O	O	
'	O	O	O	O	
un	O	O	O	O	
vasto	O	O	O	O	
tamburo	O	O	O	O	
metallico	O	O	O	O	
.	O	O	O	O	

—	O	O	O	O	
Siete	O	O	O	O	
capace	O	O	O	O	
di	O	O	O	O	
metter	O	O	O	O	
la	O	O	O	O	
vita	O	O	O	O	
per	O	O	O	O	
ultima	O	O	O	O	
posta	O	O	O	O	
?	O	O	O	O	

—	O	O	O	O	
Capace	O	O	O	O	
di	O	O	O	O	
tutto	O	O	O	O	
.	O	O	O	O	

Parve	O	O	O	O	
guizzarle	O	O	O	O	
tra	O	O	O	O	
i	O	O	O	O	
denti	O	O	O	O	
e	O	O	O	O	
il	O	O	O	O	
bianco	O	O	O	O	
degli	O	O	O	O	
occhi	O	O	O	O	
l	O	O	O	O	
'	O	O	O	O	
acutezza	O	O	O	O	
del	O	O	O	O	
sorriso	O	O	O	O	
formidabile	O	O	O	O	
come	O	O	O	O	
il	O	O	O	O	
baleno	O	O	O	O	
d	O	O	O	O	
'	O	O	O	O	
un	O	O	O	O	
'	O	O	O	O	
arme	O	O	O	O	
a	O	O	O	O	
doppio	O	O	O	O	
taglio	O	O	O	O	
.	O	O	O	O	

Con	O	O	O	O	
la	O	O	O	O	
destra	O	O	O	O	
il	B-PER	O	O	O	
furibondo	I-PER	O	O	O	
afferrò	O	O	O	O	
la	O	O	O	O	
leva	O	O	O	O	
,	O	O	O	O	
accelerò	O	O	O	O	
la	O	O	O	O	
corsa	O	O	O	O	
come	O	O	O	O	
nell	O	O	O	O	
'	O	O	O	O	
ardore	O	O	O	O	
d	O	O	O	O	
'	O	O	O	O	
una	O	O	O	O	
gara	O	O	O	O	
mortale	O	O	O	O	
,	O	O	O	O	
sentì	O	O	O	O	
pulsare	O	O	O	O	
nel	O	O	O	O	
suo	O	O	O	O	
proprio	O	O	O	O	
cuore	O	O	O	O	
la	O	O	O	O	
violenza	O	O	O	O	
del	O	O	O	O	
congegno	O	O	O	O	
esatto	O	O	O	O	
.	O	O	O	O	

Il	O	O	O	O	
vento	O	O	O	O	
gli	O	O	O	O	
mozzava	O	O	O	O	
le	O	O	O	O	
parole	O	O	O	O	
su	O	O	O	O	
le	O	O	O	O	
labbra	O	O	O	O	
arsicce	O	O	O	O	
.	O	O	O	O	

—	O	O	O	O	
Ora	O	O	O	O	
ho	O	O	O	O	
la	O	O	O	O	
vostra	O	O	O	O	
vita	O	O	O	O	
nelle	O	O	O	O	
mie	O	O	O	O	
mani	O	O	O	O	
come	O	O	O	O	
questo	O	O	O	O	
cerchio	O	O	O	O	
.	O	O	O	O	

—	O	O	O	O	
Sì	O	O	O	O	
.	O	O	O	O	

—	O	O	O	O	
Posso	O	O	O	O	
distruggerla	O	O	O	O	
.	O	O	O	O	

—	O	O	O	O	
Sì	O	O	O	O	
.	O	O	O	O	

—	O	O	O	O	
Posso	O	O	O	O	
in	O	O	O	O	
un	O	O	O	O	
attimo	O	O	O	O	
scagliarla	O	O	O	O	
nella	O	O	O	O	
polvere	O	O	O	O	
,	O	O	O	O	
schiacciarla	O	O	O	O	
contro	O	O	O	O	
le	O	O	O	O	
pietre	O	O	O	O	
,	O	O	O	O	
fare	O	O	O	O	
di	O	O	O	O	
voi	O	O	O	O	
e	O	O	O	O	
di	O	O	O	O	
me	O	O	O	O	
un	O	O	O	O	
solo	O	O	O	O	
mucchio	O	O	O	O	
sanguinoso	O	O	O	O	
.	O	O	O	O	

—	O	O	O	O	
Sì	O	O	O	O	
.	O	O	O	O	

Protesa	O	O	O	O	
ella	O	O	O	O	
ripeteva	O	O	O	O	
la	O	O	O	O	
sillaba	O	O	O	O	
sibilante	O	O	O	O	
,	O	O	O	O	
con	O	O	O	O	
un	O	O	O	O	
misto	O	O	O	O	
d	O	O	O	O	
'	O	O	O	O	
irrisione	O	O	O	O	
e	O	O	O	O	
di	O	O	O	O	
voluttà	O	O	O	O	
selvaggia	O	O	O	O	
.	O	O	O	O	

E	O	O	O	O	
veramente	O	O	O	O	
l	O	O	O	O	
'	O	O	O	O	
uno	O	O	O	O	
e	O	O	O	O	
l	O	O	O	O	
'	O	O	O	O	
altro	O	O	O	O	
sangue	O	O	O	O	
si	O	O	O	O	
rinforzavano	O	O	O	O	
,	O	O	O	O	
balzavano	O	O	O	O	
;	O	O	O	O	
l	O	O	O	O	
'	O	O	O	O	
uno	O	O	O	O	
contro	O	O	O	O	
l	O	O	O	O	
'	O	O	O	O	
altro	O	O	O	O	
parevano	O	O	O	O	
ardere	O	O	O	O	
ed	O	O	O	O	
esplodere	O	O	O	O	
come	O	O	O	O	
l	O	O	O	O	
'	O	O	O	O	
essenza	O	O	O	O	
accesa	O	O	O	O	
dal	O	O	O	O	
magnete	O	O	O	O	
nel	O	O	O	O	
motore	O	O	O	O	
celato	O	O	O	O	
dal	O	O	O	O	
lungo	O	O	O	O	
cofano	O	O	O	O	
.	O	O	O	O	

—	O	O	O	O	
La	O	O	O	O	
morte	O	O	O	O	
,	O	O	O	O	
la	O	O	O	O	
morte	O	O	O	O	
!	O	O	O	O	

Non	O	O	O	O	
sbigottita	O	O	O	O	
ma	O	O	O	O	
ebra	O	O	O	O	
,	O	O	O	O	
ella	O	O	O	O	
mirava	O	O	O	O	
l	O	O	O	O	
'	O	O	O	O	
imagine	O	O	O	O	
di	O	O	O	O	
lui	O	O	O	O	
nel	O	O	O	O	
fanale	O	O	O	O	
mediano	O	O	O	O	
,	O	O	O	O	
ch	O	O	O	O	
'	O	O	O	O	
era	O	O	O	O	
come	O	O	O	O	
un	O	O	O	O	
teschio	O	O	O	O	
orecchiuto	O	O	O	O	
,	O	O	O	O	
costrutto	O	O	O	O	
di	O	O	O	O	
tre	O	O	O	O	
metalli	O	O	O	O	
:	O	O	O	O	
mirava	O	O	O	O	
nella	O	O	O	O	
spera	O	O	O	O	
convessa	O	O	O	O	
del	O	O	O	O	
rame	O	O	O	O	
il	O	O	O	O	
capo	O	O	O	O	
rimpicciolito	O	O	O	O	
,	O	O	O	O	
ingrossato	O	O	O	O	
il	O	O	O	O	
basso	O	O	O	O	
del	O	O	O	O	
corpo	O	O	O	O	
,	O	O	O	O	
la	O	O	O	O	
mano	O	O	O	O	
sinistra	O	O	O	O	
enorme	O	O	O	O	
su	O	O	O	O	
la	O	O	O	O	
guida	O	O	O	O	
dello	O	O	O	O	
sterzo	O	O	O	O	
.	O	O	O	O	

Percotendo	O	O	O	O	
il	B-LOC	O	O	O	
sole	I-LOC	O	O	O	
nella	O	O	O	O	
spera	O	O	O	O	
,	O	O	O	O	
il	O	O	O	O	
foco	O	O	O	O	
divorava	O	O	O	O	
la	O	O	O	O	
faccia	O	O	O	O	
;	O	O	O	O	
e	O	O	O	O	
dell	O	O	O	O	
'	O	O	O	O	
imagine	O	O	O	O	
allora	O	O	O	O	
non	O	O	O	O	
appariva	O	O	O	O	
a	O	O	O	O	
lei	O	O	O	O	
se	O	O	O	O	
non	O	O	O	O	
il	O	O	O	O	
mostruoso	O	O	O	O	
torace	O	O	O	O	
decapitato	O	O	O	O	
e	O	O	O	O	
il	O	O	O	O	
pugno	O	O	O	O	
gigantesco	O	O	O	O	
nel	O	O	O	O	
guanto	O	O	O	O	
rossastro	O	O	O	O	
.	O	O	O	O	

—	O	O	O	O	
Mi	O	O	O	O	
tenterai	O	O	O	O	
e	O	O	O	O	
mi	O	O	O	O	
deluderai	O	O	O	O	
ancóra	O	O	O	O	
?	O	O	O	O	

—	O	O	O	O	
Forse	O	O	O	O	
.	O	O	O	O	

—	O	O	O	O	
Vedi	O	O	O	O	
quel	B-VEH	O	O	O	
carro	I-VEH	O	O	O	
,	O	O	O	O	
laggiù	O	O	O	O	
?	O	O	O	O	

—	O	O	O	O	
Lo	O	O	O	O	
vedo	O	O	O	O	
.	O	O	O	O	

Le	O	O	O	O	
parole	O	O	O	O	
erano	O	O	O	O	
come	O	O	O	O	
faville	O	O	O	O	
fulminee	O	O	O	O	
che	O	O	O	O	
si	O	O	O	O	
partissero	O	O	O	O	
non	O	O	O	O	
dalla	O	O	O	O	
bocca	O	O	O	O	
senza	O	O	O	O	
respiro	O	O	O	O	
ma	O	O	O	O	
dall	O	O	O	O	
'	O	O	O	O	
apice	O	O	O	O	
del	O	O	O	O	
cuore	O	O	O	O	
lottante	O	O	O	O	
.	O	O	O	O	

Il	O	O	O	O	
vento	O	O	O	O	
le	O	O	O	O	
rapiva	O	O	O	O	
e	O	O	O	O	
le	O	O	O	O	
mesceva	O	O	O	O	
all	O	O	O	O	
'	O	O	O	O	
immenso	O	O	O	O	
vortice	O	O	O	O	
di	O	O	O	O	
polvere	O	O	O	O	
alzato	O	O	O	O	
nella	O	O	O	O	
traccia	O	O	O	O	
spaventosa	O	O	O	O	
.	O	O	O	O	

Parevano	O	O	O	O	
non	O	O	O	O	
avere	O	O	O	O	
la	O	O	O	O	
figura	O	O	O	O	
del	O	O	O	O	
suono	O	O	O	O	
ma	O	O	O	O	
quella	O	O	O	O	
dell	O	O	O	O	
'	O	O	O	O	
ardore	O	O	O	O	
,	O	O	O	O	
disumanate	O	O	O	O	
dalla	O	O	O	O	
brevità	O	O	O	O	
nella	O	O	O	O	
luce	O	O	O	O	
,	O	O	O	O	
dalla	O	O	O	O	
solitudine	O	O	O	O	
nello	O	O	O	O	
spazio	B-LOC	O	O	O	
.	O	O	O	O	

—	O	O	O	O	
Chiudi	O	O	O	O	
gli	O	O	O	O	
occhi	O	O	O	O	
,	O	O	O	O	
dammi	O	O	O	O	
le	O	O	O	O	
labbra	O	O	O	O	
.	O	O	O	O	

—	O	O	O	O	
No	O	O	O	O	
.	O	O	O	O	

—	O	O	O	O	
Mordimi	O	O	O	O	
,	O	O	O	O	
e	O	O	O	O	
chiudi	O	O	O	O	
gli	O	O	O	O	
occhi	O	O	O	O	
.	O	O	O	O	

—	O	O	O	O	
No	O	O	O	O	
.	O	O	O	O	

—	O	O	O	O	
Moriamo	O	O	O	O	
.	O	O	O	O	

—	O	O	O	O	
Eccomi	O	O	O	O	
.	O	O	O	O	

Combattevano	O	O	O	O	
senza	O	O	O	O	
toccarsi	O	O	O	O	
ma	O	O	O	O	
invasi	O	O	O	O	
dallo	O	O	O	O	
stesso	O	O	O	O	
delirio	O	O	O	O	
che	O	O	O	O	
agita	O	O	O	O	
gli	B-PER	O	O	O	
amanti	I-PER	O	O	O	
acri	O	O	O	O	
d	O	O	O	O	
'	O	O	O	O	
odio	O	O	O	O	
carnale	O	O	O	O	
sul	O	O	O	O	
letto	O	O	O	O	
scosso	O	O	O	O	
,	O	O	O	O	
quando	O	O	O	O	
il	O	O	O	O	
desiderio	O	O	O	O	
e	O	O	O	O	
la	O	O	O	O	
distruzione	O	O	O	O	
,	O	O	O	O	
la	O	O	O	O	
voluttà	O	O	O	O	
e	O	O	O	O	
lo	O	O	O	O	
strazio	O	O	O	O	
sono	O	O	O	O	
una	O	O	O	O	
sola	O	O	O	O	
febbre	O	O	O	O	
.	O	O	O	O	

Il	B-LOC	O	O	O	
mondo	I-LOC	O	O	O	
non	O	O	O	O	
fu	O	O	O	O	
se	O	O	O	O	
non	O	O	O	O	
polvere	O	O	O	O	
dietro	O	O	O	O	
di	O	O	O	O	
loro	O	O	O	O	
;	O	O	O	O	
le	O	O	O	O	
forze	O	O	O	O	
si	O	O	O	O	
alternarono	O	O	O	O	
e	O	O	O	O	
si	O	O	O	O	
confusero	O	O	O	O	
.	O	O	O	O	

La	B-PER	O	O	O	
donna	I-PER	O	O	O	
era	O	O	O	O	
separata	O	O	O	O	
sul	O	O	O	O	
suo	O	O	O	O	
sedile	O	O	O	O	
,	O	O	O	O	
né	O	O	O	O	
sfiorava	O	O	O	O	
pur	O	O	O	O	
col	O	O	O	O	
gomito	O	O	O	O	
il	B-PER	O	O	O	
compagno	I-PER	O	O	O	
;	O	O	O	O	
ma	O	O	O	O	
soffriva	O	O	O	O	
e	O	O	O	O	
gioiva	O	O	O	O	
come	O	O	O	O	
se	O	O	O	O	
i	O	O	O	O	
due	O	O	O	O	
pugni	O	O	O	O	
dominatori	O	O	O	O	
non	O	O	O	O	
reggessero	O	O	O	O	
il	O	O	O	O	
cerchio	O	O	O	O	
,	O	O	O	O	
ben	O	O	O	O	
lei	O	O	O	O	
tenessero	O	O	O	O	
presa	O	O	O	O	
per	O	O	O	O	
gli	O	O	O	O	
òmeri	O	O	O	O	
squassandola	O	O	O	O	
.	O	O	O	O	

E	O	O	O	O	
trasposta	O	O	O	O	
era	O	O	O	O	
in	O	O	O	O	
lui	O	O	O	O	
l	O	O	O	O	
'	O	O	O	O	
illusione	O	O	O	O	
medesima	O	O	O	O	
,	O	O	O	O	
ché	O	O	O	O	
egli	O	O	O	O	
sentiva	O	O	O	O	
sotto	O	O	O	O	
le	O	O	O	O	
sue	O	O	O	O	
mani	O	O	O	O	
nella	O	O	O	O	
potenza	O	O	O	O	
dell	O	O	O	O	
'	O	O	O	O	
impulso	O	O	O	O	
grandeggiare	O	O	O	O	
il	O	O	O	O	
palpito	O	O	O	O	
della	O	O	O	O	
creatura	B-PER	O	O	O	
agognata	I-PER	O	O	O	
.	O	O	O	O	

Ed	O	O	O	O	
entrambi	O	O	O	O	
,	O	O	O	O	
come	O	O	O	O	
nella	O	O	O	O	
mischia	O	O	O	O	
ignuda	O	O	O	O	
,	O	O	O	O	
avevano	O	O	O	O	
il	O	O	O	O	
viso	O	O	O	O	
cocente	O	O	O	O	
ma	O	O	O	O	
nella	O	O	O	O	
schiena	O	O	O	O	
il	O	O	O	O	
brivido	O	O	O	O	
gelido	O	O	O	O	
.	O	O	O	O	

—	O	O	O	O	
Non	O	O	O	O	
temi	O	O	O	O	
?	O	O	O	O	

—	O	O	O	O	
Non	O	O	O	O	
temo	O	O	O	O	
.	O	O	O	O	

Ella	O	O	O	O	
guardava	O	O	O	O	
la	O	O	O	O	
morte	O	O	O	O	
e	O	O	O	O	
non	O	O	O	O	
credeva	O	O	O	O	
alla	O	O	O	O	
morte	O	O	O	O	
.	O	O	O	O	

Vide	O	O	O	O	
l	O	O	O	O	
'	O	O	O	O	
ombra	O	O	O	O	
d	O	O	O	O	
'	O	O	O	O	
un	O	O	O	O	
pioppo	O	O	O	O	
su	O	O	O	O	
la	B-LOC	O	O	O	
via	I-LOC	O	O	O	
splendida	I-LOC	O	O	O	
;	O	O	O	O	
distinse	O	O	O	O	
sul	O	O	O	O	
ciglio	B-LOC	O	O	O	
erboso	I-LOC	O	O	O	
il	O	O	O	O	
fiore	O	O	O	O	
intatto	O	O	O	O	
del	O	O	O	O	
vento	O	O	O	O	
,	O	O	O	O	
il	O	O	O	O	
labile	O	O	O	O	
globo	O	O	O	O	
di	O	O	O	O	
piuma	O	O	O	O	
sul	O	O	O	O	
gambo	O	O	O	O	
sottile	O	O	O	O	
;	O	O	O	O	
si	O	O	O	O	
contrasse	O	O	O	O	
,	O	O	O	O	
divenuta	O	O	O	O	
un	O	O	O	O	
solo	O	O	O	O	
istinto	O	O	O	O	
vitale	O	O	O	O	
dalla	O	O	O	O	
nuca	O	O	O	O	
al	O	O	O	O	
tallone	O	O	O	O	
,	O	O	O	O	
imitando	O	O	O	O	
il	O	O	O	O	
guizzo	O	O	O	O	
delle	O	O	O	O	
rondini	O	O	O	O	
vive	O	O	O	O	
che	O	O	O	O	
sfioravano	O	O	O	O	
il	O	O	O	O	
cofano	O	O	O	O	
pieno	O	O	O	O	
di	O	O	O	O	
fremito	O	O	O	O	
.	O	O	O	O	

E	O	O	O	O	
non	O	O	O	O	
mai	O	O	O	O	
aveva	O	O	O	O	
conosciuto	O	O	O	O	
la	O	O	O	O	
sua	O	O	O	O	
propria	O	O	O	O	
forma	O	O	O	O	
come	O	O	O	O	
in	O	O	O	O	
quel	O	O	O	O	
punto	O	O	O	O	
,	O	O	O	O	
non	O	O	O	O	
mai	O	O	O	O	
nel	O	O	O	O	
suo	O	O	O	O	
letto	O	O	O	O	
,	O	O	O	O	
non	O	O	O	O	
mai	O	O	O	O	
nel	O	O	O	O	
suo	B-FAC	O	O	O	
bagno	I-FAC	O	O	O	
,	O	O	O	O	
non	O	O	O	O	
mai	O	O	O	O	
davanti	O	O	O	O	
al	O	O	O	O	
suo	O	O	O	O	
specchio	O	O	O	O	
:	O	O	O	O	
le	O	O	O	O	
lunghe	O	O	O	O	
gambe	O	O	O	O	
lisce	O	O	O	O	
come	O	O	O	O	
quelle	O	O	O	O	
dei	O	O	O	O	
chiari	O	O	O	O	
Crocifissi	O	O	O	O	
d	O	O	O	O	
'	O	O	O	O	
argento	O	O	O	O	
levigate	O	O	O	O	
da	O	O	O	O	
mille	O	O	O	O	
e	O	O	O	O	
mille	O	O	O	O	
labbra	O	O	O	O	
pie	O	O	O	O	
;	O	O	O	O	
l	O	O	O	O	
'	O	O	O	O	
esiguità	O	O	O	O	
delle	O	O	O	O	
ginocchia	O	O	O	O	
agevoli	O	O	O	O	
in	O	O	O	O	
cui	O	O	O	O	
era	O	O	O	O	
il	O	O	O	O	
segreto	O	O	O	O	
del	O	O	O	O	
passo	O	O	O	O	
ammirabile	O	O	O	O	
;	O	O	O	O	
le	O	O	O	O	
piccole	O	O	O	O	
mammelle	O	O	O	O	
sul	O	O	O	O	
petto	O	O	O	O	
largo	O	O	O	O	
come	O	O	O	O	
il	O	O	O	O	
petto	O	O	O	O	
delle	O	O	O	O	
Muse	B-ORG	O	O	O	
vocali	I-ORG	O	O	O	
,	O	O	O	O	
dall	O	O	O	O	
'	O	O	O	O	
ossatura	O	O	O	O	
palese	O	O	O	O	
di	O	O	O	O	
sotto	O	O	O	O	
i	O	O	O	O	
muscoli	O	O	O	O	
smilzi	O	O	O	O	
;	O	O	O	O	
e	O	O	O	O	
le	O	O	O	O	
braccia	O	O	O	O	
non	O	O	O	O	
molli	O	O	O	O	
ma	O	O	O	O	
salde	O	O	O	O	
che	O	O	O	O	
pur	O	O	O	O	
sembravano	O	O	O	O	
portare	O	O	O	O	
la	O	O	O	O	
più	O	O	O	O	
fresca	O	O	O	O	
freschezza	O	O	O	O	
della	O	O	O	O	
vita	O	O	O	O	
come	O	O	O	O	
una	O	O	O	O	
ghirlanda	O	O	O	O	
rinnovata	O	O	O	O	
a	O	O	O	O	
ogni	O	O	O	O	
alba	O	O	O	O	
;	O	O	O	O	
e	O	O	O	O	
chiuse	O	O	O	O	
nei	O	O	O	O	
guanti	O	O	O	O	
flosci	O	O	O	O	
le	O	O	O	O	
magre	O	O	O	O	
mani	O	O	O	O	
fino	O	O	O	O	
alle	O	O	O	O	
unghie	O	O	O	O	
screziate	O	O	O	O	
di	O	O	O	O	
bianco	O	O	O	O	
,	O	O	O	O	
sensibili	O	O	O	O	
come	O	O	O	O	
il	O	O	O	O	
cuore	O	O	O	O	
purpureo	O	O	O	O	
,	O	O	O	O	
ricche	O	O	O	O	
di	O	O	O	O	
un	O	O	O	O	
'	O	O	O	O	
arte	O	O	O	O	
più	O	O	O	O	
misteriosa	O	O	O	O	
che	O	O	O	O	
i	O	O	O	O	
segni	O	O	O	O	
scritti	O	O	O	O	
nelle	O	O	O	O	
palme	O	O	O	O	
;	O	O	O	O	
e	O	O	O	O	
tutto	O	O	O	O	
il	O	O	O	O	
calore	O	O	O	O	
diffuso	O	O	O	O	
sotto	O	O	O	O	
la	O	O	O	O	
pelle	O	O	O	O	
come	O	O	O	O	
una	O	O	O	O	
stagione	O	O	O	O	
dorata	O	O	O	O	
,	O	O	O	O	
e	O	O	O	O	
l	O	O	O	O	
'	O	O	O	O	
inquietudine	O	O	O	O	
delle	O	O	O	O	
vene	O	O	O	O	
,	O	O	O	O	
e	O	O	O	O	
l	O	O	O	O	
'	O	O	O	O	
odore	O	O	O	O	
profondo	O	O	O	O	
.	O	O	O	O	

No	O	O	O	O	
,	O	O	O	O	
non	O	O	O	O	
moriamo	O	O	O	O	
.	O	O	O	O	

Il	O	O	O	O	
cuore	O	O	O	O	
ti	O	O	O	O	
trema	O	O	O	O	
.	O	O	O	O	

Il	O	O	O	O	
tuo	O	O	O	O	
furore	O	O	O	O	
è	O	O	O	O	
vano	O	O	O	O	
.	O	O	O	O	

Godi	O	O	O	O	
e	O	O	O	O	
soffri	O	O	O	O	
di	O	O	O	O	
me	O	O	O	O	
.	O	O	O	O	

Non	O	O	O	O	
sono	O	O	O	O	
mai	O	O	O	O	
stata	O	O	O	O	
così	O	O	O	O	
forte	O	O	O	O	
e	O	O	O	O	
così	O	O	O	O	
desiderabile	O	O	O	O	
.	O	O	O	O	

I	O	O	O	O	
suoi	O	O	O	O	
pensieri	O	O	O	O	
nascevano	O	O	O	O	
dal	O	O	O	O	
suo	O	O	O	O	
brivido	O	O	O	O	
.	O	O	O	O	

Ed	O	O	O	O	
ella	O	O	O	O	
portava	O	O	O	O	
sotto	O	O	O	O	
le	O	O	O	O	
due	O	O	O	O	
ali	O	O	O	O	
basse	O	O	O	O	
il	O	O	O	O	
suo	O	O	O	O	
viso	O	O	O	O	
di	O	O	O	O	
dèmone	B-PER	O	O	O	
non	O	O	O	O	
come	O	O	O	O	
una	O	O	O	O	
maschera	O	O	O	O	
di	O	O	O	O	
carne	O	O	O	O	
ma	O	O	O	O	
come	O	O	O	O	
la	O	O	O	O	
sommità	O	O	O	O	
stessa	O	O	O	O	
della	O	O	O	O	
sua	O	O	O	O	
anima	O	O	O	O	
accesa	O	O	O	O	
nel	O	O	O	O	
vento	O	O	O	O	
sonoro	O	O	O	O	
e	O	O	O	O	
velata	O	O	O	O	
di	O	O	O	O	
fallacia	O	O	O	O	
.	O	O	O	O	

—	O	O	O	O	
Isabella	B-PER	O	O	O	
!	O	O	O	O	

Isabella	B-PER	O	O	O	
!	O	O	O	O	

Simile	O	O	O	O	
al	O	O	O	O	
cavallo	O	O	O	O	
nervoso	O	O	O	O	
che	O	O	O	O	
sente	O	O	O	O	
dinanzi	O	O	O	O	
all	O	O	O	O	
'	O	O	O	O	
ostacolo	O	O	O	O	
mancare	O	O	O	O	
il	O	O	O	O	
coraggio	O	O	O	O	
del	O	O	O	O	
cavaliere	B-PER	O	O	O	
ed	O	O	O	O	
è	O	O	O	O	
certo	O	O	O	O	
che	O	O	O	O	
non	O	O	O	O	
andrà	O	O	O	O	
dall	O	O	O	O	
'	O	O	O	O	
altra	O	O	O	O	
parte	O	O	O	O	
,	O	O	O	O	
ella	O	O	O	O	
sentiva	O	O	O	O	
l	O	O	O	O	
'	O	O	O	O	
esitazione	O	O	O	O	
nei	O	O	O	O	
pugni	O	O	O	O	
del	O	O	O	O	
guidatore	B-PER	O	O	O	
;	O	O	O	O	
e	O	O	O	O	
già	O	O	O	O	
misurava	O	O	O	O	
con	O	O	O	O	
l	O	O	O	O	
'	O	O	O	O	
occhio	O	O	O	O	
lo	O	O	O	O	
spazio	O	O	O	O	
tra	O	O	O	O	
il	B-VEH	O	O	O	
carro	I-VEH	O	O	O	
e	O	O	O	O	
il	B-LOC	O	O	O	
canale	I-LOC	O	O	O	
ove	O	O	O	O	
le	O	O	O	O	
ninfee	O	O	O	O	
biancheggiavano	O	O	O	O	
.	O	O	O	O	

Un	O	O	O	O	
grido	O	O	O	O	
involontario	O	O	O	O	
le	O	O	O	O	
sfuggì	O	O	O	O	
quando	O	O	O	O	
una	O	O	O	O	
rondine	O	O	O	O	
urtò	O	O	O	O	
contro	O	O	O	O	
i	O	O	O	O	
bugni	O	O	O	O	
del	O	O	O	O	
radiatore	O	O	O	O	
camuso	O	O	O	O	
uccidendosi	O	O	O	O	
.	O	O	O	O	

—	O	O	O	O	
Paura	O	O	O	O	
?	O	O	O	O	

—	O	O	O	O	
Per	O	O	O	O	
la	O	O	O	O	
rondine	O	O	O	O	
.	O	O	O	O	

—	O	O	O	O	
Vuoi	O	O	O	O	
?	O	O	O	O	

—	O	O	O	O	
Sia	O	O	O	O	
.	O	O	O	O	

—	O	O	O	O	
Isabella	B-PER	O	O	O	
!	O	O	O	O	

Allora	O	O	O	O	
ella	O	O	O	O	
guardò	O	O	O	O	
il	O	O	O	O	
viso	O	O	O	O	
raso	O	O	O	O	
del	O	O	O	O	
compagno	B-PER	O	O	O	
,	O	O	O	O	
non	O	O	O	O	
nella	O	O	O	O	
spera	O	O	O	O	
di	O	O	O	O	
rame	O	O	O	O	
ma	O	O	O	O	
nel	O	O	O	O	
rombo	O	O	O	O	
del	O	O	O	O	
pericolo	O	O	O	O	
al	O	O	O	O	
suo	O	O	O	O	
fianco	O	O	O	O	
:	O	O	O	O	
il	O	O	O	O	
viso	O	O	O	O	
bronzino	O	O	O	O	
,	O	O	O	O	
disseccato	O	O	O	O	
e	O	O	O	O	
indurito	O	O	O	O	
su	O	O	O	O	
le	O	O	O	O	
ossa	O	O	O	O	
evidenti	O	O	O	O	
,	O	O	O	O	
chiuso	O	O	O	O	
fino	O	O	O	O	
al	O	O	O	O	
mento	O	O	O	O	
come	O	O	O	O	
da	O	O	O	O	
una	O	O	O	O	
sorta	O	O	O	O	
di	O	O	O	O	
camaglio	O	O	O	O	
;	O	O	O	O	
onde	O	O	O	O	
sporgeva	O	O	O	O	
carnosa	O	O	O	O	
la	O	O	O	O	
bocca	O	O	O	O	
quasi	O	O	O	O	
fosse	O	O	O	O	
gonfia	O	O	O	O	
di	O	O	O	O	
sete	O	O	O	O	
e	O	O	O	O	
di	O	O	O	O	
disperazione	O	O	O	O	
.	O	O	O	O	

Poi	O	O	O	O	
guardò	O	O	O	O	
innanzi	O	O	O	O	
a	O	O	O	O	
sé	O	O	O	O	
.	O	O	O	O	

Subitamente	O	O	O	O	
l	O	O	O	O	
'	O	O	O	O	
orrore	O	O	O	O	
le	O	O	O	O	
arrestò	O	O	O	O	
il	O	O	O	O	
palpito	O	O	O	O	
,	O	O	O	O	
ché	O	O	O	O	
il	B-VEH	O	O	O	
carro	I-VEH	O	O	O	
era	O	O	O	O	
là	O	O	O	O	
,	O	O	O	O	
carico	O	O	O	O	
di	O	O	O	O	
tronchi	O	O	O	O	
immani	O	O	O	O	
che	O	O	O	O	
si	O	O	O	O	
protendevano	O	O	O	O	
oltre	O	O	O	O	
le	O	O	O	O	
corna	O	O	O	O	
delle	O	O	O	O	
due	O	O	O	O	
coppie	O	O	O	O	
di	O	O	O	O	
buoi	O	O	O	O	
aggiogate	O	O	O	O	
.	O	O	O	O	

L	O	O	O	O	
'	O	O	O	O	
ultimo	O	O	O	O	
battito	O	O	O	O	
delle	O	O	O	O	
palpebre	O	O	O	O	
afferrò	O	O	O	O	
netta	O	O	O	O	
la	O	O	O	O	
forma	O	O	O	O	
degli	O	O	O	O	
strati	O	O	O	O	
legnosi	O	O	O	O	
nel	O	O	O	O	
taglio	O	O	O	O	
dei	O	O	O	O	
fusti	O	O	O	O	
.	O	O	O	O	

Poi	O	O	O	O	
ella	O	O	O	O	
chiuse	O	O	O	O	
gli	O	O	O	O	
occhi	O	O	O	O	
:	O	O	O	O	
fu	O	O	O	O	
scossa	O	O	O	O	
dalla	O	O	O	O	
violenza	O	O	O	O	
dello	O	O	O	O	
sterzo	O	O	O	O	
,	O	O	O	O	
udì	O	O	O	O	
gli	O	O	O	O	
urli	O	O	O	O	
dei	O	O	O	O	
bovari	O	O	O	O	
e	O	O	O	O	
un	O	O	O	O	
muggito	O	O	O	O	
lùgubre	O	O	O	O	
come	O	O	O	O	
se	O	O	O	O	
la	B-VEH	O	O	O	
macchina	I-VEH	O	O	O	
micidiale	I-VEH	O	O	O	
passasse	O	O	O	O	
sopra	O	O	O	O	
le	O	O	O	O	
bestie	O	O	O	O	
stritolate	O	O	O	O	
.	O	O	O	O	

Aprì	O	O	O	O	
gli	O	O	O	O	
occhi	O	O	O	O	
:	O	O	O	O	
qualcosa	B-LOC	O	O	O	
di	I-LOC	O	O	O	
verde	I-LOC	O	O	O	
,	I-LOC	O	O	O	
di	I-LOC	O	O	O	
candido	I-LOC	O	O	O	
,	I-LOC	O	O	O	
di	I-LOC	O	O	O	
fresco	I-LOC	O	O	O	
le	O	O	O	O	
entrò	O	O	O	O	
nelle	O	O	O	O	
pupille	O	O	O	O	
.	O	O	O	O	

La	B-VEH	O	O	O	
macchina	I-VEH	O	O	O	
correva	O	O	O	O	
,	O	O	O	O	
muggendo	O	O	O	O	
dalla	O	O	O	O	
sua	O	O	O	O	
sirena	O	O	O	O	
,	O	O	O	O	
lungo	O	O	O	O	
il	O	B-LOC	O	O	
margine	O	I-LOC	O	O	
erboso	O	I-LOC	O	O	
del	O	I-LOC	O	O	
canale	B-LOC	I-LOC	O	O	
ove	O	O	O	O	
le	O	O	O	O	
ninfee	O	O	O	O	
galleggiavano	O	O	O	O	
innumerevoli	O	O	O	O	
.	O	O	O	O	

Dietro	O	O	O	O	
,	O	O	O	O	
il	O	O	O	O	
vortice	O	O	O	O	
della	O	O	O	O	
polvere	O	O	O	O	
nascondeva	O	O	O	O	
il	O	O	O	O	
passo	O	O	O	O	
della	O	O	O	O	
morte	O	O	O	O	
.	O	O	O	O	

E	O	O	O	O	
un	O	O	O	O	
repentino	O	O	O	O	
riso	O	O	O	O	
stridette	O	O	O	O	
per	O	O	O	O	
entro	O	O	O	O	
l	O	O	O	O	
'	O	O	O	O	
ondeggiamento	O	O	O	O	
del	O	O	O	O	
velo	O	O	O	O	
,	O	O	O	O	
sotto	O	O	O	O	
le	O	O	O	O	
ali	O	O	O	O	
dell	O	O	O	O	
'	O	O	O	O	
elmetto	O	O	O	O	
,	O	O	O	O	
su	O	O	O	O	
la	O	O	O	O	
faccia	O	O	O	O	
incolume	O	O	O	O	
e	O	O	O	O	
invitta	O	O	O	O	
.	O	O	O	O	

Era	O	O	O	O	
un	O	O	O	O	
riso	O	O	O	O	
involontario	O	O	O	O	
,	O	O	O	O	
un	O	O	O	O	
convulso	O	O	O	O	
riso	O	O	O	O	
femineo	O	O	O	O	
,	O	O	O	O	
che	O	O	O	O	
le	O	O	O	O	
riempiva	O	O	O	O	
di	O	O	O	O	
lacrime	O	O	O	O	
il	O	O	O	O	
cavo	O	O	O	O	
degli	O	O	O	O	
occhi	O	O	O	O	
,	O	O	O	O	
la	O	O	O	O	
piegava	O	O	O	O	
a	O	O	O	O	
mezzo	O	O	O	O	
del	O	O	O	O	
corpo	O	O	O	O	
e	O	O	O	O	
pareva	O	O	O	O	
fosse	O	O	O	O	
per	O	O	O	O	
spezzarla	O	O	O	O	
in	O	O	O	O	
ogni	O	O	O	O	
sussulto	O	O	O	O	
.	O	O	O	O	

Ma	O	O	O	O	
ella	O	O	O	O	
diede	O	O	O	O	
alla	O	O	O	O	
sua	O	O	O	O	
debolezza	O	O	O	O	
e	O	O	O	O	
al	O	O	O	O	
suo	O	O	O	O	
male	O	O	O	O	
l	O	O	O	O	
'	O	O	O	O	
apparenza	O	O	O	O	
dello	O	O	O	O	
scherno	O	O	O	O	
vittorioso	O	O	O	O	
.	O	O	O	O	

—	O	O	O	O	
La	O	O	O	O	
morte	O	O	O	O	
!	O	O	O	O	

La	O	O	O	O	
morte	O	O	O	O	
!	O	O	O	O	

—	O	O	O	O	
singhiozzò	O	O	O	O	
nella	O	O	O	O	
gola	O	O	O	O	
stridula	O	O	O	O	
.	O	O	O	O	

—	O	O	O	O	
L	O	O	O	O	
'	O	O	O	O	
ultima	O	O	O	O	
posta	O	O	O	O	
!	O	O	O	O	

Avete	O	O	O	O	
ucciso	O	O	O	O	
una	O	O	O	O	
rondine	O	O	O	O	
e	O	O	O	O	
prestato	O	O	O	O	
un	O	O	O	O	
muggito	O	O	O	O	
di	O	O	O	O	
spavento	O	O	O	O	
a	O	O	O	O	
quattro	O	O	O	O	
buoi	O	O	O	O	
troppo	O	O	O	O	
placidi	O	O	O	O	
.	O	O	O	O	

Ella	O	O	O	O	
non	O	O	O	O	
poteva	O	O	O	O	
domare	O	O	O	O	
quel	O	O	O	O	
riso	O	O	O	O	
che	O	O	O	O	
le	O	O	O	O	
si	O	O	O	O	
partiva	O	O	O	O	
dalle	O	O	O	O	
viscere	O	O	O	O	
,	O	O	O	O	
dal	O	O	O	O	
più	O	O	O	O	
profondo	O	O	O	O	
di	O	O	O	O	
sé	O	O	O	O	
,	O	O	O	O	
dall	O	O	O	O	
'	O	O	O	O	
ignoto	O	O	O	O	
abisso	O	O	O	O	
della	O	O	O	O	
sua	O	O	O	O	
sostanza	O	O	O	O	
,	O	O	O	O	
con	O	O	O	O	
un	O	O	O	O	
suono	O	O	O	O	
inimitabile	O	O	O	O	
che	O	O	O	O	
pur	O	O	O	O	
sembrava	O	O	O	O	
falso	O	O	O	O	
alla	O	O	O	O	
sua	O	O	O	O	
anima	O	O	O	O	
e	O	O	O	O	
a	O	O	O	O	
quella	O	O	O	O	
di	O	O	O	O	
chi	O	O	O	O	
l	O	O	O	O	
'	O	O	O	O	
udiva	O	O	O	O	
.	O	O	O	O	

E	O	O	O	O	
il	B-PER	O	O	O	
compagno	I-PER	O	O	O	
taceva	O	O	O	O	
,	O	O	O	O	
senza	O	O	O	O	
guardarla	O	O	O	O	
,	O	O	O	O	
oppresso	O	O	O	O	
da	O	O	O	O	
un	O	O	O	O	
'	O	O	O	O	
angoscia	O	O	O	O	
annodata	O	O	O	O	
come	O	O	O	O	
un	O	O	O	O	
rancore	O	O	O	O	
inerte	O	O	O	O	
,	O	O	O	O	
che	O	O	O	O	
gli	O	O	O	O	
impediva	O	O	O	O	
di	O	O	O	O	
raccogliere	O	O	O	O	
l	O	O	O	O	
'	O	O	O	O	
irrisione	O	O	O	O	
e	O	O	O	O	
di	O	O	O	O	
volgerla	O	O	O	O	
in	O	O	O	O	
lieve	O	O	O	O	
allegrezza	O	O	O	O	
.	O	O	O	O	

—	O	O	O	O	
Tutto	O	O	O	O	
è	O	O	O	O	
gioco	O	O	O	O	
—	O	O	O	O	
disse	O	O	O	O	
.	O	O	O	O	

Moderava	O	O	O	O	
la	O	O	O	O	
corsa	O	O	O	O	
.	O	O	O	O	

Ora	O	O	O	O	
la	B-FAC	O	O	O	
strada	I-FAC	O	O	O	
era	O	O	O	O	
solitaria	O	O	O	O	
;	O	O	O	O	
e	O	O	O	O	
tutta	B-LOC	O	O	O	
la	I-LOC	O	O	O	
pianura	I-LOC	O	O	O	
in	O	O	O	O	
quel	O	O	O	O	
punto	O	O	O	O	
era	O	O	O	O	
una	O	O	O	O	
solitudine	O	O	O	O	
lontana	O	O	O	O	
come	O	O	O	O	
una	O	O	O	O	
ricordanza	O	O	O	O	
musicale	O	O	O	O	
,	O	O	O	O	
fatta	O	O	O	O	
di	O	O	O	O	
segni	O	O	O	O	
e	O	O	O	O	
d	O	O	O	O	
'	O	O	O	O	
intervalli	O	O	O	O	
costanti	O	O	O	O	
;	O	O	O	O	
ché	O	O	O	O	
gli	B-LOC	O	O	O	
argini	I-LOC	O	O	O	
verdi	I-LOC	O	O	O	
,	O	O	O	O	
e	O	O	O	O	
sovr	O	O	O	O	
'	O	O	O	O	
essi	O	O	O	O	
le	B-LOC	O	O	O	
pallide	I-LOC	O	O	O	
vie	I-LOC	O	O	O	
diritte	I-LOC	O	O	O	
,	O	O	O	O	
e	O	O	O	O	
i	B-LOC	O	O	O	
canali	I-LOC	O	O	O	
molli	I-LOC	O	O	O	
,	O	O	O	O	
i	O	O	O	O	
filari	O	O	O	O	
di	O	O	O	O	
salci	O	O	O	O	
di	O	O	O	O	
pioppi	O	O	O	O	
di	O	O	O	O	
gelsi	O	O	O	O	
,	O	O	O	O	
tutte	O	O	O	O	
le	O	O	O	O	
linee	O	O	O	O	
consentivano	O	O	O	O	
a	O	O	O	O	
quella	O	O	O	O	
dell	O	O	O	O	
'	O	O	O	O	
orizzonte	O	O	O	O	
,	O	O	O	O	
in	O	O	O	O	
concorde	O	O	O	O	
lentezza	O	O	O	O	
si	O	O	O	O	
prolungavano	O	O	O	O	
verso	O	O	O	O	
l	O	O	O	O	
'	O	O	O	O	
infinito	O	O	O	O	
.	O	O	O	O	

E	O	O	O	O	
il	O	O	O	O	
regno	O	O	O	O	
era	O	O	O	O	
del	O	O	O	O	
cielo	B-LOC	O	O	O	
inoccupato	O	O	O	O	
;	O	O	O	O	
ché	O	O	O	O	
qualcosa	O	O	O	O	
d	O	O	O	O	
'	O	O	O	O	
aereo	O	O	O	O	
,	O	O	O	O	
per	O	O	O	O	
tante	O	O	O	O	
quiete	O	O	O	O	
acque	O	O	O	O	
specchianti	O	O	O	O	
,	O	O	O	O	
alleviava	O	O	O	O	
la	O	O	O	O	
terra	O	O	O	O	
come	O	O	O	O	
i	O	O	O	O	
grandi	O	O	O	O	
occhi	O	O	O	O	
allèviano	O	O	O	O	
il	O	O	O	O	
volto	O	O	O	O	
umano	O	O	O	O	
.	O	O	O	O	

Sopra	O	O	O	O	
la	O	O	O	O	
pulsazione	O	O	O	O	
del	O	O	O	O	
motore	O	O	O	O	
e	O	O	O	O	
sopra	O	O	O	O	
il	O	O	O	O	
riso	O	O	O	O	
della	O	O	O	O	
donna	B-PER	O	O	O	
,	O	O	O	O	
che	O	O	O	O	
parevan	O	O	O	O	
salire	O	O	O	O	
dalla	O	O	O	O	
stessa	O	O	O	O	
meccanica	O	O	O	O	
inconsapevolezza	O	O	O	O	
,	O	O	O	O	
egli	O	O	O	O	
percepiva	O	O	O	O	
il	O	O	O	O	
silenzio	O	O	O	O	
senza	O	O	O	O	
confine	O	O	O	O	
.	O	O	O	O	

E	O	O	O	O	
da	O	O	O	O	
quella	O	O	O	O	
chiara	O	O	O	O	
libertà	O	O	O	O	
del	O	O	O	O	
cielo	B-LOC	O	O	O	
sgombro	I-LOC	O	O	O	
,	O	O	O	O	
e	O	O	O	O	
da	O	O	O	O	
tutte	O	O	O	O	
quelle	O	O	O	O	
bianche	O	O	O	O	
liste	O	O	O	O	
ricorrenti	O	O	O	O	
per	O	O	O	O	
la	O	O	O	O	
verdura	O	O	O	O	
,	O	O	O	O	
e	O	O	O	O	
dal	O	O	O	O	
balenare	O	O	O	O	
delle	O	O	O	O	
rondini	O	O	O	O	
sul	O	O	O	O	
fiso	O	O	O	O	
sguardo	O	O	O	O	
degli	O	O	O	O	
stagni	B-LOC	O	O	O	
,	O	O	O	O	
gli	O	O	O	O	
si	O	O	O	O	
compose	O	O	O	O	
l	O	O	O	O	
'	O	O	O	O	
imagine	O	O	O	O	
del	O	O	O	O	
suo	O	O	O	O	
volo	O	O	O	O	
.	O	O	O	O	

E	O	O	O	O	
imaginò	O	O	O	O	
di	O	O	O	O	
condurre	O	O	O	O	
non	O	O	O	O	
la	O	O	O	O	
rapidità	O	O	O	O	
che	O	O	O	O	
striscia	O	O	O	O	
ma	O	O	O	O	
quella	O	O	O	O	
che	O	O	O	O	
si	O	O	O	O	
solleva	O	O	O	O	
;	O	O	O	O	
imaginò	O	O	O	O	
di	O	O	O	O	
ritrovarsi	O	O	O	O	
nella	O	O	O	O	
lunga	O	O	O	O	
fusoliera	O	O	O	O	
che	O	O	O	O	
formava	O	O	O	O	
il	O	O	O	O	
corpo	O	O	O	O	
del	O	O	O	O	
suo	O	O	O	O	
congegno	O	O	O	O	
dedàleo	O	O	O	O	
tra	O	O	O	O	
i	O	O	O	O	
due	O	O	O	O	
vasti	O	O	O	O	
trapezii	O	O	O	O	
costrutti	O	O	O	O	
di	O	O	O	O	
frassino	O	O	O	O	
d	O	O	O	O	
'	O	O	O	O	
acciaio	O	O	O	O	
e	O	O	O	O	
di	O	O	O	O	
tela	O	O	O	O	
,	O	O	O	O	
dietro	O	O	O	O	
il	O	O	O	O	
ventaglio	O	O	O	O	
tremendo	O	O	O	O	
dei	O	O	O	O	
cilindri	O	O	O	O	
irti	O	O	O	O	
d	O	O	O	O	
'	O	O	O	O	
alette	O	O	O	O	
,	O	O	O	O	
di	O	O	O	O	
là	O	O	O	O	
dai	O	O	O	O	
quali	O	O	O	O	
girava	O	O	O	O	
una	O	O	O	O	
forza	O	O	O	O	
indicibile	O	O	O	O	
come	O	O	O	O	
l	O	O	O	O	
'	O	O	O	O	
aria	O	O	O	O	
:	O	O	O	O	
l	O	O	O	O	
'	O	O	O	O	
elica	O	O	O	O	
dalle	O	O	O	O	
curvature	O	O	O	O	
divine	O	O	O	O	
.	O	O	O	O	

La	B-PER	O	O	O	
donna	I-PER	O	O	O	
aveva	O	O	O	O	
soffocato	O	O	O	O	
il	O	O	O	O	
riso	O	O	O	O	
,	O	O	O	O	
che	O	O	O	O	
di	O	O	O	O	
tratto	O	O	O	O	
in	O	O	O	O	
tratto	O	O	O	O	
rinasceva	O	O	O	O	
come	O	O	O	O	
un	O	O	O	O	
singulto	O	O	O	O	
infantile	O	O	O	O	
.	O	O	O	O	

—	O	O	O	O	
Credo	O	O	O	O	
che	O	O	O	O	
siamo	O	O	O	O	
folli	O	O	O	O	
,	O	O	O	O	
Paolo	B-PER	O	O	O	
—	O	O	O	O	
disse	O	O	O	O	
con	O	O	O	O	
una	O	O	O	O	
voce	O	O	O	O	
che	O	O	O	O	
si	O	O	O	O	
posò	O	O	O	O	
sul	O	O	O	O	
cuore	O	O	O	O	
dell	O	O	O	O	
'	O	O	O	O	
uomo	B-PER	O	O	O	
come	O	O	O	O	
una	O	O	O	O	
mano	O	O	O	O	
cauta	O	O	O	O	
in	O	O	O	O	
atto	O	O	O	O	
d	O	O	O	O	
'	O	O	O	O	
imprigionare	O	O	O	O	
qualcosa	O	O	O	O	
che	O	O	O	O	
sia	O	O	O	O	
per	O	O	O	O	
fuggirsi	O	O	O	O	
.	O	O	O	O	

Egli	O	O	O	O	
rivide	O	O	O	O	
,	O	O	O	O	
in	O	O	O	O	
un	O	O	O	O	
lampo	O	O	O	O	
,	O	O	O	O	
Isabella	B-PER	O	O	O	
Inghirami	I-PER	O	O	O	
sotto	O	O	O	O	
la	O	O	O	O	
tettoia	O	O	O	O	
che	O	O	O	O	
crepitava	O	O	O	O	
alla	O	O	O	O	
pioggia	O	O	O	O	
primaverile	O	O	O	O	
,	O	O	O	O	
là	O	O	O	O	
,	O	O	O	O	
fra	O	O	O	O	
i	O	O	O	O	
rotoli	O	O	O	O	
dei	O	O	O	O	
fili	O	O	O	O	
d	O	O	O	O	
'	O	O	O	O	
acciaio	O	O	O	O	
,	O	O	O	O	
fra	O	O	O	O	
le	O	O	O	O	
lunghe	O	O	O	O	
verghe	O	O	O	O	
di	O	O	O	O	
legno	O	O	O	O	
,	O	O	O	O	
fra	O	O	O	O	
i	O	O	O	O	
mucchi	O	O	O	O	
dei	O	O	O	O	
trucioli	O	O	O	O	
,	O	O	O	O	
negli	O	O	O	O	
stridori	O	O	O	O	
della	O	O	O	O	
sega	O	O	O	O	
,	O	O	O	O	
nei	O	O	O	O	
gemiti	O	O	O	O	
della	O	O	O	O	
lima	O	O	O	O	
,	O	O	O	O	
nei	O	O	O	O	
colpi	O	O	O	O	
del	O	O	O	O	
martello	O	O	O	O	
,	O	O	O	O	
mentre	O	O	O	O	
una	O	O	O	O	
tacita	O	O	O	O	
febbre	O	O	O	O	
umana	O	O	O	O	
pareva	O	O	O	O	
quasi	O	O	O	O	
raggiare	O	O	O	O	
intorno	O	O	O	O	
al	O	O	O	O	
grande	O	O	O	O	
airone	O	O	O	O	
inanimato	O	O	O	O	
che	O	O	O	O	
aveva	O	O	O	O	
già	O	O	O	O	
la	O	O	O	O	
tela	O	O	O	O	
tesa	O	O	O	O	
su	O	O	O	O	
le	O	O	O	O	
cèntine	O	O	O	O	
delle	O	O	O	O	
sue	O	O	O	O	
ali	O	O	O	O	
.	O	O	O	O	

Ah	O	O	O	O	
perché	O	O	O	O	
d	O	O	O	O	
'	O	O	O	O	
improvviso	O	O	O	O	
quell	O	O	O	O	
'	O	O	O	O	
opera	O	O	O	O	
delicata	O	O	O	O	
e	O	O	O	O	
misteriosa	O	O	O	O	
come	O	O	O	O	
il	O	O	O	O	
lavoro	O	O	O	O	
dei	O	O	O	O	
liutai	B-PER	O	O	O	
,	O	O	O	O	
fatta	O	O	O	O	
di	O	O	O	O	
pazienza	O	O	O	O	
di	O	O	O	O	
passione	O	O	O	O	
di	O	O	O	O	
coraggio	O	O	O	O	
,	O	O	O	O	
e	O	O	O	O	
di	O	O	O	O	
eterno	O	O	O	O	
sogno	O	O	O	O	
e	O	O	O	O	
di	O	O	O	O	
antica	O	O	O	O	
favola	O	O	O	O	
,	O	O	O	O	
perché	O	O	O	O	
era	O	O	O	O	
divenuta	O	O	O	O	
una	O	O	O	O	
incerta	O	O	O	O	
carcassa	O	O	O	O	
al	O	O	O	O	
paragone	O	O	O	O	
della	O	O	O	O	
somma	O	O	O	O	
di	O	O	O	O	
vita	O	O	O	O	
accorsa	O	O	O	O	
da	O	O	O	O	
tutti	O	O	O	O	
i	O	O	O	O	
punti	O	O	O	O	
dell	O	O	O	O	
'	O	O	O	O	
Universo	B-LOC	O	O	O	
e	O	O	O	O	
adunata	O	O	O	O	
meravigliosamente	O	O	O	O	
su	O	O	O	O	
quel	O	O	O	O	
volto	O	O	O	O	
quasi	O	O	O	O	
esangue	O	O	O	O	
i	O	O	O	O	
cui	O	O	O	O	
sùbiti	O	O	O	O	
rossori	O	O	O	O	
commovevano	O	O	O	O	
come	O	O	O	O	
gli	O	O	O	O	
accenti	O	O	O	O	
sublimi	O	O	O	O	
dell	O	O	O	O	
'	O	O	O	O	
eloquenza	O	O	O	O	
e	O	O	O	O	
come	O	O	O	O	
le	O	O	O	O	
grida	O	O	O	O	
dei	O	O	O	O	
fanciulli	B-PER	O	O	O	
?	O	O	O	O	

Quanto	O	O	O	O	
ingegno	O	O	O	O	
teso	O	O	O	O	
e	O	O	O	O	
ostinato	O	O	O	O	
,	O	O	O	O	
quanta	O	O	O	O	
accortezza	O	O	O	O	
e	O	O	O	O	
destrezza	O	O	O	O	
,	O	O	O	O	
quante	O	O	O	O	
prove	O	O	O	O	
e	O	O	O	O	
riprove	O	O	O	O	
nel	O	O	O	O	
trovare	O	O	O	O	
i	O	O	O	O	
modi	O	O	O	O	
delle	O	O	O	O	
legature	O	O	O	O	
,	O	O	O	O	
delle	O	O	O	O	
giunture	O	O	O	O	
,	O	O	O	O	
degli	O	O	O	O	
innesti	O	O	O	O	
!	O	O	O	O	

E	O	O	O	O	
per	O	O	O	O	
qual	O	O	O	O	
segreto	O	O	O	O	
,	O	O	O	O	
a	O	O	O	O	
un	O	O	O	O	
tratto	O	O	O	O	
,	O	O	O	O	
ecco	O	O	O	O	
,	O	O	O	O	
le	O	O	O	O	
fragili	O	O	O	O	
falangi	O	O	O	O	
di	O	O	O	O	
quelle	O	O	O	O	
dita	O	O	O	O	
ripiegate	O	O	O	O	
all	O	O	O	O	
'	O	O	O	O	
angolo	O	O	O	O	
di	O	O	O	O	
quella	O	O	O	O	
bocca	O	O	O	O	
socchiusa	O	O	O	O	
potevano	O	O	O	O	
assumere	O	O	O	O	
un	O	O	O	O	
valore	O	O	O	O	
che	O	O	O	O	
aboliva	O	O	O	O	
tutto	O	O	O	O	
l	O	O	O	O	
'	O	O	O	O	
acume	O	O	O	O	
della	O	O	O	O	
ricerca	O	O	O	O	
e	O	O	O	O	
tutta	O	O	O	O	
la	O	O	O	O	
gioia	O	O	O	O	
dell	O	O	O	O	
'	O	O	O	O	
invenzione	O	O	O	O	
?	O	O	O	O	

Egli	O	O	O	O	
rivide	O	O	O	O	
la	B-PER	O	O	O	
visitatrice	I-PER	O	O	O	
,	O	O	O	O	
poggiata	O	O	O	O	
senza	O	O	O	O	
peso	O	O	O	O	
il	O	O	O	O	
gomito	O	O	O	O	
contro	O	O	O	O	
una	O	O	O	O	
costa	O	O	O	O	
della	O	O	O	O	
fusoliera	O	O	O	O	
,	O	O	O	O	
presso	O	O	O	O	
il	O	O	O	O	
timone	O	O	O	O	
verticale	O	O	O	O	
,	O	O	O	O	
sotto	O	O	O	O	
una	O	O	O	O	
sàrtia	O	O	O	O	
rigida	O	O	O	O	
d	O	O	O	O	
'	O	O	O	O	
acciaio	O	O	O	O	
,	O	O	O	O	
con	O	O	O	O	
la	O	O	O	O	
mano	O	O	O	O	
senza	O	O	O	O	
guanto	O	O	O	O	
fra	O	O	O	O	
la	O	O	O	O	
gota	O	O	O	O	
e	O	O	O	O	
il	O	O	O	O	
mento	O	O	O	O	
a	O	O	O	O	
reggere	O	O	O	O	
il	O	O	O	O	
viso	O	O	O	O	
chino	O	O	O	O	
nell	O	O	O	O	
'	O	O	O	O	
attitudine	O	O	O	O	
dell	O	O	O	O	
'	O	O	O	O	
ascolto	O	O	O	O	
,	O	O	O	O	
sembrando	O	O	O	O	
l	O	O	O	O	
'	O	O	O	O	
ombra	O	O	O	O	
del	O	O	O	O	
cappello	O	O	O	O	
alato	O	O	O	O	
raccogliere	O	O	O	O	
l	O	O	O	O	
'	O	O	O	O	
astuzia	O	O	O	O	
molteplice	O	O	O	O	
e	O	O	O	O	
la	O	O	O	O	
seduzione	O	O	O	O	
sagace	O	O	O	O	
di	O	O	O	O	
Mercurio	B-PER	O	O	O	
imberbe	I-PER	O	O	O	
.	O	O	O	O	

—	O	O	O	O	
Ancóra	O	O	O	O	
pensate	O	O	O	O	
male	O	O	O	O	
di	O	O	O	O	
me	O	O	O	O	
,	O	O	O	O	
Paolo	B-PER	O	O	O	
?	O	O	O	O	

O	O	O	O	O	
sognate	O	O	O	O	
il	O	O	O	O	
volo	O	O	O	O	
di	O	O	O	O	
domani	O	O	O	O	
?	O	O	O	O	

Gli	O	O	O	O	
parve	O	O	O	O	
che	O	O	O	O	
in	O	O	O	O	
lei	O	O	O	O	
corresse	O	O	O	O	
un	O	O	O	O	
lieve	O	O	O	O	
fremito	O	O	O	O	
.	O	O	O	O	

—	O	O	O	O	
Penso	O	O	O	O	
—	O	O	O	O	
rispose	O	O	O	O	
—	O	O	O	O	
a	O	O	O	O	
quel	O	O	O	O	
giorno	O	O	O	O	
che	O	O	O	O	
entraste	O	O	O	O	
per	O	O	O	O	
la	O	O	O	O	
prima	O	O	O	O	
volta	O	O	O	O	
nel	O	O	O	O	
mio	B-FAC	O	O	O	
piccolo	I-FAC	O	O	O	
cantiere	I-FAC	O	O	O	
sul	O	O	O	O	
prato	B-LOC	O	O	O	
di	I-LOC	O	O	O	
Settefonti	I-LOC	O	O	O	
.	O	O	O	O	

—	O	O	O	O	
Me	O	O	O	O	
ne	O	O	O	O	
ricordo	O	O	O	O	
.	O	O	O	O	

Ella	O	O	O	O	
risentì	O	O	O	O	
gli	O	O	O	O	
sguardi	O	O	O	O	
timidi	O	O	O	O	
e	O	O	O	O	
diffidenti	O	O	O	O	
degli	O	O	O	O	
artieri	B-PER	O	O	O	
,	O	O	O	O	
il	O	O	O	O	
fresco	O	O	O	O	
d	O	O	O	O	
'	O	O	O	O	
una	O	O	O	O	
larga	O	O	O	O	
gocciola	O	O	O	O	
caduta	O	O	O	O	
dalla	O	O	O	O	
tettoia	B-FAC	O	O	O	
su	O	O	O	O	
la	O	O	O	O	
sua	O	O	O	O	
mano	O	O	O	O	
ignuda	O	O	O	O	
,	O	O	O	O	
il	O	O	O	O	
fruscìo	O	O	O	O	
dei	O	O	O	O	
trucioli	O	O	O	O	
all	O	O	O	O	
'	O	O	O	O	
orlo	O	O	O	O	
della	O	O	O	O	
sua	O	O	O	O	
gonna	O	O	O	O	
,	O	O	O	O	
il	O	O	O	O	
dolore	O	O	O	O	
alla	O	O	O	O	
caviglia	O	O	O	O	
impigliata	O	O	O	O	
in	O	O	O	O	
un	O	O	O	O	
filo	O	O	O	O	
d	O	O	O	O	
'	O	O	O	O	
acciaio	O	O	O	O	
,	O	O	O	O	
l	O	O	O	O	
'	O	O	O	O	
odore	O	O	O	O	
della	O	O	O	O	
vernice	O	O	O	O	
e	O	O	O	O	
della	O	O	O	O	
pioggia	O	O	O	O	
,	O	O	O	O	
l	O	O	O	O	
'	O	O	O	O	
ansia	O	O	O	O	
dissimulata	O	O	O	O	
del	O	O	O	O	
suo	O	O	O	O	
cuore	O	O	O	O	
sotto	O	O	O	O	
il	O	O	O	O	
suo	O	O	O	O	
artificio	O	O	O	O	
.	O	O	O	O	

—	O	O	O	O	
Entraste	O	O	O	O	
,	O	O	O	O	
come	O	O	O	O	
chi	O	O	O	O	
apre	O	O	O	O	
una	O	O	O	O	
porta	O	O	O	O	
e	O	O	O	O	
comanda	O	O	O	O	
a	O	O	O	O	
un	B-PER	O	O	O	
estraneo	I-PER	O	O	O	
:	O	O	O	O	
Lascia	O	O	O	O	
tutto	O	O	O	O	
e	O	O	O	O	
vieni	O	O	O	O	
con	O	O	O	O	
me	O	O	O	O	
.	O	O	O	O	

E	O	O	O	O	
non	O	O	O	O	
dubita	O	O	O	O	
dell	O	O	O	O	
'	O	O	O	O	
obbedienza	O	O	O	O	
.	O	O	O	O	

—	O	O	O	O	
Sapevo	O	O	O	O	
—	O	O	O	O	
ella	O	O	O	O	
disse	O	O	O	O	
—	O	O	O	O	
una	O	O	O	O	
parola	O	O	O	O	
bella	O	O	O	O	
e	O	O	O	O	
strana	O	O	O	O	
come	O	O	O	O	
un	O	O	O	O	
nome	O	O	O	O	
di	O	O	O	O	
maga	B-PER	O	O	O	
,	O	O	O	O	
che	O	O	O	O	
significa	O	O	O	O	
:	O	O	O	O	
Vieni	O	O	O	O	
-	O	O	O	O	
con	O	O	O	O	
-	O	O	O	O	
me	O	O	O	O	
.	O	O	O	O	

E	O	O	O	O	
non	O	O	O	O	
me	O	O	O	O	
ne	O	O	O	O	
ricordo	O	O	O	O	
più	O	O	O	O	
.	O	O	O	O	

—	O	O	O	O	
Il	O	O	O	O	
vostro	O	O	O	O	
vero	O	O	O	O	
nome	O	O	O	O	
.	O	O	O	O	

—	O	O	O	O	
Per	O	O	O	O	
voi	O	O	O	O	
o	O	O	O	O	
per	O	O	O	O	
tutti	B-PER	O	O	O	
?	O	O	O	O	

Subitamente	O	O	O	O	
egli	O	O	O	O	
patì	O	O	O	O	
la	O	O	O	O	
bruciatura	O	O	O	O	
profonda	O	O	O	O	
,	O	O	O	O	
senza	O	O	O	O	
comprendere	O	O	O	O	
,	O	O	O	O	
senza	O	O	O	O	
riflettere	O	O	O	O	
.	O	O	O	O	

Or	O	O	O	O	
come	O	O	O	O	
con	O	O	O	O	
una	O	O	O	O	
qualunque	O	O	O	O	
parola	O	O	O	O	
quella	O	O	O	O	
voce	O	O	O	O	
poteva	O	O	O	O	
far	O	O	O	O	
tanto	O	O	O	O	
male	O	O	O	O	
?	O	O	O	O	

