Ogniqualvolta	O	O	O	O	
io	O	O	O	O	
ripenso	O	O	O	O	
a	O	O	O	O	
quanto	O	O	O	O	
l	B-ORG	O	O	O	
'	I-ORG	O	O	O	
esercito	I-ORG	O	O	O	
ha	O	O	O	O	
fatto	O	O	O	O	
e	O	O	O	O	
patito	O	O	O	O	
per	O	O	O	O	
il	B-GPE	O	O	O	
paese	I-GPE	O	O	O	
durante	O	O	O	O	
il	O	O	O	O	
colèra	O	O	O	O	
del	O	O	O	O	
mille	O	O	O	O	
ottocento	O	O	O	O	
sessanta	O	O	O	O	
sette	O	O	O	O	
,	O	O	O	O	
e	O	O	O	O	
riprovo	O	O	O	O	
quel	O	O	O	O	
vivo	O	O	O	O	
senso	O	O	O	O	
d	O	O	O	O	
'	O	O	O	O	
ammirazione	O	O	O	O	
e	O	O	O	O	
di	O	O	O	O	
gratitudine	O	O	O	O	
che	O	O	O	O	
mi	O	O	O	O	
si	O	O	O	O	
destava	O	O	O	O	
in	O	O	O	O	
quei	O	O	O	O	
giorni	O	O	O	O	
alla	O	O	O	O	
notizia	O	O	O	O	
d	O	O	O	O	
'	O	O	O	O	
ogni	O	O	O	O	
nuovo	O	O	O	O	
suo	O	O	O	O	
atto	O	O	O	O	
di	O	O	O	O	
carità	O	O	O	O	
e	O	O	O	O	
di	O	O	O	O	
coraggio	O	O	O	O	
civile	O	O	O	O	
,	O	O	O	O	
mi	O	O	O	O	
prende	O	O	O	O	
il	O	O	O	O	
dubbio	O	O	O	O	
che	O	O	O	O	
la	O	O	O	O	
maggior	O	O	O	O	
parte	O	O	O	O	
di	O	O	O	O	
quegli	O	O	O	O	
atti	O	O	O	O	
siano	O	O	O	O	
già	O	O	O	O	
dai	O	O	O	O	
più	O	O	O	O	
dimenticati	O	O	O	O	
,	O	O	O	O	
che	O	O	O	O	
molti	O	O	O	O	
non	O	O	O	O	
siansi	O	O	O	O	
saputi	O	O	O	O	
mai	O	O	O	O	
,	O	O	O	O	
che	O	O	O	O	
tutti	B-PER	O	O	O	
poi	O	O	O	O	
,	O	O	O	O	
o	O	O	O	O	
quasi	O	O	O	O	
tutti	B-PER	O	O	O	
,	O	O	O	O	
sien	O	O	O	O	
noti	O	O	O	O	
troppo	O	O	O	O	
vagamente	O	O	O	O	
per	O	O	O	O	
essere	O	O	O	O	
,	O	O	O	O	
come	O	O	O	O	
e	O	O	O	O	
quanto	O	O	O	O	
si	O	O	O	O	
conviene	O	O	O	O	
,	O	O	O	O	
estimati	O	O	O	O	
e	O	O	O	O	
lodati	O	O	O	O	
.	O	O	O	O	

Forse	O	O	O	O	
i	O	O	O	O	
ricordi	O	O	O	O	
di	O	O	O	O	
tutti	O	O	O	O	
que	O	O	O	O	
'	O	O	O	O	
begli	O	O	O	O	
atti	O	O	O	O	
individuali	O	O	O	O	
il	B-PER	O	O	O	
popolo	I-PER	O	O	O	
li	O	O	O	O	
ha	O	O	O	O	
già	O	O	O	O	
confusi	O	O	O	O	
in	O	O	O	O	
un	O	O	O	O	
solo	O	O	O	O	
concetto	O	O	O	O	
,	O	O	O	O	
--	O	O	O	O	
l	B-ORG	O	O	O	
'	I-ORG	O	O	O	
esercito	I-ORG	O	O	O	
ha	O	O	O	O	
fatto	O	O	O	O	
del	O	O	O	O	
bene	O	O	O	O	
,	O	O	O	O	
--	O	O	O	O	
come	O	O	O	O	
dopo	O	O	O	O	
una	O	O	O	O	
battaglia	O	O	O	O	
vinta	O	O	O	O	
esprime	O	O	O	O	
ed	O	O	O	O	
esalta	O	O	O	O	
nel	O	O	O	O	
nome	O	O	O	O	
d	B-PER	O	O	O	
'	I-PER	O	O	O	
un	I-PER	O	O	O	
generale	I-PER	O	O	O	
le	O	O	O	O	
gesta	O	O	O	O	
e	O	O	O	O	
le	O	O	O	O	
glorie	O	O	O	O	
di	O	O	O	O	
centomila	B-PER	O	O	O	
soldati	I-PER	O	O	O	
.	O	O	O	O	

E	O	O	O	O	
maggiormente	O	O	O	O	
mi	O	O	O	O	
confermo	O	O	O	O	
in	O	O	O	O	
codesto	O	O	O	O	
timore	O	O	O	O	
quando	O	O	O	O	
considero	O	O	O	O	
che	O	O	O	O	
il	B-GPE	O	O	O	
paese	I-GPE	O	O	O	
,	O	O	O	O	
il	O	O	O	O	
quale	O	O	O	O	
delle	O	O	O	O	
guerre	O	O	O	O	
non	O	O	O	O	
è	O	O	O	O	
che	O	O	O	O	
spettatore	O	O	O	O	
e	O	O	O	O	
può	O	O	O	O	
e	O	O	O	O	
suole	O	O	O	O	
notar	O	O	O	O	
molte	O	O	O	O	
cose	O	O	O	O	
,	O	O	O	O	
essendo	O	O	O	O	
stato	O	O	O	O	
invece	O	O	O	O	
,	O	O	O	O	
in	O	O	O	O	
questa	O	O	O	O	
occorrenza	O	O	O	O	
del	O	O	O	O	
colèra	O	O	O	O	
,	O	O	O	O	
attore	O	O	O	O	
e	O	O	O	O	
vittima	O	O	O	O	
ad	O	O	O	O	
un	O	O	O	O	
tempo	O	O	O	O	
del	O	O	O	O	
terribile	O	O	O	O	
dramma	O	O	O	O	
,	O	O	O	O	
è	O	O	O	O	
naturale	O	O	O	O	
che	O	O	O	O	
poco	O	O	O	O	
badasse	O	O	O	O	
a	O	O	O	O	
quei	O	O	O	O	
tanti	O	O	O	O	
e	O	O	O	O	
sfuggevoli	O	O	O	O	
fatti	O	O	O	O	
parziali	O	O	O	O	
di	O	O	O	O	
cui	O	O	O	O	
,	O	O	O	O	
benchè	O	O	O	O	
altamente	O	O	O	O	
generoso	O	O	O	O	
lo	O	O	O	O	
scopo	O	O	O	O	
,	O	O	O	O	
eran	O	O	O	O	
pur	O	O	O	O	
sempre	O	O	O	O	
lievi	O	O	O	O	
e	O	O	O	O	
quasi	O	O	O	O	
insensibili	O	O	O	O	
gli	O	O	O	O	
effetti	O	O	O	O	
rispetto	O	O	O	O	
alla	O	O	O	O	
grandezza	O	O	O	O	
dei	O	O	O	O	
mali	O	O	O	O	
onde	O	O	O	O	
egli	O	O	O	O	
stesso	O	O	O	O	
era	O	O	O	O	
in	O	O	O	O	
gran	O	O	O	O	
parte	O	O	O	O	
travagliato	O	O	O	O	
.	O	O	O	O	

Ora	O	O	O	O	
non	O	O	O	O	
è	O	O	O	O	
chi	O	O	O	O	
non	O	O	O	O	
comprenda	O	O	O	O	
come	O	O	O	O	
il	O	O	O	O	
sentimento	O	O	O	O	
di	O	O	O	O	
ammirazione	O	O	O	O	
e	O	O	O	O	
di	O	O	O	O	
gratitudine	O	O	O	O	
che	O	O	O	O	
deriva	O	O	O	O	
dalla	O	O	O	O	
notizia	O	O	O	O	
vaga	O	O	O	O	
dell	O	O	O	O	
'	O	O	O	O	
opera	O	O	O	O	
che	O	O	O	O	
prestò	O	O	O	O	
l	B-ORG	O	O	O	
'	I-ORG	O	O	O	
esercito	I-ORG	O	O	O	
a	O	O	O	O	
vantaggio	O	O	O	O	
del	O	O	O	O	
paese	B-GPE	O	O	O	
in	O	O	O	O	
quell	O	O	O	O	
'	O	O	O	O	
occasione	O	O	O	O	
,	O	O	O	O	
debba	O	O	O	O	
essere	O	O	O	O	
assai	O	O	O	O	
meno	O	O	O	O	
profondo	O	O	O	O	
e	O	O	O	O	
durevole	O	O	O	O	
,	O	O	O	O	
e	O	O	O	O	
l	O	O	O	O	
'	O	O	O	O	
esempio	O	O	O	O	
assai	O	O	O	O	
meno	O	O	O	O	
efficace	O	O	O	O	
,	O	O	O	O	
che	O	O	O	O	
non	O	O	O	O	
sarebbe	O	O	O	O	
ove	O	O	O	O	
si	O	O	O	O	
conoscesse	O	O	O	O	
il	O	O	O	O	
modo	O	O	O	O	
con	O	O	O	O	
cui	O	O	O	O	
quell	O	O	O	O	
'	O	O	O	O	
opera	O	O	O	O	
fu	O	O	O	O	
individualmente	O	O	O	O	
prestata	O	O	O	O	
,	O	O	O	O	
e	O	O	O	O	
i	O	O	O	O	
sacrifizi	O	O	O	O	
che	O	O	O	O	
costò	O	O	O	O	
,	O	O	O	O	
e	O	O	O	O	
i	O	O	O	O	
pericoli	O	O	O	O	
che	O	O	O	O	
l	O	O	O	O	
'	O	O	O	O	
accompagnarono	O	O	O	O	
,	O	O	O	O	
così	O	O	O	O	
da	O	O	O	O	
averne	O	O	O	O	
scolpita	O	O	O	O	
l	O	O	O	O	
'	O	O	O	O	
immagine	O	O	O	O	
nella	O	O	O	O	
mente	O	O	O	O	
,	O	O	O	O	
e	O	O	O	O	
poter	O	O	O	O	
rivolgere	O	O	O	O	
l	O	O	O	O	
'	O	O	O	O	
ammirazione	O	O	O	O	
a	O	O	O	O	
fatti	O	O	O	O	
determinati	O	O	O	O	
e	O	O	O	O	
legare	O	O	O	O	
la	O	O	O	O	
gratitudine	O	O	O	O	
a	O	O	O	O	
dei	O	O	O	O	
nomi	O	O	O	O	
.	O	O	O	O	

Alcuni	O	O	O	O	
di	O	O	O	O	
questi	O	O	O	O	
fatti	O	O	O	O	
e	O	O	O	O	
di	O	O	O	O	
questi	O	O	O	O	
nomi	O	O	O	O	
ho	O	O	O	O	
appunto	O	O	O	O	
in	O	O	O	O	
animo	O	O	O	O	
di	O	O	O	O	
ravvivare	O	O	O	O	
nella	O	O	O	O	
memoria	O	O	O	O	
di	O	O	O	O	
chi	O	O	O	O	
gli	O	O	O	O	
abbia	O	O	O	O	
scordati	O	O	O	O	
o	O	O	O	O	
non	O	O	O	O	
intesi	O	O	O	O	
mai	O	O	O	O	
;	O	O	O	O	
e	O	O	O	O	
m	O	O	O	O	
'	O	O	O	O	
induce	O	O	O	O	
a	O	O	O	O	
quest	O	O	O	O	
'	O	O	O	O	
opera	O	O	O	O	
non	O	O	O	O	
tanto	O	O	O	O	
il	O	O	O	O	
pensiero	O	O	O	O	
della	O	O	O	O	
dolce	O	O	O	O	
ed	O	O	O	O	
altera	O	O	O	O	
compiacenza	O	O	O	O	
ch	O	O	O	O	
'	O	O	O	O	
io	O	O	O	O	
proverò	O	O	O	O	
,	O	O	O	O	
come	O	O	O	O	
cittadino	B-PER	O	O	O	
e	O	O	O	O	
come	O	O	O	O	
soldato	B-PER	O	O	O	
,	O	O	O	O	
scrivendo	O	O	O	O	
una	O	O	O	O	
pagina	O	O	O	O	
tanto	O	O	O	O	
gloriosa	O	O	O	O	
per	O	O	O	O	
l	B-ORG	O	O	O	
'	I-ORG	O	O	O	
esercito	I-ORG	O	O	O	
italiano	I-ORG	O	O	O	
,	O	O	O	O	
quanto	O	O	O	O	
il	O	O	O	O	
sentimento	O	O	O	O	
,	O	O	O	O	
che	O	O	O	O	
è	O	O	O	O	
in	O	O	O	O	
me	O	O	O	O	
vivissimo	O	O	O	O	
,	O	O	O	O	
di	O	O	O	O	
compiere	O	O	O	O	
un	O	O	O	O	
dovere	O	O	O	O	
di	O	O	O	O	
giustizia	O	O	O	O	
col	O	O	O	O	
mettere	O	O	O	O	
in	O	O	O	O	
luce	O	O	O	O	
molte	O	O	O	O	
virtù	O	O	O	O	
,	O	O	O	O	
molti	O	O	O	O	
sacrifizi	O	O	O	O	
dimenticati	O	O	O	O	
od	O	O	O	O	
oscuri	O	O	O	O	
,	O	O	O	O	
e	O	O	O	O	
,	O	O	O	O	
oltre	O	O	O	O	
a	O	O	O	O	
ciò	O	O	O	O	
,	O	O	O	O	
il	O	O	O	O	
convincimento	O	O	O	O	
che	O	O	O	O	
non	O	O	O	O	
sia	O	O	O	O	
cosa	O	O	O	O	
inutile	O	O	O	O	
il	O	O	O	O	
porgere	O	O	O	O	
uno	O	O	O	O	
splendido	O	O	O	O	
esempio	O	O	O	O	
del	O	O	O	O	
come	O	O	O	O	
s	O	O	O	O	
'	O	O	O	O	
abbia	O	O	O	O	
a	O	O	O	O	
condurre	O	O	O	O	
l	B-PER	O	O	O	
'	I-PER	O	O	O	
uomo	I-PER	O	O	O	
e	O	O	O	O	
il	B-PER	O	O	O	
cittadino	I-PER	O	O	O	
di	O	O	O	O	
fronte	O	O	O	O	
alle	O	O	O	O	
sventure	O	O	O	O	
nazionali	O	O	O	O	
.	O	O	O	O	

Sullo	O	O	O	O	
scorcio	O	O	O	O	
del	O	O	O	O	
mille	O	O	O	O	
ottocento	O	O	O	O	
sessantasei	O	O	O	O	
,	O	O	O	O	
si	O	O	O	O	
sperava	O	O	O	O	
in	O	O	O	O	
Italia	B-GPE	O	O	O	
che	O	O	O	O	
il	O	O	O	O	
colèra	O	O	O	O	
,	O	O	O	O	
da	O	O	O	O	
cui	O	O	O	O	
molte	B-GPE	O	O	O	
provincie	I-GPE	O	O	O	
erano	O	O	O	O	
state	O	O	O	O	
invase	O	O	O	O	
in	O	O	O	O	
quell	O	O	O	O	
'	O	O	O	O	
anno	O	O	O	O	
,	O	O	O	O	
non	O	O	O	O	
sarebbe	O	O	O	O	
ritornato	O	O	O	O	
nell	O	O	O	O	
'	O	O	O	O	
anno	O	O	O	O	
successivo	O	O	O	O	
.	O	O	O	O	

Ritornò	O	O	O	O	
invece	O	O	O	O	
,	O	O	O	O	
come	O	O	O	O	
tutti	B-PER	O	O	O	
sanno	O	O	O	O	
,	O	O	O	O	
e	O	O	O	O	
più	O	O	O	O	
fiero	O	O	O	O	
e	O	O	O	O	
più	O	O	O	O	
ostinato	O	O	O	O	
di	O	O	O	O	
prima	O	O	O	O	
,	O	O	O	O	
e	O	O	O	O	
fra	O	O	O	O	
tutte	B-GPE	O	O	O	
le	I-GPE	O	O	O	
provincie	I-GPE	O	O	O	
italiane	I-GPE	O	O	O	
quella	O	O	O	O	
che	O	O	O	O	
ne	O	O	O	O	
patì	O	O	O	O	
più	O	O	O	O	
gravi	O	O	O	O	
danni	O	O	O	O	
fu	O	O	O	O	
la	B-GPE	O	O	O	
Sicilia	I-GPE	O	O	O	
,	O	O	O	O	
della	O	O	O	O	
quale	O	O	O	O	
scriverò	O	O	O	O	
quasi	O	O	O	O	
esclusivamente	O	O	O	O	
,	O	O	O	O	
per	O	O	O	O	
riuscire	O	O	O	O	
più	O	O	O	O	
ordinato	O	O	O	O	
e	O	O	O	O	
più	O	O	O	O	
breve	O	O	O	O	
.	O	O	O	O	

Nei	O	O	O	O	
mesi	O	O	O	O	
di	O	O	O	O	
gennaio	O	O	O	O	
e	O	O	O	O	
febbraio	O	O	O	O	
del	O	O	O	O	
sessantasette	O	O	O	O	
il	O	O	O	O	
colèra	O	O	O	O	
mietè	O	O	O	O	
qualche	O	B-PER	O	O	
vittima	O	I-PER	O	O	
nelle	O	I-PER	O	O	
vicinanze	O	I-PER	O	O	
di	O	I-PER	O	O	
Girgenti	B-GPE	I-PER	O	O	
,	O	O	O	O	
e	O	O	O	O	
specialmente	O	O	O	O	
in	O	O	O	O	
Porto	B-GPE	O	O	O	
Empedocle	I-GPE	O	O	O	
;	O	O	O	O	
d	O	O	O	O	
'	O	O	O	O	
onde	O	O	O	O	
,	O	O	O	O	
nel	O	O	O	O	
mese	O	O	O	O	
di	O	O	O	O	
marzo	O	O	O	O	
,	O	O	O	O	
si	O	O	O	O	
sparse	O	O	O	O	
per	O	O	O	O	
tutta	B-GPE	O	O	O	
la	I-GPE	O	O	O	
provincia	I-GPE	O	O	O	
,	O	O	O	O	
e	O	O	O	O	
da	O	O	O	O	
questa	O	O	O	O	
,	O	O	O	O	
nell	O	O	O	O	
'	O	O	O	O	
aprile	O	O	O	O	
,	O	O	O	O	
in	O	O	O	O	
quella	O	O	O	O	
di	O	O	O	O	
Caltanissetta	B-GPE	O	O	O	
,	O	O	O	O	
e	O	O	O	O	
crebbe	O	O	O	O	
poi	O	O	O	O	
fierissimamente	O	O	O	O	
in	O	O	O	O	
entrambe	O	O	O	O	
durante	O	O	O	O	
il	O	O	O	O	
mese	O	O	O	O	
di	O	O	O	O	
maggio	O	O	O	O	
,	O	O	O	O	
favorito	O	O	O	O	
dai	O	O	O	O	
calori	O	O	O	O	
estivi	O	O	O	O	
che	O	O	O	O	
si	O	O	O	O	
fecero	O	O	O	O	
sentire	O	O	O	O	
un	O	O	O	O	
mese	O	O	O	O	
prima	O	O	O	O	
a	O	O	O	O	
cagione	O	O	O	O	
della	O	O	O	O	
lunga	O	O	O	O	
siccità	O	O	O	O	
.	O	O	O	O	

Nè	O	O	O	O	
scemò	O	O	O	O	
punto	O	O	O	O	
nel	O	O	O	O	
giugno	O	O	O	O	
,	O	O	O	O	
se	O	O	O	O	
se	O	O	O	O	
ne	O	O	O	O	
tolga	O	O	O	O	
la	B-GPE	O	O	O	
sola	I-GPE	O	O	O	
città	I-GPE	O	O	O	
di	I-GPE	O	O	O	
Caltanissetta	I-GPE	O	O	O	
,	O	O	O	O	
in	O	O	O	O	
cui	O	O	O	O	
decrebbe	O	O	O	O	
rapidamente	O	O	O	O	
;	O	O	O	O	
chè	O	O	O	O	
anzi	O	O	O	O	
,	O	O	O	O	
nei	O	O	O	O	
primi	O	O	O	O	
giorni	O	O	O	O	
di	O	O	O	O	
quell	O	O	O	O	
'	O	O	O	O	
istesso	O	O	O	O	
mese	O	O	O	O	
,	O	O	O	O	
invase	O	O	O	O	
la	B-GPE	O	O	O	
provincia	I-GPE	O	O	O	
di	I-GPE	O	O	O	
Trapani	I-GPE	O	O	O	
,	O	O	O	O	
quella	B-GPE	O	O	O	
di	I-GPE	O	O	O	
Catania	I-GPE	O	O	O	
,	O	O	O	O	
quella	B-GPE	O	O	O	
di	I-GPE	O	O	O	
Siracusa	I-GPE	O	O	O	
,	O	O	O	O	
e	O	O	O	O	
sul	O	O	O	O	
cominciar	O	O	O	O	
di	O	O	O	O	
luglio	O	O	O	O	
Palermo	B-GPE	O	O	O	
,	O	O	O	O	
e	O	O	O	O	
sul	O	O	O	O	
cominciar	O	O	O	O	
d	O	O	O	O	
'	O	O	O	O	
agosto	O	O	O	O	
Messina	B-GPE	O	O	O	
.	O	O	O	O	

Intanto	O	O	O	O	
si	O	O	O	O	
era	O	O	O	O	
propagato	O	O	O	O	
per	O	O	O	O	
quasi	O	O	O	O	
tutte	O	B-GPE	O	O	
l	O	I-GPE	O	O	
'	O	I-GPE	O	O	
altre	O	I-GPE	O	O	
provincie	O	I-GPE	O	O	
d	B-GPE	I-GPE	O	O	
'	I-GPE	I-GPE	O	O	
Italia	I-GPE	I-GPE	O	O	
,	O	O	O	O	
e	O	O	O	O	
particolarmente	O	O	O	O	
in	O	O	O	O	
quelle	B-GPE	O	O	O	
del	I-GPE	O	O	O	
mezzogiorno	I-GPE	O	O	O	
,	O	O	O	O	
e	O	O	O	O	
più	O	O	O	O	
che	O	O	O	O	
in	O	O	O	O	
ogni	O	O	O	O	
altra	O	O	O	O	
in	O	O	O	O	
quella	B-GPE	O	O	O	
di	I-GPE	O	O	O	
Reggio	I-GPE	O	O	O	
,	O	O	O	O	
dove	O	O	O	O	
menò	O	O	O	O	
la	O	O	O	O	
sua	O	O	O	O	
ultima	O	O	O	O	
e	O	O	O	O	
più	O	O	O	O	
spaventevole	O	O	O	O	
strage	O	O	O	O	
sul	O	O	O	O	
cadere	O	O	O	O	
dell	O	O	O	O	
'	O	O	O	O	
anno	O	O	O	O	
.	O	O	O	O	

Fin	O	O	O	O	
dai	O	O	O	O	
primi	O	O	O	O	
indizi	O	O	O	O	
che	O	O	O	O	
si	O	O	O	O	
manifestarono	O	O	O	O	
nelle	O	O	O	O	
provincie	B-GPE	O	O	O	
di	I-GPE	O	O	O	
Girgenti	I-GPE	O	O	O	
e	I-GPE	O	O	O	
di	I-GPE	O	O	O	
Caltanissetta	I-GPE	O	O	O	
,	O	O	O	O	
il	O	O	B-PER	O	
generale	O	O	I-PER	O	
Medici	O	O	I-PER	O	
,	O	O	I-PER	O	
comandante	O	O	I-PER	O	
la	O	B-PER	I-PER	O	
divisione	O	I-PER	I-PER	O	
di	O	I-PER	I-PER	O	
Palermo	B-GPE	I-PER	I-PER	O	
,	O	O	O	O	
quasi	O	O	O	O	
antivedendo	O	O	O	O	
il	O	O	O	O	
terribile	O	O	O	O	
corso	O	O	O	O	
dell	O	O	O	O	
'	O	O	O	O	
epidemia	O	O	O	O	
,	O	O	O	O	
rimise	O	O	O	O	
in	O	O	O	O	
vigore	O	O	O	O	
tutte	O	O	O	O	
le	O	O	O	O	
cautele	O	O	O	O	
igieniche	O	O	O	O	
prescritte	O	O	O	O	
dal	O	O	O	O	
Ministero	B-FAC	O	O	O	
della	I-FAC	O	O	O	
guerra	I-FAC	O	O	O	
nel	O	O	O	O	
sessantacinque	O	O	O	O	
;	O	O	O	O	
divise	O	O	O	O	
i	B-PER	O	O	O	
corpi	I-PER	O	O	O	
in	O	O	O	O	
un	O	O	O	O	
numero	O	O	O	O	
maggiore	O	O	O	O	
di	O	O	O	O	
distaccamenti	O	O	O	O	
perchè	O	O	O	O	
nessuna	B-GPE	O	O	O	
città	I-GPE	O	O	O	
e	O	O	O	O	
nessun	B-GPE	O	O	O	
villaggio	I-GPE	O	O	O	
ne	O	O	O	O	
rimanessero	O	O	O	O	
privi	O	O	O	O	
;	O	O	O	O	
ordinò	O	O	O	O	
che	O	O	O	O	
dappertutto	O	O	O	O	
si	O	O	O	O	
aprissero	O	O	O	O	
ospedali	O	B-FAC	O	O	
militari	O	I-FAC	O	O	
pei	O	I-FAC	O	O	
colerosi	B-PER	I-FAC	O	O	
,	O	O	O	O	
infermerie	O	B-FAC	O	O	
pei	O	I-FAC	O	O	
sospetti	B-PER	I-FAC	O	O	
e	O	O	O	O	
case	B-FAC	O	O	O	
di	I-FAC	O	O	O	
convalescenza	I-FAC	O	O	O	
nei	O	O	O	O	
punti	O	O	O	O	
più	O	O	O	O	
appartati	O	O	O	O	
e	O	O	O	O	
salubri	O	O	O	O	
;	O	O	O	O	
istituì	O	O	O	O	
in	O	O	O	O	
ogni	B-FAC	O	O	O	
presidio	I-FAC	O	O	O	
una	B-PER	O	O	O	
commissione	I-PER	O	O	O	
di	I-PER	O	O	O	
sorveglianza	I-PER	O	O	O	
sanitaria	I-PER	O	O	O	
;	O	O	O	O	
prescrisse	O	O	O	O	
nettezza	O	O	O	O	
rigorosa	O	O	O	O	
e	O	O	O	O	
accurate	O	O	O	O	
e	O	O	O	O	
frequenti	O	O	O	O	
disinfezioni	O	O	O	O	
in	O	O	O	O	
tutte	B-FAC	O	O	O	
le	I-FAC	O	O	O	
caserme	I-FAC	O	O	O	
;	O	O	O	O	
sospese	O	O	O	O	
ogni	O	O	O	O	
movimento	O	O	O	O	
di	O	O	O	O	
truppa	O	O	O	O	
dai	O	O	O	O	
luoghi	O	O	O	O	
infetti	O	O	O	O	
agli	O	O	O	O	
immuni	B-PER	O	O	O	
;	O	O	O	O	
impose	O	O	O	O	
ad	O	O	O	O	
ogni	B-PER	O	O	O	
corpo	I-PER	O	O	O	
,	I-PER	O	O	O	
ad	I-PER	O	O	O	
ogni	I-PER	O	O	O	
distaccamento	I-PER	O	O	O	
di	O	O	O	O	
prestarsi	O	O	O	O	
prontamente	O	O	O	O	
e	O	O	O	O	
largamente	O	O	O	O	
a	O	O	O	O	
qualunque	O	O	O	O	
richiesta	O	O	O	O	
delle	O	O	O	O	
autorità	B-PER	O	O	O	
civili	I-PER	O	O	O	
per	O	O	O	O	
il	O	O	O	O	
servizio	O	O	O	O	
dei	O	O	O	O	
cordoni	O	O	O	O	
sanitari	O	O	O	O	
e	O	O	O	O	
per	O	O	O	O	
sussidiare	O	O	O	O	
le	B-PER	O	O	O	
guardie	I-PER	O	O	O	
nazionali	I-PER	O	O	O	
nella	O	O	O	O	
tutela	O	O	O	O	
della	O	O	O	O	
pubblica	O	O	O	O	
sicurezza	O	O	O	O	
;	O	O	O	O	
ingiunse	O	O	O	O	
che	O	O	O	O	
si	O	O	O	O	
cercassero	O	O	O	O	
e	O	O	O	O	
si	O	O	O	O	
preparassero	O	O	O	O	
nelle	O	O	O	O	
vicinanze	O	O	O	O	
delle	O	O	O	O	
città	B-GPE	O	O	O	
principali	I-GPE	O	O	O	
i	O	O	O	O	
luoghi	O	O	O	O	
più	O	O	O	O	
adatti	O	O	O	O	
ad	O	O	O	O	
accamparvi	O	O	O	O	
le	B-PER	O	O	O	
truppe	I-PER	O	O	O	
nel	O	O	O	O	
caso	O	O	O	O	
che	O	O	O	O	
se	O	O	O	O	
ne	O	O	O	O	
fosse	O	O	O	O	
presentata	O	O	O	O	
la	O	O	O	O	
necessità	O	O	O	O	
;	O	O	O	O	
migliorò	O	O	O	O	
il	O	O	O	O	
vitto	O	O	O	O	
dei	O	O	O	O	
soldati	B-PER	O	O	O	
con	O	O	O	O	
distribuzioni	O	O	O	O	
quotidiane	O	O	O	O	
di	O	O	O	O	
vino	O	O	O	O	
e	O	O	O	O	
di	O	O	O	O	
caffè	O	O	O	O	
;	O	O	O	O	
infine	O	O	O	O	
esortò	O	O	O	O	
gli	B-PER	O	O	O	
ufficiali	I-PER	O	O	O	
a	O	O	O	O	
preparare	O	O	O	O	
gli	O	O	O	O	
animi	O	O	O	O	
dei	O	O	O	O	
soldati	B-PER	O	O	O	
a	O	O	O	O	
quella	O	O	O	O	
vita	O	O	O	O	
di	O	O	O	O	
sacrifizi	O	O	O	O	
,	O	O	O	O	
di	O	O	O	O	
pericoli	O	O	O	O	
e	O	O	O	O	
di	O	O	O	O	
stenti	O	O	O	O	
che	O	O	O	O	
ciascuno	B-PER	O	O	O	
in	O	O	O	O	
cuor	O	O	O	O	
suo	O	O	O	O	
già	O	O	O	O	
presentiva	O	O	O	O	
ed	O	O	O	O	
aspettava	O	O	O	O	
coll	O	O	O	O	
'	O	O	O	O	
animo	O	O	O	O	
rassegnato	O	O	O	O	
e	O	O	O	O	
fortificato	O	O	O	O	
dall	O	O	O	O	
'	O	O	O	O	
esperienza	O	O	O	O	
dell	O	O	O	O	
'	O	O	O	O	
anno	O	O	O	O	
antecedente	O	O	O	O	
.	O	O	O	O	

Altrettali	O	O	O	O	
provvedimenti	O	O	O	O	
prendevano	O	O	O	O	
nello	O	O	O	O	
stesso	O	O	O	O	
tempo	O	O	O	O	
la	O	O	O	O	
più	O	O	O	O	
parte	O	O	O	O	
dei	O	O	O	O	
comandanti	B-PER	O	O	O	
divisionali	I-PER	O	O	O	
dell	O	O	O	O	
'	O	O	O	O	
altre	B-GPE	O	O	O	
provincie	I-GPE	O	O	O	
italiane	I-GPE	O	O	O	
,	O	O	O	O	
e	O	O	O	O	
dappertutto	O	O	O	O	
si	O	O	O	O	
allestivano	O	O	O	O	
ospedali	B-FAC	O	O	O	
,	O	O	O	O	
si	O	O	O	O	
disinfettavano	O	O	O	O	
caserme	B-FAC	O	O	O	
,	O	O	O	O	
ed	O	O	O	O	
era	O	O	O	O	
un	O	O	O	O	
affaccendarsi	O	O	O	O	
continuo	O	O	O	O	
di	O	O	O	O	
medici	B-PER	O	O	O	
e	O	O	O	O	
d	B-PER	O	O	O	
'	I-PER	O	O	O	
ufficiali	I-PER	O	O	O	
,	O	O	O	O	
un	O	O	O	O	
continuo	O	O	O	O	
dare	O	O	O	O	
e	O	O	O	O	
ricever	O	O	O	O	
ordini	O	O	O	O	
,	O	O	O	O	
un	O	O	O	O	
insolito	O	O	O	O	
rimescolìo	O	O	O	O	
d	B-PER	O	O	O	
'	I-PER	O	O	O	
uomini	I-PER	O	O	O	
e	O	O	O	O	
di	O	O	O	O	
cose	O	O	O	O	
come	O	O	O	O	
all	O	O	O	O	
'	O	O	O	O	
aprirsi	O	O	O	O	
d	O	O	O	O	
'	O	O	O	O	
una	O	O	O	O	
guerra	O	O	O	O	
;	O	O	O	O	
in	O	O	O	O	
una	O	O	O	O	
parola	O	O	O	O	
,	O	O	O	O	
quella	O	O	O	O	
viva	O	O	O	O	
agitazione	O	O	O	O	
degli	O	O	O	O	
animi	O	O	O	O	
che	O	O	O	O	
suol	O	O	O	O	
precedere	O	O	O	O	
i	O	O	O	O	
grandi	O	O	O	O	
avvenimenti	O	O	O	O	
,	O	O	O	O	
e	O	O	O	O	
che	O	O	O	O	
ognuno	B-PER	O	O	O	
esprime	O	O	O	O	
così	O	O	O	O	
bene	O	O	O	O	
a	O	O	O	O	
se	O	O	O	O	
stesso	O	O	O	O	
colle	O	O	O	O	
parole	O	O	O	O	
:	O	O	O	O	
--	O	O	O	O	
Ci	O	O	O	O	
siamo	O	O	O	O	
!	O	O	O	O	

Ma	O	O	O	O	
per	O	O	O	O	
quanto	O	O	O	O	
fossero	O	O	O	O	
disposti	O	O	O	O	
a	O	O	O	O	
fare	O	O	O	O	
pel	O	O	O	O	
bene	O	O	O	O	
del	O	O	O	O	
paese	B-GPE	O	O	O	
l	B-PER	O	O	O	
'	I-PER	O	O	O	
esercito	I-PER	O	O	O	
e	O	O	O	O	
i	B-PER	O	O	O	
cittadini	I-PER	O	O	O	
animosi	I-PER	O	O	O	
ed	I-PER	O	O	O	
onesti	I-PER	O	O	O	
,	O	O	O	O	
tre	O	O	O	O	
grandi	O	O	O	O	
forze	O	O	O	O	
nemiche	O	O	O	O	
dovevano	O	O	O	O	
rendere	O	O	O	O	
per	O	O	O	O	
molta	O	O	O	O	
parte	O	O	O	O	
e	O	O	O	O	
per	O	O	O	O	
lungo	O	O	O	O	
tempo	O	O	O	O	
inefficace	O	O	O	O	
l	O	O	O	O	
'	O	O	O	O	
opera	O	O	O	O	
loro	O	O	O	O	
:	O	O	O	O	
la	O	O	O	O	
superstizione	O	O	O	O	
,	O	O	O	O	
la	O	O	O	O	
paura	O	O	O	O	
,	O	O	O	O	
la	O	O	O	O	
miseria	O	O	O	O	
,	O	O	O	O	
assidue	O	O	O	O	
compagne	O	O	O	O	
della	O	O	O	O	
morìa	O	O	O	O	
presso	O	O	O	O	
tutti	B-PER	O	O	O	
i	I-PER	O	O	O	
popoli	I-PER	O	O	O	
e	O	O	O	O	
in	O	O	O	O	
tutti	O	O	O	O	
i	O	O	O	O	
tempi	O	O	O	O	
.	O	O	O	O	

Nel	O	O	O	O	
maggior	O	O	O	O	
numero	O	O	O	O	
dei	O	O	O	O	
paesi	B-GPE	O	O	O	
,	O	O	O	O	
e	O	O	O	O	
particolarmente	O	O	O	O	
nei	O	O	O	O	
più	B-GPE	O	O	O	
piccoli	I-GPE	O	O	O	
,	O	O	O	O	
i	B-PER	O	O	O	
sindaci	I-PER	O	O	O	
e	O	O	O	O	
molti	B-PER	O	O	O	
altri	I-PER	O	O	O	
pubblici	I-PER	O	O	O	
officiali	I-PER	O	O	O	
abbandonavano	O	O	O	O	
il	O	O	O	O	
proprio	O	O	O	O	
posto	O	O	O	O	
al	O	O	O	O	
primo	O	O	O	O	
apparir	O	O	O	O	
del	O	O	O	O	
colèra	O	O	O	O	
,	O	O	O	O	
e	O	O	O	O	
da	O	O	O	O	
qualche	B-GPE	O	O	O	
paese	I-GPE	O	O	O	
disertavano	O	O	O	O	
tutti	B-PER	O	O	O	
ad	O	O	O	O	
un	O	O	O	O	
tempo	O	O	O	O	
colle	O	O	O	O	
famiglie	B-PER	O	O	O	
e	O	O	O	O	
gli	O	O	O	O	
averi	O	O	O	O	
.	O	O	O	O	

I	B-PER	O	O	O	
ricchi	I-PER	O	O	O	
,	O	O	O	O	
gli	B-PER	O	O	O	
agiati	I-PER	O	O	O	
,	O	O	O	O	
tutti	B-PER	O	O	O	
coloro	O	O	O	O	
che	O	O	O	O	
avrebbero	O	O	O	O	
potuto	O	O	O	O	
soccorrere	O	O	O	O	
più	O	O	O	O	
efficacemente	O	O	O	O	
le	B-PER	O	O	O	
plebi	I-PER	O	O	O	
,	O	O	O	O	
fuggivano	O	O	O	O	
dalla	O	O	O	O	
città	B-GPE	O	O	O	
e	O	O	O	O	
si	O	O	O	O	
rifugiavano	O	O	O	O	
nelle	O	O	O	O	
ville	B-FAC	O	O	O	
.	O	O	O	O	

In	O	O	O	O	
pochi	O	O	O	O	
giorni	O	O	O	O	
tutte	O	B-FAC	O	O	
le	O	I-FAC	O	O	
case	O	I-FAC	O	O	
della	O	I-FAC	O	O	
campagna	B-LOC	I-FAC	O	O	
erano	O	O	O	O	
ingombre	O	O	O	O	
di	O	O	O	O	
cittadini	B-PER	O	O	O	
fuggiaschi	I-PER	O	O	O	
,	O	O	O	O	
e	O	O	O	O	
non	O	O	O	O	
solo	O	O	O	O	
di	O	O	O	O	
ricchi	B-PER	O	O	O	
,	O	O	O	O	
ma	O	O	O	O	
di	O	O	O	O	
chiunque	B-PER	O	O	O	
possedesse	O	O	O	O	
tanto	O	O	O	O	
da	O	O	O	O	
poter	O	O	O	O	
vivere	O	O	O	O	
qualche	O	O	O	O	
giorno	O	O	O	O	
senza	O	O	O	O	
lavorare	O	O	O	O	
,	O	O	O	O	
e	O	O	O	O	
prendere	O	O	O	O	
a	O	O	O	O	
pigione	O	O	O	O	
,	O	O	O	O	
anche	O	O	O	O	
a	O	O	O	O	
costo	O	O	O	O	
di	O	O	O	O	
gravissimi	O	O	O	O	
sacrifici	O	O	O	O	
,	O	O	O	O	
un	B-FAC	O	O	O	
abituro	I-FAC	O	O	O	
,	O	O	O	O	
una	B-FAC	O	O	O	
capanna	I-FAC	O	O	O	
,	O	O	O	O	
un	B-FAC	O	O	O	
qualunque	I-FAC	O	O	O	
bugigattolo	I-FAC	O	O	O	
,	O	O	O	O	
pur	O	O	O	O	
che	O	O	O	O	
fosse	O	O	O	O	
lontano	O	O	O	O	
dalla	O	O	O	O	
città	B-GPE	O	O	O	
e	O	O	O	O	
appartato	O	O	O	O	
,	O	O	O	O	
quanto	O	O	O	O	
era	O	O	O	O	
possibile	O	O	O	O	
,	O	O	O	O	
da	O	O	O	O	
ogni	B-FAC	O	O	O	
abitazione	I-FAC	O	O	O	
.	O	O	O	O	

Abbandonata	O	O	O	O	
a	O	O	O	O	
se	O	O	O	O	
stessa	O	O	O	O	
e	O	O	O	O	
impaurita	O	O	O	O	
dall	O	O	O	O	
'	O	O	O	O	
altrui	O	O	O	O	
paura	O	O	O	O	
e	O	O	O	O	
dalla	O	O	O	O	
solitudine	O	O	O	O	
in	O	O	O	O	
cui	O	O	O	O	
veniva	O	O	O	O	
lasciata	O	O	O	O	
,	O	O	O	O	
la	B-PER	O	O	O	
povera	I-PER	O	O	O	
gente	I-PER	O	O	O	
fuggiva	O	O	O	O	
anch	O	O	O	O	
'	O	O	O	O	
essa	O	O	O	O	
ed	O	O	O	O	
errava	O	O	O	O	
a	O	O	O	O	
frotte	O	O	O	O	
per	O	O	O	O	
la	B-LOC	O	O	O	
campagna	I-LOC	O	O	O	
,	O	O	O	O	
traendo	O	O	O	O	
miseramente	O	O	O	O	
la	O	O	O	O	
vita	O	O	O	O	
fra	O	O	O	O	
i	O	O	O	O	
languori	O	O	O	O	
della	O	O	O	O	
fame	O	O	O	O	
.	O	O	O	O	

Il	O	O	O	O	
generale	O	O	O	O	
terrore	O	O	O	O	
veniva	O	O	O	O	
accresciuto	O	O	O	O	
dal	O	O	O	O	
ricordo	O	O	O	O	
delle	O	O	O	O	
grandi	O	O	O	O	
sventure	O	O	O	O	
patite	O	O	O	O	
negli	O	O	O	O	
anni	O	O	O	O	
andati	O	O	O	O	
;	O	O	O	O	
se	O	O	O	O	
ne	O	O	O	O	
predicevano	O	O	O	O	
,	O	O	O	O	
come	O	O	O	O	
sempre	O	O	O	O	
accade	O	O	O	O	
,	O	O	O	O	
delle	O	O	O	O	
peggiori	O	O	O	O	
;	O	O	O	O	
si	O	O	O	O	
reputavano	O	O	O	O	
già	O	O	O	O	
tali	O	O	O	O	
fin	O	O	O	O	
dal	O	O	O	O	
loro	O	O	O	O	
cominciamento	O	O	O	O	
;	O	O	O	O	
in	O	O	O	O	
ciascuna	B-GPE	O	O	O	
provincia	I-GPE	O	O	O	
si	O	O	O	O	
esageravano	O	O	O	O	
favolosamente	O	O	O	O	
le	O	O	O	O	
stragi	O	O	O	O	
delle	O	O	O	O	
altre	O	O	O	O	
;	O	O	O	O	
in	O	O	O	O	
campagna	B-LOC	O	O	O	
si	O	O	O	O	
narravano	O	O	O	O	
orrori	O	O	O	O	
della	O	O	O	O	
morìa	O	O	O	O	
delle	O	O	O	O	
città	B-GPE	O	O	O	
;	O	O	O	O	
in	O	O	O	O	
città	B-GPE	O	O	O	
,	O	O	O	O	
altrettanto	O	O	O	O	
della	O	O	O	O	
campagna	B-LOC	O	O	O	
.	O	O	O	O	

Come	O	O	O	O	
si	O	O	O	O	
trovasse	O	O	O	O	
ridotta	O	O	O	O	
la	B-PER	O	O	O	
popolazione	I-PER	O	O	O	
che	O	O	O	O	
rimaneva	O	O	O	O	
ne	O	O	O	O	
'	O	O	O	O	
paesi	B-GPE	O	O	O	
è	O	O	O	O	
facile	O	O	O	O	
immaginarlo	O	O	O	O	
.	O	O	O	O	

Tranne	O	O	O	O	
poche	B-GPE	O	O	O	
città	I-GPE	O	O	O	
,	O	O	O	O	
essendo	O	O	O	O	
dappertutto	O	O	O	O	
abbandonate	O	O	O	O	
o	O	O	O	O	
disordinate	O	O	O	O	
le	B-ORG	O	O	O	
amministrazioni	I-ORG	O	O	O	
comunali	I-ORG	O	O	O	
,	O	O	O	O	
si	O	O	O	O	
trascuravano	O	O	O	O	
i	O	O	O	O	
provvedimenti	O	O	O	O	
igienici	O	O	O	O	
di	O	O	O	O	
più	O	O	O	O	
imperiosa	O	O	O	O	
necessità	O	O	O	O	
.	O	O	O	O	

Talora	O	O	O	O	
le	B-PER	O	O	O	
popolazioni	I-PER	O	O	O	
,	O	O	O	O	
reputando	O	O	O	O	
fermamente	O	O	O	O	
che	O	O	O	O	
quei	O	O	O	O	
provvedimenti	O	O	O	O	
fossero	O	O	O	O	
inutili	O	O	O	O	
,	O	O	O	O	
ricusavano	O	O	O	O	
di	O	O	O	O	
prestarvi	O	O	O	O	
l	O	O	O	O	
'	O	O	O	O	
opera	O	O	O	O	
propria	O	O	O	O	
,	O	O	O	O	
senza	O	O	O	O	
la	O	O	O	O	
quale	O	O	O	O	
essi	O	O	O	O	
riuscivano	O	O	O	O	
inefficaci	O	O	O	O	
,	O	O	O	O	
per	O	O	O	O	
quanto	O	O	O	O	
fosse	O	O	O	O	
il	O	O	O	O	
buon	O	O	O	O	
volere	O	O	O	O	
delle	O	O	O	O	
Autorità	B-ORG	O	O	O	
e	O	O	O	O	
lo	O	O	O	O	
zelo	O	O	O	O	
dei	O	O	O	O	
pochi	B-PER	O	O	O	
cittadini	I-PER	O	O	O	
che	O	O	O	O	
pensavano	O	O	O	O	
ed	O	O	O	O	
operavano	O	O	O	O	
dirittamente	O	O	O	O	
.	O	O	O	O	

S	O	O	O	O	
'	O	O	O	O	
aggiunga	O	O	O	O	
che	O	O	O	O	
molti	B-GPE	O	O	O	
paesi	I-GPE	O	O	O	
erano	O	O	O	O	
rimasti	O	O	O	O	
senza	O	O	O	O	
medici	B-PER	O	O	O	
,	O	O	O	O	
senza	O	O	O	O	
farmacisti	B-PER	O	O	O	
,	O	O	O	O	
e	O	O	O	O	
tutti	B-PER	O	O	O	
poi	O	O	O	O	
,	O	O	O	O	
anche	O	O	O	O	
i	B-PER	O	O	O	
più	I-PER	O	O	O	
grandi	I-PER	O	O	O	
,	O	O	O	O	
erano	O	O	O	O	
desolati	O	O	O	O	
dalla	O	O	O	O	
miseria	O	O	O	O	
che	O	O	O	O	
la	O	O	O	O	
carestia	O	O	O	O	
dell	O	O	O	O	
'	O	O	O	O	
anno	O	O	O	O	
precedente	O	O	O	O	
aveva	O	O	O	O	
prodotto	O	O	O	O	
,	O	O	O	O	
e	O	O	O	O	
lo	O	O	O	O	
scarso	O	O	O	O	
ricolto	O	O	O	O	
di	O	O	O	O	
quell	O	O	O	O	
'	O	O	O	O	
anno	O	O	O	O	
,	O	O	O	O	
e	O	O	O	O	
l	O	O	O	O	
'	O	O	O	O	
enorme	O	O	O	O	
mortalità	O	O	O	O	
avvenuta	O	O	O	O	
negli	O	O	O	O	
armenti	O	O	O	O	
,	O	O	O	O	
accresciuto	O	O	O	O	
.	O	O	O	O	

Falliti	O	O	O	O	
gran	B-PER	O	O	O	
parte	I-PER	O	O	O	
dei	I-PER	O	O	O	
negozianti	I-PER	O	O	O	
;	O	O	O	O	
sospesa	O	O	O	O	
la	O	O	O	O	
costruzione	O	O	O	O	
delle	O	O	O	O	
strade	B-FAC	O	O	O	
ferrate	I-FAC	O	O	O	
;	O	O	O	O	
interrotte	O	O	O	O	
molte	O	O	O	O	
opere	O	O	O	O	
pubbliche	O	O	O	O	
provinciali	O	O	O	O	
e	O	O	O	O	
comunali	O	O	O	O	
;	O	O	O	O	
molte	B-FAC	O	O	O	
fabbriche	I-FAC	O	O	O	
chiuse	O	O	O	O	
;	O	O	O	O	
gli	B-PER	O	O	O	
operai	I-PER	O	O	O	
senza	O	O	O	O	
lavoro	O	O	O	O	
;	O	O	O	O	
serrate	O	O	O	O	
dapprima	O	O	O	O	
le	B-FAC	O	O	O	
botteghe	I-FAC	O	O	O	
di	O	O	O	O	
oggetti	O	O	O	O	
di	O	O	O	O	
lusso	O	O	O	O	
,	O	O	O	O	
da	O	O	O	O	
ultimo	O	O	O	O	
moltissime	O	O	O	O	
delle	O	O	O	O	
più	O	O	O	O	
necessarie	O	O	O	O	
;	O	O	O	O	
le	B-FAC	O	O	O	
officine	I-FAC	O	O	O	
abbandonate	O	O	O	O	
;	O	O	O	O	
centinaia	B-PER	O	O	O	
di	I-PER	O	O	O	
famiglie	I-PER	O	O	O	
ridotte	O	O	O	O	
a	O	O	O	O	
non	O	O	O	O	
vivere	O	O	O	O	
d	O	O	O	O	
'	O	O	O	O	
altro	O	O	O	O	
che	O	O	O	O	
d	O	O	O	O	
'	O	O	O	O	
erbe	O	O	O	O	
e	O	O	O	O	
di	O	O	O	O	
fichi	O	O	O	O	
d	B-GPE	O	O	O	
'	I-GPE	O	O	O	
India	I-GPE	O	O	O	
;	O	O	O	O	
in	O	O	O	O	
ogni	O	O	O	O	
parte	O	O	O	O	
la	O	O	O	O	
fame	O	O	O	O	
,	O	O	O	O	
lo	O	O	O	O	
scoraggiamento	O	O	O	O	
e	O	O	O	O	
lo	O	O	O	O	
squallore	O	O	O	O	
.	O	O	O	O	

Per	O	O	O	O	
colmo	O	O	O	O	
di	O	O	O	O	
sventura	O	O	O	O	
si	O	O	O	O	
propagava	O	O	O	O	
ogni	O	O	O	O	
di	O	O	O	O	
più	O	O	O	O	
e	O	O	O	O	
metteva	O	O	O	O	
radici	O	O	O	O	
profonde	O	O	O	O	
nel	O	O	O	O	
popolo	B-PER	O	O	O	
l	O	O	O	O	
'	O	O	O	O	
antica	O	O	O	O	
superstizione	O	O	O	O	
che	O	O	O	O	
il	O	O	O	O	
colèra	O	O	O	O	
fosse	O	O	O	O	
effetto	O	O	O	O	
di	O	O	O	O	
veleni	O	O	O	O	
sparsi	O	O	O	O	
per	O	O	O	O	
ordine	O	O	O	O	
del	O	O	O	O	
governo	B-ORG	O	O	O	
,	O	O	O	O	
che	O	O	O	O	
il	O	O	O	O	
volgo	O	O	O	O	
di	O	O	O	O	
gran	B-GPE	O	O	O	
parte	I-GPE	O	O	O	
dei	I-GPE	O	O	O	
paesi	I-GPE	O	O	O	
del	I-GPE	O	O	O	
mezzogiorno	I-GPE	O	O	O	
,	O	O	O	O	
per	O	O	O	O	
uso	O	O	O	O	
contratto	O	O	O	O	
sotto	O	O	O	O	
l	O	O	O	O	
'	O	O	O	O	
oppressione	O	O	O	O	
del	O	O	O	O	
governo	B-ORG	O	O	O	
cessato	O	O	O	O	
,	O	O	O	O	
tiene	O	O	O	O	
in	O	O	O	O	
conto	O	O	O	O	
d	O	O	O	O	
'	O	O	O	O	
un	O	O	O	O	
nemico	O	O	O	O	
continuamente	O	O	O	O	
e	O	O	O	O	
nascostamente	O	O	O	O	
inteso	O	O	O	O	
a	O	O	O	O	
fargli	O	O	O	O	
danno	O	O	O	O	
per	O	O	O	O	
necessità	O	O	O	O	
di	O	O	O	O	
sua	O	O	O	O	
conservazione	O	O	O	O	
.	O	O	O	O	

In	O	O	O	O	
Sicilia	B-GPE	O	O	O	
,	O	O	O	O	
codesta	O	O	O	O	
superstizione	O	O	O	O	
era	O	O	O	O	
avvalorata	O	O	O	O	
dal	O	O	O	O	
convincimento	O	O	O	O	
che	O	O	O	O	
il	B-ORG	O	O	O	
governo	I-ORG	O	O	O	
si	O	O	O	O	
volesse	O	O	O	O	
vendicare	O	O	O	O	
della	O	O	O	O	
ribellione	O	O	O	O	
del	O	O	O	O	
settembre	O	O	O	O	
,	O	O	O	O	
e	O	O	O	O	
però	O	O	O	O	
una	O	O	O	O	
gran	O	O	O	O	
parte	O	O	O	O	
delle	O	O	O	O	
misure	O	O	O	O	
sanitarie	O	O	O	O	
prese	O	O	O	O	
dalle	O	O	O	O	
Autorità	B-ORG	O	O	O	
governative	I-ORG	O	O	O	
incontravano	O	O	O	O	
nella	O	O	O	O	
plebe	B-PER	O	O	O	
un	O	O	O	O	
'	O	O	O	O	
opposizione	O	O	O	O	
accanita	O	O	O	O	
,	O	O	O	O	
ogni	O	O	O	O	
provvedimento	O	O	O	O	
aveva	O	O	O	O	
il	O	O	O	O	
colore	O	O	O	O	
d	O	O	O	O	
'	O	O	O	O	
un	O	O	O	O	
attentato	O	O	O	O	
,	O	O	O	O	
in	O	O	O	O	
ogni	O	O	O	O	
ordine	O	O	O	O	
si	O	O	O	O	
sospettava	O	O	O	O	
una	O	O	O	O	
mira	O	O	O	O	
scellerata	O	O	O	O	
,	O	O	O	O	
da	O	O	O	O	
ogni	O	O	O	O	
menomo	O	O	O	O	
indizio	O	O	O	O	
si	O	O	O	O	
traeva	O	O	O	O	
argomento	O	O	O	O	
a	O	O	O	O	
conferma	O	O	O	O	
del	O	O	O	O	
veneficio	O	O	O	O	
,	O	O	O	O	
in	O	O	O	O	
ogni	O	O	O	O	
nonnulla	O	O	O	O	
se	O	O	O	O	
ne	O	O	O	O	
vedeva	O	O	O	O	
una	O	O	O	O	
prova	O	O	O	O	
.	O	O	O	O	

Gli	B-FAC	O	O	O	
ospedali	I-FAC	O	O	O	
,	O	O	O	O	
le	O	O	O	O	
disinfezioni	O	O	O	O	
,	O	O	O	O	
le	O	O	O	O	
visite	O	O	O	O	
dei	O	O	O	O	
pubblici	B-PER	O	O	O	
officiali	I-PER	O	O	O	
,	O	O	O	O	
tutto	O	O	O	O	
era	O	O	O	O	
oggetto	O	O	O	O	
di	O	O	O	O	
diffidenza	O	O	O	O	
,	O	O	O	O	
di	O	O	O	O	
paura	O	O	O	O	
,	O	O	O	O	
di	O	O	O	O	
abborrimento	O	O	O	O	
.	O	O	O	O	

I	B-PER	O	O	O	
poveri	I-PER	O	O	O	
non	O	O	O	O	
si	O	O	O	O	
risolvevano	O	O	O	O	
a	O	O	O	O	
lasciarsi	O	O	O	O	
trasportare	O	O	O	O	
negli	O	O	O	O	
spedali	B-FAC	O	O	O	
che	O	O	O	O	
nei	O	O	O	O	
momenti	O	O	O	O	
estremi	O	O	O	O	
,	O	O	O	O	
quando	O	O	O	O	
ogni	O	O	O	O	
cura	O	O	O	O	
riusciva	O	O	O	O	
inefficace	O	O	O	O	
.	O	O	O	O	

Morivano	O	O	O	O	
la	O	O	O	O	
più	O	O	O	O	
parte	O	O	O	O	
,	O	O	O	O	
e	O	O	O	O	
per	O	O	O	O	
ciò	O	O	O	O	
appunto	O	O	O	O	
si	O	O	O	O	
credeva	O	O	O	O	
più	O	O	O	O	
fermamente	O	O	O	O	
dal	O	O	O	O	
volgo	O	O	O	O	
che	O	O	O	O	
le	O	O	O	O	
medicine	O	O	O	O	
fossero	O	O	O	O	
veleni	O	O	O	O	
,	O	O	O	O	
e	O	O	O	O	
i	B-PER	O	O	O	
medici	I-PER	O	O	O	
assassini	B-PER	O	O	O	
.	O	O	O	O	

Preferivano	O	O	O	O	
morire	O	O	O	O	
abbandonati	O	O	O	O	
,	O	O	O	O	
senza	O	O	O	O	
soccorsi	O	O	O	O	
,	O	O	O	O	
senza	O	O	O	O	
conforti	O	O	O	O	
.	O	O	O	O	

Non	O	O	O	O	
credevano	O	O	O	O	
al	O	O	O	O	
contagio	O	O	O	O	
,	O	O	O	O	
e	O	O	O	O	
però	O	O	O	O	
abitavano	O	O	O	O	
insieme	O	O	O	O	
alla	O	O	O	O	
rinfusa	O	O	O	O	
sani	O	O	O	O	
ed	O	O	O	O	
infermi	O	O	O	O	
,	O	O	O	O	
famiglie	B-PER	O	O	O	
numerose	I-PER	O	O	O	
in	O	O	O	O	
angusti	B-FAC	O	O	O	
e	I-FAC	O	O	O	
immondi	I-FAC	O	O	O	
abituri	I-FAC	O	O	O	
,	O	O	O	O	
terribili	O	O	O	O	
focolari	O	O	O	O	
di	O	O	O	O	
pestilenza	O	O	O	O	
.	O	O	O	O	

Occultavano	O	O	O	O	
i	B-PER	O	O	O	
cadaveri	I-PER	O	O	O	
per	O	O	O	O	
non	O	O	O	O	
esser	O	O	O	O	
posti	O	O	O	O	
in	O	O	O	O	
isolamento	O	O	O	O	
,	O	O	O	O	
o	O	O	O	O	
perchè	O	O	O	O	
ripugnavano	O	O	O	O	
dal	O	O	O	O	
vederli	O	O	O	O	
seppelliti	O	O	O	O	
nei	O	O	O	O	
campisanti	B-FAC	O	O	O	
,	O	O	O	O	
non	O	O	O	O	
nelle	O	O	O	O	
chiese	B-FAC	O	O	O	
com	O	O	O	O	
'	O	O	O	O	
è	O	O	O	O	
la	O	O	O	O	
costumanza	O	O	O	O	
di	O	O	O	O	
molti	B-GPE	O	O	O	
paesi	I-GPE	O	O	O	
;	O	O	O	O	
o	O	O	O	O	
per	O	O	O	O	
la	O	O	O	O	
stolta	O	O	O	O	
opinione	O	O	O	O	
che	O	O	O	O	
sovente	O	O	O	O	
gli	B-PER	O	O	O	
attaccati	I-PER	O	O	O	
dal	O	O	O	O	
colèra	O	O	O	O	
paiano	O	O	O	O	
,	O	O	O	O	
ma	O	O	O	O	
non	O	O	O	O	
siano	O	O	O	O	
morti	O	O	O	O	
davvero	O	O	O	O	
,	O	O	O	O	
e	O	O	O	O	
rinvengano	O	O	O	O	
dopo	O	O	O	O	
qualche	O	O	O	O	
tempo	O	O	O	O	
.	O	O	O	O	

Si	O	O	O	O	
poneva	O	O	O	O	
ogni	O	O	O	O	
cura	O	O	O	O	
a	O	O	O	O	
deludere	O	O	O	O	
le	O	O	O	O	
ricerche	O	O	O	O	
delle	O	O	O	O	
Autorità	B-ORG	O	O	O	
.	O	O	O	O	

Spesso	O	O	O	O	
si	O	O	O	O	
resisteva	O	O	O	O	
colla	O	O	O	O	
forza	O	O	O	O	
agli	O	O	O	O	
agenti	B-PER	O	O	O	
pubblici	I-PER	O	O	O	
che	O	O	O	O	
venivano	O	O	O	O	
per	O	O	O	O	
trarre	O	O	O	O	
dalle	O	O	O	O	
case	B-FAC	O	O	O	
i	B-PER	O	O	O	
cadaveri	I-PER	O	O	O	
corrotti	I-PER	O	O	O	
;	O	O	O	O	
si	O	O	O	O	
gettavano	O	O	O	O	
questi	B-PER	O	O	O	
cadaveri	I-PER	O	O	O	
nei	O	O	O	O	
pozzi	B-FAC	O	O	O	
,	O	O	O	O	
si	O	O	O	O	
sotterravano	O	O	O	O	
segretamente	O	O	O	O	
nell	B-FAC	O	O	O	
'	I-FAC	O	O	O	
interno	I-FAC	O	O	O	
delle	I-FAC	O	O	O	
case	I-FAC	O	O	O	
.	O	O	O	O	

In	O	O	O	O	
alcuni	B-GPE	O	O	O	
paesi	I-GPE	O	O	O	
,	O	O	O	O	
per	O	O	O	O	
trascuranza	O	O	O	O	
delle	O	O	O	O	
Autorità	B-ORG	O	O	O	
o	O	O	O	O	
per	O	O	O	O	
difetto	O	O	O	O	
di	O	O	O	O	
gente	B-PER	O	O	O	
che	O	O	O	O	
si	O	O	O	O	
volesse	O	O	O	O	
prestare	O	O	O	O	
al	O	O	O	O	
pietoso	O	O	O	O	
ufficio	B-FAC	O	O	O	
,	O	O	O	O	
i	B-PER	O	O	O	
cadaveri	I-PER	O	O	O	
,	O	O	O	O	
comunque	O	O	O	O	
non	O	O	O	O	
contesi	O	O	O	O	
dai	O	O	O	O	
parenti	B-PER	O	O	O	
,	O	O	O	O	
si	O	O	O	O	
lasciavano	O	O	O	O	
più	O	O	O	O	
giorni	O	O	O	O	
abbandonati	O	O	O	O	
nelle	O	O	O	O	
case	B-FAC	O	O	O	
,	O	O	O	O	
o	O	O	O	O	
venivano	O	O	O	O	
gettati	O	O	O	O	
e	O	O	O	O	
lasciati	O	O	O	O	
scoperti	O	O	O	O	
nei	O	O	O	O	
cimiteri	B-FAC	O	O	O	
,	O	O	O	O	
o	O	O	O	O	
si	O	O	O	O	
ricoprivano	O	O	O	O	
di	O	O	O	O	
poche	O	O	O	O	
palate	O	O	O	O	
di	O	O	O	O	
terra	O	O	O	O	
,	O	O	O	O	
così	O	O	O	O	
che	O	O	O	O	
intorno	O	O	O	O	
intorno	O	O	O	O	
ne	O	O	O	O	
riusciva	O	O	O	O	
ammorbata	O	O	O	O	
l	O	O	O	O	
'	O	O	O	O	
atmosfera	O	O	O	O	
,	O	O	O	O	
e	O	O	O	O	
non	O	O	O	O	
si	O	O	O	O	
trovava	O	O	O	O	
più	O	O	O	O	
chi	O	O	O	O	
volesse	O	O	O	O	
avvicinarsi	O	O	O	O	
a	O	O	O	O	
que	B-LOC	O	O	O	
'	I-LOC	O	O	O	
luoghi	I-LOC	O	O	O	
,	O	O	O	O	
e	O	O	O	O	
bisognava	O	O	O	O	
scegliere	O	O	O	O	
altri	O	O	O	O	
terreni	O	O	O	O	
alle	O	O	O	O	
sepolture	O	O	O	O	
.	O	O	O	O	

I	O	O	O	O	
pregiudizi	O	O	O	O	
volgari	O	O	O	O	
venivano	O	O	O	O	
segretamente	O	O	O	O	
fomentati	O	O	O	O	
dai	O	O	O	O	
borbonici	B-PER	O	O	O	
e	O	O	O	O	
dai	O	O	O	O	
clericali	B-PER	O	O	O	
.	O	O	O	O	

Eran	O	O	O	O	
sospetti	O	O	O	O	
di	O	O	O	O	
veneficio	O	O	O	O	
tutti	O	B-PER	O	O	
gli	O	I-PER	O	O	
agenti	O	I-PER	O	O	
della	O	I-PER	O	O	
forza	B-ORG	I-PER	O	O	
pubblica	I-ORG	I-PER	O	O	
,	O	O	O	O	
i	B-PER	O	O	O	
carabinieri	I-PER	O	O	O	
,	O	O	O	O	
i	B-PER	O	O	O	
soldati	I-PER	O	O	O	
,	O	O	O	O	
i	B-PER	O	O	O	
percettori	I-PER	O	O	O	
delle	I-PER	O	O	O	
dogane	I-PER	O	O	O	
,	O	O	O	O	
gli	B-PER	O	O	O	
officiali	I-PER	O	O	O	
governativi	I-PER	O	O	O	
.	O	O	O	O	

In	O	O	O	O	
alcuni	O	B-GPE	O	O	
paesi	O	I-GPE	O	O	
della	O	I-GPE	O	O	
Sicilia	B-GPE	I-GPE	O	O	
era	O	O	O	O	
sospetto	O	O	O	O	
di	O	O	O	O	
avvelenamento	O	O	O	O	
qualunque	O	B-PER	O	O	
italiano	O	I-PER	O	O	
del	O	I-PER	O	O	
continente	B-GPE	I-PER	O	O	
;	O	O	O	O	
in	O	O	O	O	
qualche	O	O	O	O	
luogo	O	O	O	O	
tutti	O	B-PER	O	O	
indistintamente	O	I-PER	O	O	
gli	B-PER	I-PER	O	O	
stranieri	I-PER	I-PER	O	O	
erano	O	O	O	O	
sospetti	O	O	O	O	
.	O	O	O	O	

Si	O	O	O	O	
spargevano	O	O	O	O	
e	O	O	O	O	
si	O	O	O	O	
affiggevano	O	O	O	O	
per	O	O	O	O	
le	B-LOC	O	O	O	
vie	I-LOC	O	O	O	
proclami	O	O	O	O	
sediziosi	O	O	O	O	
,	O	O	O	O	
eccitanti	O	O	O	O	
alla	O	O	O	O	
vendetta	O	O	O	O	
ed	O	O	O	O	
al	O	O	O	O	
sangue	O	O	O	O	
.	O	O	O	O	

Tratto	O	O	O	O	
tratto	O	O	O	O	
le	B-PER	O	O	O	
popolazioni	I-PER	O	O	O	
armate	O	O	O	O	
di	O	O	O	O	
falci	O	O	O	O	
,	O	O	O	O	
di	O	O	O	O	
picche	O	O	O	O	
,	O	O	O	O	
di	O	O	O	O	
fucili	O	O	O	O	
,	O	O	O	O	
si	O	O	O	O	
assembravano	O	O	O	O	
,	O	O	O	O	
percorrevano	O	O	O	O	
tumultuosamente	O	O	O	O	
le	O	B-LOC	O	O	
vie	O	I-LOC	O	O	
del	O	I-LOC	O	O	
paese	B-GPE	I-LOC	O	O	
cercando	O	O	O	O	
a	O	O	O	O	
morte	O	O	O	O	
gli	B-PER	O	O	O	
avvelenatori	I-PER	O	O	O	
;	O	O	O	O	
minacciavano	O	O	O	O	
o	O	O	O	O	
assalivano	O	O	O	O	
le	B-FAC	O	O	O	
caserme	I-FAC	O	O	O	
dei	O	O	O	O	
carabinieri	B-PER	O	O	O	
e	O	O	O	O	
dei	O	O	O	O	
soldati	B-PER	O	O	O	
;	O	O	O	O	
irrompevano	O	O	O	O	
nelle	O	O	O	O	
case	O	B-FAC	O	O	
dei	O	I-FAC	O	O	
medici	B-PER	I-FAC	O	O	
,	O	O	O	O	
e	O	O	O	O	
le	O	O	O	O	
mettevano	O	O	O	O	
a	O	O	O	O	
sacco	O	O	O	O	
;	O	O	O	O	
si	O	O	O	O	
gettavano	O	O	O	O	
nelle	O	O	O	O	
farmacie	B-FAC	O	O	O	
e	O	O	O	O	
vi	O	O	O	O	
distruggevano	O	O	O	O	
e	O	O	O	O	
disperdevano	O	O	O	O	
ogni	O	O	O	O	
cosa	O	O	O	O	
;	O	O	O	O	
invadevano	O	O	O	O	
l	O	B-FAC	O	O	
'	O	I-FAC	O	O	
ufficio	O	I-FAC	O	O	
del	O	I-FAC	O	O	
comune	B-GPE	I-FAC	O	O	
,	O	O	O	O	
laceravano	O	O	O	O	
la	O	O	O	O	
bandiera	O	O	O	O	
nazionale	O	O	O	O	
,	O	O	O	O	
abbruciavano	O	O	O	O	
i	O	O	O	O	
registri	O	O	O	O	
e	O	O	O	O	
le	O	O	O	O	
carte	O	O	O	O	
;	O	O	O	O	
costringevano	O	O	O	O	
le	B-PER	O	O	O	
guardie	I-PER	O	O	O	
nazionali	I-PER	O	O	O	
a	O	O	O	O	
batter	O	O	O	O	
con	O	O	O	O	
loro	O	O	O	O	
la	B-LOC	O	O	O	
campagna	I-LOC	O	O	O	
in	O	O	O	O	
traccia	O	O	O	O	
degli	O	O	O	O	
avvelenatori	B-PER	O	O	O	
;	O	O	O	O	
andavano	O	O	O	O	
a	O	O	O	O	
cercarli	O	O	O	O	
nelle	O	O	O	O	
case	B-FAC	O	O	O	
;	O	O	O	O	
credevano	O	O	O	O	
d	O	O	O	O	
'	O	O	O	O	
averli	O	O	O	O	
rinvenuti	O	O	O	O	
,	O	O	O	O	
li	O	O	O	O	
costringevano	O	O	O	O	
coi	O	O	O	O	
pugnali	O	O	O	O	
alla	O	O	O	O	
gola	O	O	O	O	
a	O	O	O	O	
immaginare	O	O	O	O	
e	O	O	O	O	
confessare	O	O	O	O	
dei	O	O	O	O	
complici	B-PER	O	O	O	
,	O	O	O	O	
li	O	O	O	O	
trucidavano	O	O	O	O	
,	O	O	O	O	
ne	O	O	O	O	
straziavano	O	O	O	O	
i	B-PER	O	O	O	
cadaveri	I-PER	O	O	O	
e	O	O	O	O	
li	O	O	O	O	
abbruciavano	O	O	O	O	
nelle	O	O	O	O	
vie	B-LOC	O	O	O	
e	O	O	O	O	
nelle	O	O	O	O	
piazze	O	B-LOC	O	O	
del	O	I-LOC	O	O	
paese	B-GPE	I-LOC	O	O	
.	O	O	O	O	

Intere	B-PER	O	O	O	
famiglie	I-PER	O	O	O	
,	O	O	O	O	
accusate	O	O	O	O	
di	O	O	O	O	
veneficio	O	O	O	O	
,	O	O	O	O	
venivano	O	O	O	O	
improvvisamente	O	O	O	O	
aggredite	O	O	O	O	
di	O	O	O	O	
notte	O	O	O	O	
da	O	O	O	O	
turbe	B-PER	O	O	O	
di	I-PER	O	O	O	
popolani	I-PER	O	O	O	
,	O	O	O	O	
e	O	O	O	O	
vecchi	B-PER	O	O	O	
,	O	O	O	O	
donne	B-PER	O	O	O	
,	O	O	O	O	
bambini	B-PER	O	O	O	
cadevano	O	O	O	O	
sgozzati	O	O	O	O	
gli	B-PER	O	O	O	
uni	I-PER	O	O	O	
ai	O	O	O	O	
piedi	O	O	O	O	
degli	O	O	O	O	
altri	B-PER	O	O	O	
senza	O	O	O	O	
aver	O	O	O	O	
tempo	O	O	O	O	
di	O	O	O	O	
scolparsi	O	O	O	O	
o	O	O	O	O	
di	O	O	O	O	
supplicare	O	O	O	O	
;	O	O	O	O	
si	O	O	O	O	
ardevano	O	O	O	O	
le	B-FAC	O	O	O	
case	I-FAC	O	O	O	
e	O	O	O	O	
se	O	O	O	O	
ne	O	O	O	O	
disperdevano	O	O	O	O	
le	B-LOC	O	O	O	
rovine	I-LOC	O	O	O	
.	O	O	O	O	

