Non	O	O	O	O	
vedevo	O	O	O	O	
Federico	B-PER	O	O	O	
Vivaldi	I-PER	O	O	O	
da	O	O	O	O	
più	O	O	O	O	
di	O	O	O	O	
quindici	O	O	O	O	
anni	O	O	O	O	
.	O	O	O	O	

Eravamo	O	O	O	O	
stati	O	O	O	O	
a	O	O	O	O	
scuola	B-FAC	O	O	O	
insieme	O	O	O	O	
;	O	O	O	O	
poi	O	O	O	O	
come	O	O	O	O	
il	O	O	O	O	
solito	O	O	O	O	
,	O	O	O	O	
ciascuno	B-PER	O	O	O	
era	O	O	O	O	
andato	O	O	O	O	
per	O	O	O	O	
la	B-FAC	O	O	O	
sua	I-FAC	O	O	O	
strada	I-FAC	O	O	O	
e	O	O	O	O	
ci	O	O	O	O	
si	O	O	O	O	
era	O	O	O	O	
perduti	O	O	O	O	
d	O	O	O	O	
'	O	O	O	O	
occhio	O	O	O	O	
.	O	O	O	O	

Nel	O	O	O	O	
1866	O	O	O	O	
avevo	O	O	O	O	
letto	O	O	O	O	
il	O	O	O	O	
suo	O	O	O	O	
nome	O	O	O	O	
tra	O	O	O	O	
i	O	B-PER	O	O	
feriti	O	I-PER	O	O	
della	O	I-PER	O	O	
fazione	O	I-PER	O	O	
di	O	I-PER	O	O	
Monte	B-GPE	I-PER	O	O	
Suello	I-GPE	I-PER	O	O	
;	O	O	O	O	
più	O	O	O	O	
tardi	O	O	O	O	
seppi	O	O	O	O	
ch	O	O	O	O	
'	O	O	O	O	
egli	O	O	O	O	
esercitava	O	O	O	O	
l	O	O	O	O	
'	O	O	O	O	
avvocatura	O	O	O	O	
nella	O	O	O	O	
sua	B-GPE	O	O	O	
città	I-GPE	O	O	O	
natale	I-GPE	O	O	O	
,	I-GPE	O	O	O	
una	I-GPE	O	O	O	
piccola	I-GPE	O	O	O	
città	I-GPE	O	O	O	
di	I-GPE	O	O	O	
provincia	I-GPE	O	O	O	
.	O	O	O	O	

Pareva	O	O	O	O	
che	O	O	O	O	
non	O	O	O	O	
s	O	O	O	O	
'	O	O	O	O	
ingerisse	O	O	O	O	
nelle	O	O	O	O	
lotte	O	O	O	O	
politiche	O	O	O	O	
,	O	O	O	O	
poichè	O	O	O	O	
non	O	O	O	O	
m	O	O	O	O	
'	O	O	O	O	
era	O	O	O	O	
accaduto	O	O	O	O	
di	O	O	O	O	
sentirlo	O	O	O	O	
mai	O	O	O	O	
menzionare	O	O	O	O	
tra	O	O	O	O	
i	O	B-PER	O	O	
candidati	O	I-PER	O	O	
al	O	I-PER	O	O	
Parlamento	B-ORG	I-PER	O	O	
,	O	O	O	O	
o	O	O	O	O	
tra	O	O	O	O	
i	B-PER	O	O	O	
consiglieri	I-PER	O	O	O	
provinciali	I-PER	O	O	O	
,	O	O	O	O	
tra	O	O	O	O	
i	B-PER	O	O	O	
pubblicisti	I-PER	O	O	O	
,	O	O	O	O	
o	O	O	O	O	
tra	O	O	O	O	
gli	B-PER	O	O	O	
oratori	I-PER	O	O	O	
dei	I-PER	O	O	O	
meetings	I-PER	O	O	O	
.	O	O	O	O	

Chi	O	O	O	O	
sa	O	O	O	O	
?	O	O	O	O	

Forse	O	O	O	O	
,	O	O	O	O	
non	O	O	O	O	
era	O	O	O	O	
nemmeno	O	O	O	O	
cavaliere	B-PER	O	O	O	
.	O	O	O	O	

Come	O	O	O	O	
le	O	O	O	O	
apparenze	O	O	O	O	
ingannano	O	O	O	O	
!	O	O	O	O	

A	O	O	O	O	
scuola	B-FAC	O	O	O	
gli	O	O	O	O	
si	O	O	O	O	
sarebbe	O	O	O	O	
presagito	O	O	O	O	
un	O	O	O	O	
luminoso	O	O	O	O	
avvenire	O	O	O	O	
.	O	O	O	O	

Imparava	O	O	O	O	
ogni	O	O	O	O	
cosa	O	O	O	O	
prestissimo	O	O	O	O	
,	O	O	O	O	
scriveva	O	O	O	O	
con	O	O	O	O	
buon	O	O	O	O	
gusto	O	O	O	O	
,	O	O	O	O	
parlava	O	O	O	O	
con	O	O	O	O	
facilità	O	O	O	O	
,	O	O	O	O	
e	O	O	O	O	
teneva	O	O	O	O	
,	O	O	O	O	
se	O	O	O	O	
non	O	O	O	O	
il	O	O	O	O	
primo	O	O	O	O	
,	O	O	O	O	
uno	O	O	O	O	
dei	O	O	O	O	
primi	O	O	O	O	
posti	O	O	O	O	
.	O	O	O	O	

Un	O	O	O	O	
affare	O	O	O	O	
mi	O	O	O	O	
conduceva	O	O	O	O	
adesso	O	O	O	O	
nella	O	O	O	O	
città	B-GPE	O	O	O	
e	O	O	O	O	
nella	O	O	O	O	
casa	O	B-FAC	O	O	
di	O	I-FAC	O	O	
Federico	B-PER	I-FAC	O	O	
.	O	O	O	O	

Lo	O	O	O	O	
trovai	O	O	O	O	
alquanto	O	O	O	O	
mutato	O	O	O	O	
,	O	O	O	O	
ma	O	O	O	O	
non	O	O	O	O	
era	O	O	O	O	
da	O	O	O	O	
meravigliarsene	O	O	O	O	
;	O	O	O	O	
in	O	O	O	O	
quindici	O	O	O	O	
anni	O	O	O	O	
ero	O	O	O	O	
ben	O	O	O	O	
mutato	O	O	O	O	
anch	O	O	O	O	
'	O	O	O	O	
io	O	O	O	O	
.	O	O	O	O	

Egli	O	O	O	O	
aveva	O	O	O	O	
la	O	O	O	O	
cera	O	O	O	O	
pallida	O	O	O	O	
,	O	O	O	O	
l	O	O	O	O	
'	O	O	O	O	
aria	O	O	O	O	
trista	O	O	O	O	
e	O	O	O	O	
patita	O	O	O	O	
,	O	O	O	O	
la	O	O	O	O	
barba	O	O	O	O	
e	O	O	O	O	
i	O	O	O	O	
capelli	O	O	O	O	
brizzolati	O	O	O	O	
di	O	O	O	O	
bianco	O	O	O	O	
.	O	O	O	O	

Il	O	O	O	O	
nostro	O	O	O	O	
incontro	O	O	O	O	
fu	O	O	O	O	
cordiale	O	O	O	O	
ma	O	O	O	O	
senza	O	O	O	O	
straordinaria	O	O	O	O	
espansione	O	O	O	O	
.	O	O	O	O	

Due	B-PER	O	O	O	
uomini	I-PER	O	O	O	
che	O	O	O	O	
si	O	O	O	O	
rivedono	O	O	O	O	
dopo	O	O	O	O	
un	O	O	O	O	
lungo	O	O	O	O	
intervallo	O	O	O	O	
hanno	O	O	O	O	
un	O	O	O	O	
bel	O	O	O	O	
corrersi	O	O	O	O	
incontro	O	O	O	O	
con	O	O	O	O	
entusiasmo	O	O	O	O	
;	O	O	O	O	
essi	O	O	O	O	
sentono	O	O	O	O	
subito	O	O	O	O	
che	O	O	O	O	
le	O	O	O	O	
amicizie	O	O	O	O	
non	O	O	O	O	
si	O	O	O	O	
ripigliano	O	O	O	O	
dove	O	O	O	O	
si	O	O	O	O	
sono	O	O	O	O	
lasciate	O	O	O	O	
.	O	O	O	O	

Federico	B-PER	O	O	O	
pareva	O	O	O	O	
anche	O	O	O	O	
più	O	O	O	O	
riguardoso	O	O	O	O	
di	O	O	O	O	
me	O	O	O	O	
.	O	O	O	O	

--	O	O	O	O	
Sei	O	O	O	O	
stato	O	O	O	O	
sempre	O	O	O	O	
bene	O	O	O	O	
?	O	O	O	O	

--	O	O	O	O	
gli	O	O	O	O	
chiesi	O	O	O	O	
.	O	O	O	O	

--	O	O	O	O	
Sì	O	O	O	O	
--	O	O	O	O	
replicò	O	O	O	O	
brevemente	O	O	O	O	
.	O	O	O	O	

--	O	O	O	O	
E	O	O	O	O	
la	O	O	O	O	
tua	O	O	O	O	
ferita	O	O	O	O	
?	O	O	O	O	

--	O	O	O	O	
Oh	O	O	O	O	
!	O	O	O	O	

Una	O	O	O	O	
cosa	O	O	O	O	
da	O	O	O	O	
nulla	O	O	O	O	
.	O	O	O	O	

Dall	O	O	O	O	
'	O	O	O	O	
indole	O	O	O	O	
delle	O	O	O	O	
sue	O	O	O	O	
risposte	O	O	O	O	
,	O	O	O	O	
e	O	O	O	O	
dalla	O	O	O	O	
fretta	O	O	O	O	
con	O	O	O	O	
cui	O	O	O	O	
egli	O	O	O	O	
entrò	O	O	O	O	
a	O	O	O	O	
discorrere	O	O	O	O	
dell	O	O	O	O	
'	O	O	O	O	
affare	O	O	O	O	
che	O	O	O	O	
doveva	O	O	O	O	
formar	O	O	O	O	
soggetto	O	O	O	O	
del	O	O	O	O	
nostro	O	O	O	O	
colloquio	O	O	O	O	
,	O	O	O	O	
argomentai	O	O	O	O	
ch	O	O	O	O	
'	O	O	O	O	
egli	O	O	O	O	
fosse	O	O	O	O	
diventato	O	O	O	O	
uno	B-PER	O	O	O	
spirito	I-PER	O	O	O	
positivo	I-PER	O	O	O	
,	O	O	O	O	
incapace	O	O	O	O	
di	O	O	O	O	
far	O	O	O	O	
altro	O	O	O	O	
da	O	O	O	O	
mattina	O	O	O	O	
a	O	O	O	O	
sera	O	O	O	O	
che	O	O	O	O	
di	O	O	O	O	
compulsar	O	O	O	O	
codici	O	O	O	O	
e	O	O	O	O	
di	O	O	O	O	
trattar	O	O	O	O	
cause	O	O	O	O	
.	O	O	O	O	

Anzi	O	O	O	O	
,	O	O	O	O	
Dio	B-PER	O	O	O	
mel	O	O	O	O	
perdoni	O	O	O	O	
,	O	O	O	O	
giunsi	O	O	O	O	
fino	O	O	O	O	
ad	O	O	O	O	
accusarlo	O	O	O	O	
di	O	O	O	O	
calcolar	O	O	O	O	
tempo	O	O	O	O	
perduto	O	O	O	O	
tutto	O	O	O	O	
quello	O	O	O	O	
che	O	O	O	O	
non	O	O	O	O	
si	O	O	O	O	
può	O	O	O	O	
far	O	O	O	O	
figurare	O	O	O	O	
nelle	O	O	O	O	
specifiche	O	O	O	O	
.	O	O	O	O	

Egli	O	O	O	O	
parlò	O	O	O	O	
per	O	O	O	O	
più	O	O	O	O	
di	O	O	O	O	
un	O	O	O	O	
'	O	O	O	O	
ora	O	O	O	O	
esaminando	O	O	O	O	
da	O	O	O	O	
tutti	O	O	O	O	
i	O	O	O	O	
lati	O	O	O	O	
con	O	O	O	O	
molto	O	O	O	O	
acume	O	O	O	O	
e	O	O	O	O	
molta	O	O	O	O	
lucidezza	O	O	O	O	
la	O	O	O	O	
questione	O	O	O	O	
che	O	O	O	O	
mi	O	O	O	O	
aveva	O	O	O	O	
chiamato	O	O	O	O	
da	O	O	O	O	
lui	O	O	O	O	
.	O	O	O	O	

Ci	O	O	O	O	
mettemmo	O	O	O	O	
pienamente	O	O	O	O	
d	O	O	O	O	
'	O	O	O	O	
accordo	O	O	O	O	
;	O	O	O	O	
dopodichè	O	O	O	O	
egli	O	O	O	O	
mi	O	O	O	O	
chiese	O	O	O	O	
licenza	O	O	O	O	
di	O	O	O	O	
rovistare	O	O	O	O	
alcune	O	O	O	O	
buste	O	O	O	O	
per	O	O	O	O	
cercarvi	O	O	O	O	
un	O	O	O	O	
documento	O	O	O	O	
che	O	O	O	O	
gli	O	O	O	O	
occorreva	O	O	O	O	
.	O	O	O	O	

--	O	O	O	O	
Or	O	O	O	O	
ora	O	O	O	O	
,	O	O	O	O	
se	O	O	O	O	
vorrai	O	O	O	O	
,	O	O	O	O	
usciremo	O	O	O	O	
insieme	O	O	O	O	
--	O	O	O	O	
egli	O	O	O	O	
soggiunse	O	O	O	O	
.	O	O	O	O	

Lo	O	O	O	O	
disse	O	O	O	O	
in	O	O	O	O	
tuono	O	O	O	O	
così	O	O	O	O	
freddo	O	O	O	O	
che	O	O	O	O	
avrei	O	O	O	O	
avuto	O	O	O	O	
una	O	O	O	O	
gran	O	O	O	O	
voglia	O	O	O	O	
dì	O	O	O	O	
piantarlo	O	O	O	O	
lì	O	O	O	O	
,	O	O	O	O	
ma	O	O	O	O	
in	O	O	O	O	
quel	B-GPE	O	O	O	
paese	I-GPE	O	O	O	
non	O	O	O	O	
conoscevo	O	O	O	O	
nessuno	B-PER	O	O	O	
;	O	O	O	O	
che	O	O	O	O	
dovevo	O	O	O	O	
fare	O	O	O	O	
?	O	O	O	O	

Mi	O	O	O	O	
alzai	O	O	O	O	
da	O	O	O	O	
sedere	O	O	O	O	
,	O	O	O	O	
diedi	O	O	O	O	
un	O	O	O	O	
'	O	O	O	O	
occhiata	O	O	O	O	
a	O	O	O	O	
una	B-FAC	O	O	O	
piccola	I-FAC	O	O	O	
biblioteca	I-FAC	O	O	O	
che	O	O	O	O	
non	O	O	O	O	
conteneva	O	O	O	O	
nulla	O	O	O	O	
di	O	O	O	O	
peregrino	O	O	O	O	
;	O	O	O	O	
quindi	O	O	O	O	
mi	O	O	O	O	
affacciai	O	O	O	O	
alla	O	O	O	O	
finestra	O	O	O	O	
.	O	O	O	O	

--	O	O	O	O	
Che	O	O	O	O	
bella	O	O	O	O	
vista	O	O	O	O	
!	O	O	O	O	

--	O	O	O	O	
dissi	O	O	O	O	
,	O	O	O	O	
tanto	O	O	O	O	
per	O	O	O	O	
non	O	O	O	O	
restare	O	O	O	O	
in	O	O	O	O	
silenzio	O	O	O	O	
.	O	O	O	O	

--	O	O	O	O	
È	O	O	O	O	
più	O	O	O	O	
bella	O	O	O	O	
dall	O	O	O	O	
'	O	O	O	O	
altra	B-FAC	O	O	O	
stanza	I-FAC	O	O	O	
--	O	O	O	O	
osservò	O	O	O	O	
Federico	B-PER	O	O	O	
che	O	O	O	O	
aveva	O	O	O	O	
trovato	O	O	O	O	
il	O	O	O	O	
documento	O	O	O	O	
e	O	O	O	O	
mi	O	O	O	O	
si	O	O	O	O	
era	O	O	O	O	
avvicinato	O	O	O	O	
.	O	O	O	O	

--	O	O	O	O	
Passa	O	O	O	O	
pure	O	O	O	O	
.	O	O	O	O	

E	O	O	O	O	
,	O	O	O	O	
tenendo	O	O	O	O	
aperto	O	O	O	O	
un	O	O	O	O	
uscio	O	O	O	O	
,	O	O	O	O	
mi	O	O	O	O	
introdusse	O	O	O	O	
in	O	O	O	O	
una	B-FAC	O	O	O	
camera	I-FAC	O	O	O	
molto	I-FAC	O	O	O	
semplice	I-FAC	O	O	O	
ma	O	O	O	O	
molto	O	O	O	O	
pulita	O	O	O	O	
,	O	O	O	O	
dalle	O	O	O	O	
cui	O	O	O	O	
finestre	O	O	O	O	
lo	O	O	O	O	
sguardo	O	O	O	O	
abbracciava	O	O	O	O	
un	O	O	O	O	
'	O	O	O	O	
ampia	O	O	O	O	
distesa	O	O	O	O	
di	O	O	O	O	
colline	B-LOC	O	O	O	
e	O	O	O	O	
di	O	O	O	O	
ville	B-FAC	O	O	O	
.	O	O	O	O	

--	O	O	O	O	
Tu	O	O	O	O	
dormi	O	O	O	O	
qui	O	O	O	O	
?	O	O	O	O	

--	O	O	O	O	
gli	O	O	O	O	
chiesi	O	O	O	O	
.	O	O	O	O	

--	O	O	O	O	
Sì	O	O	O	O	
.	O	O	O	O	

È	O	O	O	O	
la	B-FAC	O	O	O	
mia	I-FAC	O	O	O	
camera	I-FAC	O	O	O	
da	I-FAC	O	O	O	
letto	I-FAC	O	O	O	
.	O	O	O	O	

--	O	O	O	O	
Come	O	O	O	O	
dev	O	O	O	O	
'	O	O	O	O	
esser	O	O	O	O	
piacevole	O	O	O	O	
aprir	O	O	O	O	
gli	O	O	O	O	
occhi	O	O	O	O	
la	O	O	O	O	
mattina	O	O	O	O	
e	O	O	O	O	
vedersi	O	O	O	O	
davanti	O	O	O	O	
questo	B-LOC	O	O	O	
immenso	I-LOC	O	O	O	
orizzonte	I-LOC	O	O	O	
!	O	O	O	O	

--	O	O	O	O	
Voi	O	O	O	O	
a	O	O	O	O	
Venezia	B-GPE	O	O	O	
non	O	O	O	O	
ci	O	O	O	O	
siete	O	O	O	O	
avvezzi	O	O	O	O	
.	O	O	O	O	

Però	O	O	O	O	
adesso	O	O	O	O	
c	O	O	O	O	
'	O	O	O	O	
è	O	O	O	O	
troppo	O	O	O	O	
sole	O	O	O	O	
--	O	O	O	O	
egli	O	O	O	O	
continuò	O	O	O	O	
--	O	O	O	O	
e	O	O	O	O	
bisogna	O	O	O	O	
abbassar	O	O	O	O	
le	O	O	O	O	
tendine	O	O	O	O	
.	O	O	O	O	

Mentre	O	O	O	O	
Federico	B-PER	O	O	O	
eseguiva	O	O	O	O	
questa	O	O	O	O	
operazione	O	O	O	O	
,	O	O	O	O	
i	O	O	O	O	
miei	O	O	O	O	
occhi	O	O	O	O	
si	O	O	O	O	
fissarono	O	O	O	O	
a	O	O	O	O	
caso	O	O	O	O	
sopra	O	O	O	O	
un	O	O	O	O	
orologio	O	O	O	O	
a	O	O	O	O	
dondolo	O	O	O	O	
ch	O	O	O	O	
'	O	O	O	O	
era	O	O	O	O	
collocato	O	O	O	O	
su	O	O	O	O	
un	O	O	O	O	
canterale	O	O	O	O	
e	O	O	O	O	
che	O	O	O	O	
segnava	O	O	O	O	
le	O	O	O	O	
sei	O	O	O	O	
e	O	O	O	O	
quindici	O	O	O	O	
minuti	O	O	O	O	
.	O	O	O	O	

--	O	O	O	O	
Oh	O	O	O	O	
--	O	O	O	O	
diss	O	O	O	O	
'	O	O	O	O	
io	O	O	O	O	
--	O	O	O	O	
quell	O	O	O	O	
'	O	O	O	O	
orologio	O	O	O	O	
è	O	O	O	O	
matto	O	O	O	O	
.	O	O	O	O	

--	O	O	O	O	
È	O	O	O	O	
fermo	O	O	O	O	
--	O	O	O	O	
egli	O	O	O	O	
rispose	O	O	O	O	
in	O	O	O	O	
furia	O	O	O	O	
come	O	O	O	O	
se	O	O	O	O	
le	O	O	O	O	
parole	O	O	O	O	
gli	O	O	O	O	
bruciassero	O	O	O	O	
la	O	O	O	O	
lingua	O	O	O	O	
.	O	O	O	O	

Era	O	O	O	O	
un	O	O	O	O	
orologio	O	O	O	O	
di	O	O	O	O	
forma	O	O	O	O	
antica	O	O	O	O	
il	O	O	O	O	
cui	O	O	O	O	
disco	O	O	O	O	
cilindrico	O	O	O	O	
poggiava	O	O	O	O	
su	O	O	O	O	
due	O	O	O	O	
colonnine	O	O	O	O	
d	O	O	O	O	
'	O	O	O	O	
alabastro	O	O	O	O	
coi	O	O	O	O	
piedestalli	O	O	O	O	
e	O	O	O	O	
i	O	O	O	O	
capitelli	O	O	O	O	
di	O	O	O	O	
bronzo	O	O	O	O	
.	O	O	O	O	

Sulla	O	O	O	O	
mostra	O	O	O	O	
di	O	O	O	O	
maiolica	O	O	O	O	
erano	O	O	O	O	
incisi	O	O	O	O	
il	O	O	O	O	
nome	O	O	O	O	
della	O	O	O	O	
fabbrica	B-FAC	O	O	O	
e	O	O	O	O	
l	O	O	O	O	
'	O	O	O	O	
anno	O	O	O	O	
di	O	O	O	O	
fabbricazione	O	O	O	O	
--	O	O	O	O	
1822	O	O	O	O	
.	O	O	O	O	

--	O	O	O	O	
È	O	O	O	O	
un	O	O	O	O	
oggetto	O	O	O	O	
da	O	O	O	O	
museo	B-FAC	O	O	O	
--	O	O	O	O	
ripresi	O	O	O	O	
ridendo	O	O	O	O	
,	O	O	O	O	
e	O	O	O	O	
mi	O	O	O	O	
chinai	O	O	O	O	
per	O	O	O	O	
vederne	O	O	O	O	
più	O	O	O	O	
da	O	O	O	O	
presso	O	O	O	O	
il	O	O	O	O	
meccanismo	O	O	O	O	
.	O	O	O	O	

Non	O	O	O	O	
so	O	O	O	O	
se	O	O	O	O	
facessi	O	O	O	O	
atto	O	O	O	O	
di	O	O	O	O	
prendere	O	O	O	O	
fra	O	O	O	O	
le	O	O	O	O	
dita	O	O	O	O	
il	O	O	O	O	
capo	O	O	O	O	
di	O	O	O	O	
un	O	O	O	O	
cordoncino	O	O	O	O	
che	O	O	O	O	
pendeva	O	O	O	O	
fra	O	O	O	O	
le	O	O	O	O	
colonne	O	O	O	O	
.	O	O	O	O	

So	O	O	O	O	
che	O	O	O	O	
Federico	B-PER	O	O	O	
mi	O	O	O	O	
afferrò	O	O	O	O	
il	O	O	O	O	
braccio	O	O	O	O	
e	O	O	O	O	
mi	O	O	O	O	
gridò	O	O	O	O	
:	O	O	O	O	
--	O	O	O	O	
Non	O	O	O	O	
lo	O	O	O	O	
toccare	O	O	O	O	
!	O	O	O	O	

--	O	O	O	O	
con	O	O	O	O	
tale	O	O	O	O	
un	O	O	O	O	
accento	O	O	O	O	
ch	O	O	O	O	
'	O	O	O	O	
io	O	O	O	O	
mi	O	O	O	O	
voltai	O	O	O	O	
in	O	O	O	O	
sussulto	O	O	O	O	
,	O	O	O	O	
temendo	O	O	O	O	
quasi	O	O	O	O	
di	O	O	O	O	
aver	O	O	O	O	
dato	O	O	O	O	
fuoco	O	O	O	O	
a	O	O	O	O	
una	O	O	O	O	
miccia	O	O	O	O	
.	O	O	O	O	

--	O	O	O	O	
In	O	O	O	O	
nome	O	O	O	O	
del	O	O	O	O	
cielo	O	O	O	O	
,	O	O	O	O	
che	O	O	O	O	
cosa	O	O	O	O	
c	O	O	O	O	
'	O	O	O	O	
è	O	O	O	O	
?	O	O	O	O	

--	O	O	O	O	
sclamai	O	O	O	O	
sbigottito	O	O	O	O	
.	O	O	O	O	

--	O	O	O	O	
Perdonami	O	O	O	O	
--	O	O	O	O	
rispose	O	O	O	O	
il	B-PER	O	O	O	
Vivaldi	I-PER	O	O	O	
con	O	O	O	O	
voce	O	O	O	O	
più	O	O	O	O	
calma	O	O	O	O	
e	O	O	O	O	
tentando	O	O	O	O	
di	O	O	O	O	
comporre	O	O	O	O	
le	O	O	O	O	
labbra	O	O	O	O	
a	O	O	O	O	
un	O	O	O	O	
sorriso	O	O	O	O	
.	O	O	O	O	

--	O	O	O	O	
Avevo	O	O	O	O	
paura	O	O	O	O	
che	O	O	O	O	
tu	O	O	O	O	
movessi	O	O	O	O	
le	O	O	O	O	
lancette	O	O	O	O	
di	O	O	O	O	
quell	O	O	O	O	
'	O	O	O	O	
orologio	O	O	O	O	
.	O	O	O	O	

E	O	O	O	O	
mentr	O	O	O	O	
'	O	O	O	O	
egli	O	O	O	O	
pronunziava	O	O	O	O	
queste	O	O	O	O	
parole	O	O	O	O	
,	O	O	O	O	
i	O	O	O	O	
suoi	O	O	O	O	
occhi	O	O	O	O	
s	O	O	O	O	
'	O	O	O	O	
innondarono	O	O	O	O	
di	O	O	O	O	
lagrime	O	O	O	O	
.	O	O	O	O	

Lo	O	O	O	O	
guardai	O	O	O	O	
commosso	O	O	O	O	
ma	O	O	O	O	
senza	O	O	O	O	
osare	O	O	O	O	
d	O	O	O	O	
'	O	O	O	O	
interrogarlo	O	O	O	O	
,	O	O	O	O	
giacchè	O	O	O	O	
egli	O	O	O	O	
non	O	O	O	O	
mi	O	O	O	O	
sembrava	O	O	O	O	
disposto	O	O	O	O	
alle	O	O	O	O	
confidenze	O	O	O	O	
.	O	O	O	O	

Ci	O	O	O	O	
fu	O	O	O	O	
un	O	O	O	O	
buon	O	O	O	O	
minuto	O	O	O	O	
di	O	O	O	O	
silenzio	O	O	O	O	
,	O	O	O	O	
e	O	O	O	O	
mi	O	O	O	O	
parve	O	O	O	O	
un	O	O	O	O	
secolo	O	O	O	O	
.	O	O	O	O	

Alla	O	O	O	O	
fine	O	O	O	O	
Federico	B-PER	O	O	O	
incrociò	O	O	O	O	
le	O	O	O	O	
braccia	O	O	O	O	
e	O	O	O	O	
sì	O	O	O	O	
appoggiò	O	O	O	O	
alla	O	O	O	O	
spalliera	O	O	O	O	
di	O	O	O	O	
una	O	O	O	O	
seggiola	O	O	O	O	
volgendosi	O	O	O	O	
verso	O	O	O	O	
di	O	O	O	O	
me	O	O	O	O	
.	O	O	O	O	

--	O	O	O	O	
Ti	O	O	O	O	
ricordi	O	O	O	O	
--	O	O	O	O	
egli	O	O	O	O	
mi	O	O	O	O	
disse	O	O	O	O	
--	O	O	O	O	
di	O	O	O	O	
venti	O	O	O	O	
anni	O	O	O	O	
fa	O	O	O	O	
quando	O	O	O	O	
passammo	O	O	O	O	
la	O	O	O	O	
domenica	O	O	O	O	
e	O	O	O	O	
il	O	O	O	O	
lunedì	O	O	O	O	
della	O	O	O	O	
Pentecoste	O	O	O	O	
in	O	O	O	O	
villa	O	B-FAC	O	O	
di	O	I-FAC	O	O	
Fausto	B-PER	I-FAC	O	O	
Rioni	I-PER	I-FAC	O	O	
,	O	O	O	O	
presso	O	O	O	O	
Sacile	B-GPE	O	O	O	
?	O	O	O	O	

--	O	O	O	O	
Sicuro	O	O	O	O	
che	O	O	O	O	
me	O	O	O	O	
ne	O	O	O	O	
ricordo	O	O	O	O	
--	O	O	O	O	
replicai	O	O	O	O	
,	O	O	O	O	
non	O	O	O	O	
intendendo	O	O	O	O	
bene	O	O	O	O	
ove	O	O	O	O	
egli	O	O	O	O	
volesse	O	O	O	O	
mirare	O	O	O	O	
.	O	O	O	O	

--	O	O	O	O	
Fausto	B-PER	O	O	O	
Rioni	I-PER	O	O	O	
che	O	O	O	O	
adesso	O	O	O	O	
è	O	O	O	O	
deputato	O	O	O	O	
...	O	O	O	O	
Ho	O	O	O	O	
perso	O	O	O	O	
di	O	O	O	O	
vista	O	O	O	O	
anche	O	O	O	O	
lui	O	O	O	O	
.	O	O	O	O	

--	O	O	O	O	
E	O	O	O	O	
quella	O	O	O	O	
nostra	O	O	O	O	
salita	O	O	O	O	
sul	O	O	O	O	
ciliegio	O	O	O	O	
,	O	O	O	O	
te	O	O	O	O	
ne	O	O	O	O	
rammenti	O	O	O	O	
?	O	O	O	O	

--	O	O	O	O	
Aspetta	O	O	O	O	
che	O	O	O	O	
mi	O	O	O	O	
raccapezzi	O	O	O	O	
...	O	O	O	O	
ah	O	O	O	O	
sì	O	O	O	O	
...	O	O	O	O	
sì	O	O	O	O	
.	O	O	O	O	

--	O	O	O	O	
Era	O	O	O	O	
il	O	O	O	O	
dopopranzo	O	O	O	O	
della	O	O	O	O	
domenica	O	O	O	O	
.	O	O	O	O	

Noi	O	O	O	O	
due	O	O	O	O	
ci	O	O	O	O	
si	O	O	O	O	
era	O	O	O	O	
arrampicati	O	O	O	O	
lì	O	O	O	O	
in	O	O	O	O	
alto	O	O	O	O	
e	O	O	O	O	
intanto	O	O	O	O	
una	B-PER	O	O	O	
mezza	I-PER	O	O	O	
dozzina	I-PER	O	O	O	
di	I-PER	O	O	O	
fanciulle	I-PER	O	O	O	
stavano	O	O	O	O	
a	O	O	O	O	
'	O	O	O	O	
piedi	O	O	O	O	
dell	O	O	O	O	
'	O	O	O	O	
albero	O	O	O	O	
,	O	O	O	O	
e	O	O	O	O	
gridavano	O	O	O	O	
--	O	O	O	O	
Coraggio	O	O	O	O	
dunque	O	O	O	O	
!	O	O	O	O	

Fate	O	O	O	O	
le	O	O	O	O	
cose	O	O	O	O	
a	O	O	O	O	
modo	O	O	O	O	
.	O	O	O	O	

--	O	O	O	O	
E	O	O	O	O	
noi	O	O	O	O	
spiccavamo	O	O	O	O	
le	O	O	O	O	
ciliegie	O	O	O	O	
fin	O	O	O	O	
dove	O	O	O	O	
ci	O	O	O	O	
si	O	O	O	O	
poteva	O	O	O	O	
arrivare	O	O	O	O	
con	O	O	O	O	
le	O	O	O	O	
mani	O	O	O	O	
,	O	O	O	O	
e	O	O	O	O	
poi	O	O	O	O	
scrollavamo	O	O	O	O	
i	O	O	O	O	
rami	O	O	O	O	
con	O	O	O	O	
quanto	O	O	O	O	
fiato	O	O	O	O	
ci	O	O	O	O	
restava	O	O	O	O	
in	O	O	O	O	
corpo	O	O	O	O	
.	O	O	O	O	

Era	O	O	O	O	
una	O	O	O	O	
pioggia	O	O	O	O	
di	O	O	O	O	
frutti	O	O	O	O	
,	O	O	O	O	
che	O	O	O	O	
le	B-PER	O	O	O	
bimbe	I-PER	O	O	O	
raccoglievano	O	O	O	O	
o	O	O	O	O	
nelle	O	O	O	O	
falde	O	O	O	O	
del	O	O	O	O	
vestito	O	O	O	O	
o	O	O	O	O	
nel	O	O	O	O	
grembialino	O	O	O	O	
spiegato	O	O	O	O	
...	O	O	O	O	
Di	O	O	O	O	
quelle	B-PER	O	O	O	
bimbe	I-PER	O	O	O	
tre	O	O	O	O	
erano	O	O	O	O	
le	B-PER	O	O	O	
sorelle	I-PER	O	O	O	
di	I-PER	O	O	O	
Fausto	I-PER	O	O	O	
,	O	O	O	O	
tre	O	O	O	O	
erano	O	O	O	O	
loro	B-PER	O	O	O	
amiche	I-PER	O	O	O	
...	O	O	O	O	
La	B-PER	O	O	O	
maggiore	I-PER	O	O	O	
poteva	O	O	O	O	
contare	O	O	O	O	
dieci	O	O	O	O	
anni	O	O	O	O	
...	O	O	O	O	
Era	O	O	O	O	
una	B-PER	O	O	O	
fanciulla	I-PER	O	O	O	
alta	I-PER	O	O	O	
,	I-PER	O	O	O	
bionda	I-PER	O	O	O	
,	O	O	O	O	
con	O	O	O	O	
due	O	O	O	O	
lunghe	O	O	O	O	
treccie	O	O	O	O	
che	O	O	O	O	
le	O	O	O	O	
cadevano	O	O	O	O	
giù	O	O	O	O	
per	O	O	O	O	
le	O	O	O	O	
spalle	O	O	O	O	
...	O	O	O	O	
con	O	O	O	O	
due	O	O	O	O	
grandi	O	O	O	O	
occhi	O	O	O	O	
azzurri	O	O	O	O	
,	O	O	O	O	
pieni	O	O	O	O	
di	O	O	O	O	
dolcezza	O	O	O	O	
e	O	O	O	O	
d	O	O	O	O	
'	O	O	O	O	
ingenuità	O	O	O	O	
...	O	O	O	O	
--	O	O	O	O	
Oh	O	O	O	O	
adesso	O	O	O	O	
che	O	O	O	O	
ci	O	O	O	O	
penso	O	O	O	O	
--	O	O	O	O	
esclamai	O	O	O	O	
--	O	O	O	O	
L	O	O	O	O	
'	O	O	O	O	
ho	O	O	O	O	
presente	O	O	O	O	
anch	O	O	O	O	
'	O	O	O	O	
io	O	O	O	O	
...	O	O	O	O	
Lascia	O	O	O	O	
ch	O	O	O	O	
'	O	O	O	O	
io	O	O	O	O	
compia	O	O	O	O	
la	O	O	O	O	
tua	O	O	O	O	
descrizione	O	O	O	O	
...	O	O	O	O	
Le	O	O	O	O	
sue	O	O	O	O	
treccie	O	O	O	O	
bionde	O	O	O	O	
erano	O	O	O	O	
annodate	O	O	O	O	
da	O	O	O	O	
due	O	O	O	O	
fettuccie	O	O	O	O	
di	O	O	O	O	
seta	O	O	O	O	
blù	O	O	O	O	
...	O	O	O	O	
--	O	O	O	O	
È	O	O	O	O	
vero	O	O	O	O	
...	O	O	O	O	
--	O	O	O	O	
Vestiva	O	O	O	O	
un	O	O	O	O	
abitino	O	O	O	O	
di	O	O	O	O	
percallo	O	O	O	O	
bianco	O	O	O	O	
con	O	O	O	O	
fioretti	O	O	O	O	
rossi	O	O	O	O	
...	O	O	O	O	
--	O	O	O	O	
Sì	O	O	O	O	
,	O	O	O	O	
sì	O	O	O	O	
.	O	O	O	O	

--	O	O	O	O	
La	O	O	O	O	
chiamavano	O	O	O	O	
...	O	O	O	O	
Oh	O	O	O	O	
!	O	O	O	O	

qui	O	O	O	O	
la	O	O	O	O	
memoria	O	O	O	O	
mi	O	O	O	O	
tradisce	O	O	O	O	
...	O	O	O	O	
--	O	O	O	O	
La	O	O	O	O	
chiamavano	O	O	O	O	
Virginia	B-PER	O	O	O	
.	O	O	O	O	

--	O	O	O	O	
Sicuro	O	O	O	O	
,	O	O	O	O	
Virginia	B-PER	O	O	O	
.	O	O	O	O	

Ebbene	O	O	O	O	
?	O	O	O	O	

--	O	O	O	O	
Ebbene	O	O	O	O	
,	O	O	O	O	
parecchi	O	O	O	O	
anni	O	O	O	O	
dopo	O	O	O	O	
quella	B-PER	O	O	O	
fanciulla	I-PER	O	O	O	
divenne	O	O	O	O	
mia	B-PER	O	O	O	
moglie	I-PER	O	O	O	
.	O	O	O	O	

Mi	O	O	O	O	
guardai	O	O	O	O	
intorno	O	O	O	O	
.	O	O	O	O	

La	O	B-FAC	O	O	
camera	O	I-FAC	O	O	
da	O	I-FAC	O	O	
letto	O	I-FAC	O	O	
di	O	I-FAC	O	O	
Federico	B-PER	I-FAC	O	O	
non	O	O	O	O	
era	O	O	O	O	
una	B-FAC	O	O	O	
camera	I-FAC	O	O	O	
nuziale	I-FAC	O	O	O	
.	O	O	O	O	

Indovinai	O	O	O	O	
un	O	O	O	O	
lutto	O	O	O	O	
domestico	O	O	O	O	
:	O	O	O	O	
--	O	O	O	O	
È	O	O	O	O	
morta	O	O	O	O	
...	O	O	O	O	
forse	O	O	O	O	
?	O	O	O	O	

--	O	O	O	O	
chiesi	O	O	O	O	
con	O	O	O	O	
esitazione	O	O	O	O	
.	O	O	O	O	

Il	B-PER	O	O	O	
Vivaldi	I-PER	O	O	O	
chinò	O	O	O	O	
il	O	O	O	O	
capo	O	O	O	O	
con	O	O	O	O	
un	O	O	O	O	
cenno	O	O	O	O	
affermativo	O	O	O	O	
,	O	O	O	O	
e	O	O	O	O	
si	O	O	O	O	
portò	O	O	O	O	
la	O	O	O	O	
mano	O	O	O	O	
sugli	O	O	O	O	
occhi	O	O	O	O	
.	O	O	O	O	

--	O	O	O	O	
E	O	O	O	O	
da	O	O	O	O	
poco	O	O	O	O	
tempo	O	O	O	O	
?	O	O	O	O	

--	O	O	O	O	
continuai	O	O	O	O	
.	O	O	O	O	

--	O	O	O	O	
Oh	O	O	O	O	
...	O	O	O	O	
no	O	O	O	O	
--	O	O	O	O	
egli	O	O	O	O	
rispose	O	O	O	O	
--	O	O	O	O	
dal	O	O	O	O	
marzo	O	O	O	O	
del	O	O	O	O	
1866	O	O	O	O	
.	O	O	O	O	

--	O	O	O	O	
Povero	B-PER	O	O	O	
amico	I-PER	O	O	O	
!	O	O	O	O	

--	O	O	O	O	
diss	O	O	O	O	
'	O	O	O	O	
io	O	O	O	O	
commiserandolo	O	O	O	O	
sinceramente	O	O	O	O	
e	O	O	O	O	
rispettando	O	O	O	O	
un	O	O	O	O	
dolore	O	O	O	O	
che	O	O	O	O	
si	O	O	O	O	
manteneva	O	O	O	O	
così	O	O	O	O	
vivo	O	O	O	O	
dopo	O	O	O	O	
più	O	O	O	O	
di	O	O	O	O	
nove	O	O	O	O	
anni	O	O	O	O	
.	O	O	O	O	

--	O	O	O	O	
Ma	O	O	O	O	
che	O	O	O	O	
c	O	O	O	O	
'	O	O	O	O	
entra	O	O	O	O	
in	O	O	O	O	
tutto	O	O	O	O	
ciò	O	O	O	O	
l	O	O	O	O	
'	O	O	O	O	
orologio	O	O	O	O	
,	O	O	O	O	
tu	O	O	O	O	
mi	O	O	O	O	
chiederai	O	O	O	O	
?	O	O	O	O	

--	O	O	O	O	
egli	O	O	O	O	
ripigliò	O	O	O	O	
dopo	O	O	O	O	
una	O	O	O	O	
brevissima	O	O	O	O	
pausa	O	O	O	O	
.	O	O	O	O	

Federico	B-PER	O	O	O	
aveva	O	O	O	O	
côlto	O	O	O	O	
il	O	O	O	O	
mio	O	O	O	O	
pensiero	O	O	O	O	
.	O	O	O	O	

Io	O	O	O	O	
stavo	O	O	O	O	
infatti	O	O	O	O	
tormentandomi	O	O	O	O	
il	O	O	O	O	
cervello	O	O	O	O	
per	O	O	O	O	
iscoprire	O	O	O	O	
la	O	O	O	O	
relazione	O	O	O	O	
fra	O	O	O	O	
la	O	O	O	O	
morte	O	O	O	O	
della	O	O	O	O	
Virginia	B-PER	O	O	O	
e	O	O	O	O	
l	O	O	O	O	
'	O	O	O	O	
incidente	O	O	O	O	
che	O	O	O	O	
aveva	O	O	O	O	
commosso	O	O	O	O	
in	O	O	O	O	
modo	O	O	O	O	
sì	O	O	O	O	
strano	O	O	O	O	
l	B-PER	O	O	O	
'	I-PER	O	O	O	
amico	I-PER	O	O	O	
mio	I-PER	O	O	O	
.	O	O	O	O	

--	O	O	O	O	
Quando	O	O	O	O	
la	B-PER	O	O	O	
Virginia	I-PER	O	O	O	
infermò	O	O	O	O	
--	O	O	O	O	
egli	O	O	O	O	
disse	O	O	O	O	
--	O	O	O	O	
erano	O	O	O	O	
sei	O	O	O	O	
mesi	O	O	O	O	
ch	O	O	O	O	
'	O	O	O	O	
io	O	O	O	O	
l	O	O	O	O	
'	O	O	O	O	
avevo	O	O	O	O	
sposata	O	O	O	O	
...	O	O	O	O	
sei	O	O	O	O	
mesi	O	O	O	O	
di	O	O	O	O	
una	O	O	O	O	
felicità	O	O	O	O	
senza	O	O	O	O	
nube	O	O	O	O	
...	O	O	O	O	
Da	O	O	O	O	
che	O	O	O	O	
male	O	O	O	O	
ella	O	O	O	O	
fosse	O	O	O	O	
presa	O	O	O	O	
,	O	O	O	O	
non	O	O	O	O	
lo	O	O	O	O	
so	O	O	O	O	
;	O	O	O	O	
non	O	O	O	O	
lo	O	O	O	O	
seppero	O	O	O	O	
i	B-PER	O	O	O	
medici	I-PER	O	O	O	
,	O	O	O	O	
non	O	O	O	O	
lo	O	O	O	O	
seppe	O	O	O	O	
nessuno	B-PER	O	O	O	
...	O	O	O	O	
Ella	O	O	O	O	
non	O	O	O	O	
soffriva	O	O	O	O	
...	O	O	O	O	
moriva	O	O	O	O	
a	O	O	O	O	
oncia	O	O	O	O	
a	O	O	O	O	
oncia	O	O	O	O	
.	O	O	O	O	

Ma	O	O	O	O	
non	O	O	O	O	
lo	O	O	O	O	
credevamo	O	O	O	O	
nè	O	O	O	O	
lei	O	O	O	O	
,	O	O	O	O	
nè	O	O	O	O	
io	O	O	O	O	
,	O	O	O	O	
e	O	O	O	O	
facevamo	O	O	O	O	
piani	O	O	O	O	
per	O	O	O	O	
l	O	O	O	O	
'	O	O	O	O	
avvenire	O	O	O	O	
...	O	O	O	O	
Appena	O	O	O	O	
ella	O	O	O	O	
fosse	O	O	O	O	
guarita	O	O	O	O	
,	O	O	O	O	
avremmo	O	O	O	O	
piantato	O	O	O	O	
nuove	B-LOC	O	O	O	
aiuole	I-LOC	O	O	O	
di	I-LOC	O	O	O	
fiori	I-LOC	O	O	O	
nel	O	O	O	O	
nostro	B-LOC	O	O	O	
giardinetto	I-LOC	O	O	O	
,	O	O	O	O	
avremmo	O	O	O	O	
rimesso	O	O	O	O	
a	O	O	O	O	
nuovo	O	O	O	O	
,	O	O	O	O	
secondo	O	O	O	O	
le	O	O	O	O	
nostre	O	O	O	O	
modeste	O	O	O	O	
fortune	O	O	O	O	
,	O	O	O	O	
una	B-FAC	O	O	O	
parte	I-FAC	O	O	O	
della	I-FAC	O	O	O	
casa	I-FAC	O	O	O	
.	O	O	O	O	

--	O	O	O	O	
Per	O	O	O	O	
esempio	O	O	O	O	
--	O	O	O	O	
ella	O	O	O	O	
osservò	O	O	O	O	
un	O	O	O	O	
giorno	O	O	O	O	
ridendo	O	O	O	O	
e	O	O	O	O	
additando	O	O	O	O	
quello	O	O	O	O	
che	O	O	O	O	
tu	O	O	O	O	
chiamavi	O	O	O	O	
giustamente	O	O	O	O	
un	O	O	O	O	
oggetto	O	O	O	O	
da	O	O	O	O	
museo	B-FAC	O	O	O	
--	O	O	O	O	
per	O	O	O	O	
esempio	O	O	O	O	
sarebbe	O	O	O	O	
assai	O	O	O	O	
bene	O	O	O	O	
poter	O	O	O	O	
cambiare	O	O	O	O	
quell	O	O	O	O	
'	O	O	O	O	
orologio	O	O	O	O	
antidiluviano	O	O	O	O	
.	O	O	O	O	

--	O	O	O	O	
Io	O	O	O	O	
le	O	O	O	O	
promisi	O	O	O	O	
che	O	O	O	O	
avremmo	O	O	O	O	
fatto	O	O	O	O	
apposta	O	O	O	O	
una	O	O	O	O	
gita	O	O	O	O	
insieme	O	O	O	O	
a	O	O	O	O	
Venezia	B-GPE	O	O	O	
per	O	O	O	O	
comperare	O	O	O	O	
una	O	O	O	O	
cosa	O	O	O	O	
di	O	O	O	O	
suo	O	O	O	O	
gusto	O	O	O	O	
.	O	O	O	O	

Ne	O	O	O	O	
fu	O	O	O	O	
tanto	O	O	O	O	
contenta	O	O	O	O	
,	O	O	O	O	
la	O	O	O	O	
poveretta	O	O	O	O	
.	O	O	O	O	

Eravamo	O	O	O	O	
noi	O	O	O	O	
due	O	O	O	O	
soli	O	O	O	O	
.	O	O	O	O	

I	B-PER	O	O	O	
suoi	I-PER	O	O	O	
genitori	I-PER	O	O	O	
eran	O	O	O	O	
morti	O	O	O	O	
,	O	O	O	O	
ero	O	O	O	O	
orfano	B-PER	O	O	O	
anch	O	O	O	O	
'	O	O	O	O	
io	O	O	O	O	
.	O	O	O	O	

Del	O	O	O	O	
resto	O	O	O	O	
,	O	O	O	O	
io	O	O	O	O	
non	O	O	O	O	
volevo	O	O	O	O	
cedere	O	O	O	O	
a	O	O	O	O	
nessuno	B-PER	O	O	O	
il	O	O	O	O	
privilegio	O	O	O	O	
di	O	O	O	O	
vegliare	O	O	O	O	
mia	B-PER	O	O	O	
moglie	I-PER	O	O	O	
.	O	O	O	O	

Quante	O	O	O	O	
notti	O	O	O	O	
sedetti	O	O	O	O	
,	O	O	O	O	
senza	O	O	O	O	
chiuder	O	O	O	O	
occhio	O	O	O	O	
,	O	O	O	O	
al	O	O	O	O	
suo	O	O	O	O	
letto	O	O	O	O	
!	O	O	O	O	

Ella	O	O	O	O	
si	O	O	O	O	
assopiva	O	O	O	O	
,	O	O	O	O	
poi	O	O	O	O	
si	O	O	O	O	
destava	O	O	O	O	
,	O	O	O	O	
mi	O	O	O	O	
diceva	O	O	O	O	
una	O	O	O	O	
parola	O	O	O	O	
affettuosa	O	O	O	O	
e	O	O	O	O	
tornava	O	O	O	O	
a	O	O	O	O	
cedere	O	O	O	O	
al	O	O	O	O	
sonno	O	O	O	O	
.	O	O	O	O	

Per	O	O	O	O	
ore	O	O	O	O	
ed	O	O	O	O	
ore	O	O	O	O	
non	O	O	O	O	
si	O	O	O	O	
sentiva	O	O	O	O	
nella	O	O	O	O	
camera	B-FAC	O	O	O	
che	O	O	O	O	
il	O	O	O	O	
suo	O	O	O	O	
respiro	O	O	O	O	
e	O	O	O	O	
il	O	O	O	O	
tic	O	O	O	O	
-	O	O	O	O	
tac	O	O	O	O	
dell	O	O	O	O	
'	O	O	O	O	
orologio	O	O	O	O	
.	O	O	O	O	

Quanto	O	O	O	O	
a	O	O	O	O	
me	O	O	O	O	
,	O	O	O	O	
se	O	O	O	O	
non	O	O	O	O	
fosse	O	O	O	O	
assurdo	O	O	O	O	
,	O	O	O	O	
direi	O	O	O	O	
che	O	O	O	O	
non	O	O	O	O	
respiravo	O	O	O	O	
neppure	O	O	O	O	
,	O	O	O	O	
tanto	O	O	O	O	
la	O	O	O	O	
mia	O	O	O	O	
vita	O	O	O	O	
era	O	O	O	O	
confusa	O	O	O	O	
con	O	O	O	O	
quella	O	O	O	O	
dell	O	O	O	O	
'	O	O	O	O	
amata	B-PER	O	O	O	
creatura	I-PER	O	O	O	
che	O	O	O	O	
mi	O	O	O	O	
languiva	O	O	O	O	
davanti	O	O	O	O	
.	O	O	O	O	

Una	O	O	O	O	
notte	O	O	O	O	
che	O	O	O	O	
la	O	O	O	O	
vedevo	O	O	O	O	
più	O	O	O	O	
inquieta	O	O	O	O	
del	O	O	O	O	
solito	O	O	O	O	
,	O	O	O	O	
le	O	O	O	O	
domandai	O	O	O	O	
:	O	O	O	O	
--	O	O	O	O	
Ti	O	O	O	O	
reca	O	O	O	O	
disturbo	O	O	O	O	
il	O	O	O	O	
battito	O	O	O	O	
dell	O	O	O	O	
'	O	O	O	O	
orologio	O	O	O	O	
?	O	O	O	O	

--	O	O	O	O	
Oh	O	O	O	O	
no	O	O	O	O	
--	O	O	O	O	
rispos	O	O	O	O	
'	O	O	O	O	
ella	O	O	O	O	
--	O	O	O	O	
tutt	O	O	O	O	
'	O	O	O	O	
altro	O	O	O	O	
.	O	O	O	O	

Era	O	O	O	O	
un	O	O	O	O	
orologio	O	O	O	O	
che	O	O	O	O	
si	O	O	O	O	
caricava	O	O	O	O	
ogni	O	O	O	O	
otto	O	O	O	O	
giorni	O	O	O	O	
.	O	O	O	O	

Finchè	O	O	O	O	
la	B-PER	O	O	O	
Virginia	I-PER	O	O	O	
era	O	O	O	O	
sana	O	O	O	O	
,	O	O	O	O	
ci	O	O	O	O	
pensava	O	O	O	O	
lei	O	O	O	O	
;	O	O	O	O	
durante	O	O	O	O	
la	O	O	O	O	
sua	O	O	O	O	
malattia	O	O	O	O	
ero	O	O	O	O	
succeduto	O	O	O	O	
io	O	O	O	O	
nell	O	O	O	O	
'	O	O	O	O	
ufficio	B-FAC	O	O	O	
.	O	O	O	O	

Ma	O	O	O	O	
i	O	O	O	O	
patimenti	O	O	O	O	
del	O	O	O	O	
corpo	O	O	O	O	
e	O	O	O	O	
le	O	O	O	O	
angustie	O	O	O	O	
dell	O	O	O	O	
'	O	O	O	O	
animo	O	O	O	O	
mi	O	O	O	O	
avevano	O	O	O	O	
tolto	O	O	O	O	
il	O	O	O	O	
giusto	O	O	O	O	
concetto	O	O	O	O	
del	O	O	O	O	
tempo	O	O	O	O	
e	O	O	O	O	
avevano	O	O	O	O	
scompigliato	O	O	O	O	
la	O	O	O	O	
mia	O	O	O	O	
memoria	O	O	O	O	
;	O	O	O	O	
una	O	O	O	O	
settimana	O	O	O	O	
caricai	O	O	O	O	
l	O	O	O	O	
'	O	O	O	O	
orologio	O	O	O	O	
per	O	O	O	O	
due	O	O	O	O	
giorni	O	O	O	O	
di	O	O	O	O	
fila	O	O	O	O	
,	O	O	O	O	
un	O	O	O	O	
'	O	O	O	O	
altra	O	O	O	O	
me	O	O	O	O	
ne	O	O	O	O	
scordai	O	O	O	O	
affatto	O	O	O	O	
.	O	O	O	O	

Il	O	O	O	O	
29	O	O	O	O	
marzo	O	O	O	O	
del	O	O	O	O	
66	O	O	O	O	
era	O	O	O	O	
il	O	O	O	O	
giovedì	O	O	O	O	
santo	O	O	O	O	
.	O	O	O	O	

Mi	O	O	O	O	
dimenticherò	O	O	O	O	
di	O	O	O	O	
tutto	O	O	O	O	
,	O	O	O	O	
non	O	O	O	O	
mi	O	O	O	O	
dimenticherò	O	O	O	O	
mai	O	O	O	O	
di	O	O	O	O	
quel	O	O	O	O	
giorno	O	O	O	O	
.	O	O	O	O	

Nella	O	O	O	O	
mattina	O	O	O	O	
la	B-PER	O	O	O	
Virginia	I-PER	O	O	O	
aveva	O	O	O	O	
discorso	O	O	O	O	
della	O	O	O	O	
Pasqua	O	O	O	O	
precedente	O	O	O	O	
quando	O	O	O	O	
noi	O	O	O	O	
ci	O	O	O	O	
preparavamo	O	O	O	O	
alle	O	O	O	O	
nozze	O	O	O	O	
,	O	O	O	O	
così	O	O	O	O	
lieti	O	O	O	O	
da	O	O	O	O	
non	O	O	O	O	
dover	O	O	O	O	
invidiare	O	O	O	O	
i	B-PER	O	O	O	
più	I-PER	O	O	O	
gran	I-PER	O	O	O	
re	I-PER	O	O	O	
della	O	O	O	O	
terra	B-LOC	O	O	O	
.	O	O	O	O	

--	O	O	O	O	
Saremo	O	O	O	O	
felici	O	O	O	O	
anche	O	O	O	O	
l	O	O	O	O	
'	O	O	O	O	
anno	O	O	O	O	
venturo	O	O	O	O	
,	O	O	O	O	
non	O	O	O	O	
è	O	O	O	O	
vero	O	O	O	O	
?	O	O	O	O	

--	O	O	O	O	
ella	O	O	O	O	
soggiunse	O	O	O	O	
,	O	O	O	O	
e	O	O	O	O	
per	O	O	O	O	
la	O	O	O	O	
prima	O	O	O	O	
volta	O	O	O	O	
mi	O	O	O	O	
parve	O	O	O	O	
di	O	O	O	O	
avvertire	O	O	O	O	
nella	O	O	O	O	
sua	O	O	O	O	
voce	O	O	O	O	
un	O	O	O	O	
leggero	O	O	O	O	
accento	O	O	O	O	
dubitativo	O	O	O	O	
che	O	O	O	O	
mi	O	O	O	O	
mise	O	O	O	O	
i	O	O	O	O	
brividi	O	O	O	O	
.	O	O	O	O	

Il	B-PER	O	O	O	
medico	I-PER	O	O	O	
,	O	O	O	O	
dopo	O	O	O	O	
la	O	O	O	O	
sua	O	O	O	O	
visita	O	O	O	O	
,	O	O	O	O	
scrollò	O	O	O	O	
il	O	O	O	O	
capo	O	O	O	O	
,	O	O	O	O	
ma	O	O	O	O	
non	O	O	O	O	
accennò	O	O	O	O	
a	O	O	O	O	
nessun	O	O	O	O	
pericolo	O	O	O	O	
imminente	O	O	O	O	
.	O	O	O	O	

Sulle	O	O	O	O	
quattro	O	O	O	O	
del	O	O	O	O	
pomeriggio	O	O	O	O	
la	B-PER	O	O	O	
Virginia	I-PER	O	O	O	
mi	O	O	O	O	
pregò	O	O	O	O	
che	O	O	O	O	
le	O	O	O	O	
sciogliessi	O	O	O	O	
i	O	O	O	O	
capelli	O	O	O	O	
;	O	O	O	O	
i	O	O	O	O	
legacci	O	O	O	O	
le	O	O	O	O	
davano	O	O	O	O	
molestia	O	O	O	O	
.	O	O	O	O	

Obbedii	O	O	O	O	
,	O	O	O	O	
e	O	O	O	O	
le	O	O	O	O	
sue	O	O	O	O	
belle	O	O	O	O	
treccie	O	O	O	O	
bionde	O	O	O	O	
le	O	O	O	O	
scesero	O	O	O	O	
giù	O	O	O	O	
per	O	O	O	O	
le	O	O	O	O	
spalle	O	O	O	O	
.	O	O	O	O	

--	O	O	O	O	
E	O	O	O	O	
pensare	O	O	O	O	
che	O	O	O	O	
bisognerà	O	O	O	O	
tagliarle	O	O	O	O	
se	O	O	O	O	
guarirò	O	O	O	O	
.	O	O	O	O	

--	O	O	O	O	
Ella	O	O	O	O	
vide	O	O	O	O	
l	O	O	O	O	
'	O	O	O	O	
espressione	O	O	O	O	
desolata	O	O	O	O	
del	O	O	O	O	
mio	O	O	O	O	
volto	O	O	O	O	
e	O	O	O	O	
corresse	O	O	O	O	
la	O	O	O	O	
frase	O	O	O	O	
--	O	O	O	O	
quandoguarirò	O	O	O	O	
.	O	O	O	O	

--	O	O	O	O	
Indi	O	O	O	O	
mi	O	O	O	O	
disse	O	O	O	O	
:	O	O	O	O	
--	O	O	O	O	
Apri	O	O	O	O	
un	O	O	O	O	
momento	O	O	O	O	
la	O	O	O	O	
finestra	O	O	O	O	
.	O	O	O	O	

È	O	O	O	O	
ormai	O	O	O	O	
la	O	O	O	O	
primavera	O	O	O	O	
.	O	O	O	O	

--	O	O	O	O	
Io	O	O	O	O	
mi	O	O	O	O	
movevo	O	O	O	O	
come	O	O	O	O	
un	B-PER	O	O	O	
automa	I-PER	O	O	O	
senza	O	O	O	O	
profferire	O	O	O	O	
una	O	O	O	O	
parola	O	O	O	O	
.	O	O	O	O	

--	O	O	O	O	
Oh	O	O	O	O	
come	O	O	O	O	
è	O	O	O	O	
bello	O	O	O	O	
!	O	O	O	O	

--	O	O	O	O	
ella	O	O	O	O	
sclamò	O	O	O	O	
contemplando	O	O	O	O	
dal	O	O	O	O	
suo	O	O	O	O	
letto	O	O	O	O	
parte	O	O	O	O	
di	O	O	O	O	
quell	O	O	O	O	
'	O	O	O	O	
orizzonte	O	O	O	O	
che	O	O	O	O	
tu	O	O	O	O	
ammiravi	O	O	O	O	
poco	O	O	O	O	
fa	O	O	O	O	
.	O	O	O	O	

--	O	O	O	O	
Basta	O	O	O	O	
,	O	O	O	O	
adesso	O	O	O	O	
...	O	O	O	O	
Puoi	O	O	O	O	
chiudere	O	O	O	O	
.	O	O	O	O	

--	O	O	O	O	
Ella	O	O	O	O	
abbassò	O	O	O	O	
le	O	O	O	O	
palpebre	O	O	O	O	
e	O	O	O	O	
cadde	O	O	O	O	
in	O	O	O	O	
un	O	O	O	O	
sopore	O	O	O	O	
.	O	O	O	O	

Le	O	O	O	O	
sedetti	O	O	O	O	
vicino	O	O	O	O	
prendendole	O	O	O	O	
una	O	O	O	O	
mano	O	O	O	O	
che	O	O	O	O	
penzolava	O	O	O	O	
fuor	O	O	O	O	
delle	O	O	O	O	
coltri	O	O	O	O	
.	O	O	O	O	

Il	O	O	O	O	
suo	O	O	O	O	
alito	O	O	O	O	
era	O	O	O	O	
lieve	O	O	O	O	
lieve	O	O	O	O	
;	O	O	O	O	
nel	O	O	O	O	
suo	O	O	O	O	
volto	O	O	O	O	
c	O	O	O	O	
'	O	O	O	O	
era	O	O	O	O	
una	O	O	O	O	
pace	O	O	O	O	
di	O	O	O	O	
paradiso	O	O	O	O	
.	O	O	O	O	

Avrei	O	O	O	O	
voluto	O	O	O	O	
chiamar	O	O	O	O	
qualcheduno	B-PER	O	O	O	
,	O	O	O	O	
ma	O	O	O	O	
mi	O	O	O	O	
sentivo	O	O	O	O	
come	O	O	O	O	
inchiodato	O	O	O	O	
sopra	O	O	O	O	
la	O	O	O	O	
sedia	O	O	O	O	
.	O	O	O	O	

Andava	O	O	O	O	
facendosi	O	O	O	O	
buio	O	O	O	O	
;	O	O	O	O	
la	O	O	O	O	
luce	O	O	O	O	
che	O	O	O	O	
penetrava	O	O	O	O	
nella	O	O	O	O	
camera	B-FAC	O	O	O	
attraverso	O	O	O	O	
le	O	O	O	O	
stecche	O	O	O	O	
delle	O	O	O	O	
persiane	O	O	O	O	
diveniva	O	O	O	O	
sempre	O	O	O	O	
più	O	O	O	O	
debole	O	O	O	O	
.	O	O	O	O	

L	O	O	O	O	
'	O	O	O	O	
orologio	O	O	O	O	
misurava	O	O	O	O	
gli	O	O	O	O	
eterni	O	O	O	O	
minuti	O	O	O	O	
col	O	O	O	O	
suo	O	O	O	O	
uniforme	O	O	O	O	
tic	O	O	O	O	
-	O	O	O	O	
tac	O	O	O	O	
,	O	O	O	O	
tic	O	O	O	O	
-	O	O	O	O	
tac	O	O	O	O	
.	O	O	O	O	

Ad	O	O	O	O	
un	O	O	O	O	
tratto	O	O	O	O	
il	O	O	O	O	
tic	O	O	O	O	
-	O	O	O	O	
tac	O	O	O	O	
cessò	O	O	O	O	
.	O	O	O	O	

--	O	O	O	O	
L	O	O	O	O	
'	O	O	O	O	
orologio	O	O	O	O	
s	O	O	O	O	
'	O	O	O	O	
è	O	O	O	O	
fermato	O	O	O	O	
--	O	O	O	O	
disse	O	O	O	O	
la	B-PER	O	O	O	
Virginia	I-PER	O	O	O	
con	O	O	O	O	
voce	O	O	O	O	
quasi	O	O	O	O	
impercettibile	O	O	O	O	
.	O	O	O	O	

Nello	O	O	O	O	
stesso	O	O	O	O	
tempo	O	O	O	O	
ella	O	O	O	O	
mise	O	O	O	O	
un	O	O	O	O	
sospiro	O	O	O	O	
,	O	O	O	O	
e	O	O	O	O	
la	O	O	O	O	
sua	O	O	O	O	
mano	O	O	O	O	
,	O	O	O	O	
prima	O	O	O	O	
si	O	O	O	O	
agitò	O	O	O	O	
con	O	O	O	O	
un	O	O	O	O	
tremito	O	O	O	O	
,	O	O	O	O	
poi	O	O	O	O	
si	O	O	O	O	
irrigidì	O	O	O	O	
nella	O	O	O	O	
mia	O	O	O	O	
...	O	O	O	O	
Accorse	O	O	O	O	
gente	O	O	O	O	
,	O	O	O	O	
si	O	O	O	O	
accesero	O	O	O	O	
i	O	O	O	O	
lumi	O	O	O	O	
.	O	O	O	O	

Virginia	B-PER	O	O	O	
era	O	O	O	O	
morta	O	O	O	O	
.	O	O	O	O	

L	O	O	O	O	
'	O	O	O	O	
orologio	O	O	O	O	
,	O	O	O	O	
fermo	O	O	O	O	
,	O	O	O	O	
segnava	O	O	O	O	
le	O	O	O	O	
6	O	O	O	O	
.	O	O	O	O	

15	O	O	O	O	
...	O	O	O	O	
Tu	O	O	O	O	
piangi	O	O	O	O	
,	O	O	O	O	
amico	B-PER	O	O	O	
mio	I-PER	O	O	O	
?	O	O	O	O	

...	O	O	O	O	
Oh	O	O	O	O	
lo	O	O	O	O	
so	O	O	O	O	
che	O	O	O	O	
tu	O	O	O	O	
avevi	O	O	O	O	
sempre	O	O	O	O	
buon	O	O	O	O	
cuore	O	O	O	O	
.	O	O	O	O	

Federico	B-PER	O	O	O	
mi	O	O	O	O	
baciò	O	O	O	O	
più	O	O	O	O	
volte	O	O	O	O	
singhiozzando	O	O	O	O	
.	O	O	O	O	

Quand	O	O	O	O	
'	O	O	O	O	
egli	O	O	O	O	
si	O	O	O	O	
fu	O	O	O	O	
alquanto	O	O	O	O	
calmato	O	O	O	O	
--	O	O	O	O	
Non	O	O	O	O	
so	O	O	O	O	
come	O	O	O	O	
le	O	O	O	O	
sopravvissi	O	O	O	O	
--	O	O	O	O	
egli	O	O	O	O	
soggiunse	O	O	O	O	
.	O	O	O	O	

--	O	O	O	O	
Per	O	O	O	O	
buona	O	O	O	O	
fortuna	O	O	O	O	
non	O	O	O	O	
tardò	O	O	O	O	
a	O	O	O	O	
scoppiare	O	O	O	O	
la	O	O	O	O	
guerra	O	O	O	O	
.	O	O	O	O	

Corsi	O	O	O	O	
subito	O	O	O	O	
ad	O	O	O	O	
arruolarmi	O	O	O	O	
con	O	O	O	O	
Garibaldi	B-PER	O	O	O	
,	O	O	O	O	
invocando	O	O	O	O	
una	O	O	O	O	
palla	O	O	O	O	
che	O	O	O	O	
mi	O	O	O	O	
togliesse	O	O	O	O	
di	O	O	O	O	
pena	O	O	O	O	
.	O	O	O	O	

Sa	O	O	O	O	
Iddio	B-PER	O	O	O	
se	O	O	O	O	
l	O	O	O	O	
'	O	O	O	O	
ho	O	O	O	O	
cercata	O	O	O	O	
,	O	O	O	O	
ma	O	O	O	O	
non	O	O	O	O	
trovai	O	O	O	O	
che	O	O	O	O	
una	O	O	O	O	
palla	O	O	O	O	
spuria	O	O	O	O	
...	O	O	O	O	
la	O	O	O	O	
quale	O	O	O	O	
mi	O	O	O	O	
ferì	O	O	O	O	
ad	O	O	O	O	
un	O	O	O	O	
braccio	O	O	O	O	
...	O	O	O	O	
Quando	O	O	O	O	
potei	O	O	O	O	
lasciare	O	O	O	O	
l	B-VEH	O	O	O	
'	I-VEH	O	O	O	
ambulanza	I-VEH	O	O	O	
era	O	O	O	O	
già	O	O	O	O	
sottoscritto	O	O	O	O	
l	O	O	O	O	
'	O	O	O	O	
armistizio	O	O	O	O	
...	O	O	O	O	
Tornai	O	O	O	O	
a	O	O	O	O	
casa	B-FAC	O	O	O	
ove	O	O	O	O	
secondo	O	O	O	O	
i	O	O	O	O	
miei	O	O	O	O	
ordini	O	O	O	O	
nessuno	B-PER	O	O	O	
aveva	O	O	O	O	
toccato	O	O	O	O	
l	O	O	O	O	
'	O	O	O	O	
orologio	O	O	O	O	
....	O	O	O	O	
.	O	O	O	O	

Mi	O	O	O	O	
rassegnai	O	O	O	O	
a	O	O	O	O	
vivere	O	O	O	O	
ma	O	O	O	O	
non	O	O	O	O	
c	O	O	O	O	
'	O	O	O	O	
è	O	O	O	O	
più	O	O	O	O	
gioia	O	O	O	O	
per	O	O	O	O	
me	O	O	O	O	
...	O	O	O	O	
orsù	O	O	O	O	
,	O	O	O	O	
vuoi	O	O	O	O	
uscire	O	O	O	O	
?	O	O	O	O	

Mi	O	O	O	O	
offrì	O	O	O	O	
un	O	O	O	O	
sigaro	O	O	O	O	
e	O	O	O	O	
mi	O	O	O	O	
prese	O	O	O	O	
per	O	O	O	O	
il	O	O	O	O	
braccio	O	O	O	O	
.	O	O	O	O	

Allorchè	O	O	O	O	
fui	O	O	O	O	
sulla	O	O	O	O	
soglia	O	O	O	O	
non	O	O	O	O	
potei	O	O	O	O	
a	O	O	O	O	
meno	O	O	O	O	
di	O	O	O	O	
voltarmi	O	O	O	O	
indietro	O	O	O	O	
.	O	O	O	O	

L	O	O	O	O	
'	O	O	O	O	
orologio	O	O	O	O	
,	O	O	O	O	
fermo	O	O	O	O	
,	O	O	O	O	
segnava	O	O	O	O	
le	O	O	O	O	
6	O	O	O	O	
.	O	O	O	O	

15	O	O	O	O	
.	O	O	O	O	

LA	O	O	O	O	
LETTERA	O	O	O	O	
DI	O	O	O	O	
MARGHERITA	B-PER	O	O	O	
È	O	O	O	O	
una	O	O	O	O	
sera	O	O	O	O	
di	O	O	O	O	
dicembre	O	O	O	O	
.	O	O	O	O	

Il	B-PER	O	O	O	
signor	I-PER	O	O	O	
Massimiliano	I-PER	O	O	O	
Nebioli	I-PER	O	O	O	
,	I-PER	O	O	O	
uomo	I-PER	O	O	O	
sui	I-PER	O	O	O	
sessanta	I-PER	O	O	O	
,	O	O	O	O	
che	O	O	O	O	
porta	O	O	O	O	
parrucca	O	O	O	O	
ed	O	O	O	O	
occhiali	O	O	O	O	
,	O	O	O	O	
è	O	O	O	O	
seduto	O	O	O	O	
,	O	O	O	O	
con	O	O	O	O	
tanto	O	O	O	O	
di	O	O	O	O	
muso	O	O	O	O	
,	O	O	O	O	
dinnanzi	O	O	O	O	
alla	O	O	O	O	
tavola	O	O	O	O	
del	O	O	O	O	
salotto	B-FAC	O	O	O	
da	I-FAC	O	O	O	
pranzo	I-FAC	O	O	O	
,	O	O	O	O	
e	O	O	O	O	
legge	O	O	O	O	
la	O	O	O	O	
Gazzetta	O	O	O	O	
di	O	O	O	O	
Venezia	O	O	O	O	
,	O	O	O	O	
lagnandosi	O	O	O	O	
di	O	O	O	O	
tratto	O	O	O	O	
in	O	O	O	O	
tratto	O	O	O	O	
perchè	O	O	O	O	
il	O	O	O	O	
lume	O	O	O	O	
a	O	O	O	O	
petrolio	O	O	O	O	
non	O	O	O	O	
fa	O	O	O	O	
abbastanza	O	O	O	O	
chiaro	O	O	O	O	
,	O	O	O	O	
o	O	O	O	O	
fuma	O	O	O	O	
,	O	O	O	O	
o	O	O	O	O	
scoppietta	O	O	O	O	
.	O	O	O	O	

La	B-PER	O	O	O	
signora	I-PER	O	O	O	
Gertrude	I-PER	O	O	O	
sua	I-PER	O	O	O	
moglie	I-PER	O	O	O	
è	O	O	O	O	
sprofondata	O	O	O	O	
in	O	O	O	O	
una	O	O	O	O	
poltrona	O	O	O	O	
vicina	O	O	O	O	
alla	O	O	O	O	
stufa	O	O	O	O	
e	O	O	O	O	
sonnecchia	O	O	O	O	
,	O	O	O	O	
o	O	O	O	O	
fa	O	O	O	O	
le	O	O	O	O	
viste	O	O	O	O	
di	O	O	O	O	
sonnecchiare	O	O	O	O	
.	O	O	O	O	

Di	O	O	O	O	
fuori	O	O	O	O	
è	O	O	O	O	
un	O	O	O	O	
tempo	O	O	O	O	
d	O	O	O	O	
'	O	O	O	O	
inferno	O	O	O	O	
.	O	O	O	O	

Piove	O	O	O	O	
,	O	O	O	O	
nevica	O	O	O	O	
e	O	O	O	O	
soffia	O	O	O	O	
un	O	O	O	O	
vento	O	O	O	O	
di	O	O	O	O	
tramontana	O	O	O	O	
da	O	O	O	O	
intirizzire	O	O	O	O	
.	O	O	O	O	

È	O	O	O	O	
una	O	O	O	O	
di	O	O	O	O	
quelle	O	O	O	O	
notti	O	O	O	O	
nelle	O	O	O	O	
quali	O	O	O	O	
i	O	B-PER	O	O	
felici	O	I-PER	O	O	
del	O	I-PER	O	O	
mondo	B-LOC	I-PER	O	O	
,	O	O	O	O	
ravvolgendosi	O	O	O	O	
fra	O	O	O	O	
le	O	O	O	O	
coltri	O	O	O	O	
,	O	O	O	O	
mettono	O	O	O	O	
filantropiche	O	O	O	O	
esclamazioni	O	O	O	O	
:	O	O	O	O	
--	O	O	O	O	
Poveretti	B-PER	O	O	O	
quelli	O	O	O	O	
che	O	O	O	O	
non	O	O	O	O	
hanno	O	O	O	O	
fuoco	O	O	O	O	
da	O	O	O	O	
scaldarsi	O	O	O	O	
,	O	O	O	O	
nè	O	O	O	O	
panni	O	O	O	O	
da	O	O	O	O	
coprirsi	O	O	O	O	
,	O	O	O	O	
nè	O	O	O	O	
un	O	O	O	O	
buon	O	O	O	O	
bicchiere	O	O	O	O	
di	O	O	O	O	
vino	O	O	O	O	
da	O	O	O	O	
rifocillarsi	O	O	O	O	
il	O	O	O	O	
sangue	O	O	O	O	
!	O	O	O	O	

Poveretti	B-PER	O	O	O	
i	I-PER	O	O	O	
poveretti	I-PER	O	O	O	
,	O	O	O	O	
insomma	O	O	O	O	
!	O	O	O	O	

--	O	O	O	O	
Poi	O	O	O	O	
uno	O	O	O	O	
sbadiglio	O	O	O	O	
,	O	O	O	O	
una	O	O	O	O	
stiratina	O	O	O	O	
di	O	O	O	O	
braccia	O	O	O	O	
e	O	O	O	O	
tutto	O	O	O	O	
è	O	O	O	O	
finito	O	O	O	O	
.	O	O	O	O	

Qualche	O	O	O	O	
volta	O	O	O	O	
il	O	O	O	O	
vento	O	O	O	O	
è	O	O	O	O	
così	O	O	O	O	
forte	O	O	O	O	
che	O	O	O	O	
ne	O	O	O	O	
tremano	O	O	O	O	
anche	O	O	O	O	
le	O	O	O	O	
doppie	O	O	O	O	
impannate	O	O	O	O	
del	O	O	O	O	
salotto	B-FAC	O	O	O	
e	O	O	O	O	
le	O	O	O	O	
tendine	O	O	O	O	
di	O	O	O	O	
lana	O	O	O	O	
si	O	O	O	O	
agitano	O	O	O	O	
con	O	O	O	O	
una	O	O	O	O	
leggera	O	O	O	O	
ondulazione	O	O	O	O	
.	O	O	O	O	

