10	O	O	O	O	
Febbraio	O	O	O	O	
1880	O	O	O	O	
.	O	O	O	O	

Sono	O	O	O	O	
partiti	O	O	O	O	
,	O	O	O	O	
ed	O	O	O	O	
io	O	O	O	O	
...	O	O	O	O	
Oh	O	O	O	O	
!	O	O	O	O	

io	O	O	O	O	
finalmente	O	O	O	O	
ho	O	O	O	O	
un	O	O	O	O	
'	O	O	O	O	
ora	O	O	O	O	
di	O	O	O	O	
pace	O	O	O	O	
dopo	O	O	O	O	
il	O	O	O	O	
continuo	O	O	O	O	
da	O	O	O	O	
fare	O	O	O	O	
di	O	O	O	O	
questi	O	O	O	O	
giorni	O	O	O	O	
.	O	O	O	O	

Nell	O	O	O	O	
'	O	O	O	O	
abbracciarmi	O	O	O	O	
mio	B-PER	O	O	O	
figlio	I-PER	O	O	O	
mi	O	O	O	O	
ha	O	O	O	O	
detto	O	O	O	O	
:	O	O	O	O	
E	O	O	O	O	
tu	B-PER	O	O	O	
mamma	I-PER	O	O	O	
,	O	O	O	O	
riposati	O	O	O	O	
che	O	O	O	O	
ne	O	O	O	O	
hai	O	O	O	O	
bisogno	O	O	O	O	
!	O	O	O	O	

...	O	O	O	O	
Raggiante	O	O	O	O	
era	O	O	O	O	
,	O	O	O	O	
lui	O	O	O	O	
!	O	O	O	O	

Ho	O	O	O	O	
dovuto	O	O	O	O	
ritornare	O	O	O	O	
con	O	O	O	O	
la	O	O	O	O	
memoria	O	O	O	O	
ai	O	O	O	O	
tempi	O	O	O	O	
della	O	O	O	O	
sua	O	O	O	O	
fanciullezza	O	O	O	O	
,	O	O	O	O	
allorchè	O	O	O	O	
lo	O	O	O	O	
portavo	O	O	O	O	
con	O	O	O	O	
me	O	O	O	O	
in	O	O	O	O	
vacanza	O	O	O	O	
,	O	O	O	O	
per	O	O	O	O	
trovare	O	O	O	O	
un	O	O	O	O	
riscontro	O	O	O	O	
alla	O	O	O	O	
gioia	O	O	O	O	
che	O	O	O	O	
gl	O	O	O	O	
'	O	O	O	O	
illuminava	O	O	O	O	
il	O	O	O	O	
volto	O	O	O	O	
questa	O	O	O	O	
mattina	O	O	O	O	
.	O	O	O	O	

E	O	O	O	O	
ancora	O	O	O	O	
,	O	O	O	O	
nel	O	O	O	O	
confronto	O	O	O	O	
,	O	O	O	O	
la	O	O	O	O	
gioia	O	O	O	O	
del	O	O	O	O	
fanciullo	B-PER	O	O	O	
non	O	O	O	O	
mi	O	O	O	O	
pareva	O	O	O	O	
che	O	O	O	O	
una	O	O	O	O	
pallida	O	O	O	O	
immagine	O	O	O	O	
della	O	O	O	O	
suprema	O	O	O	O	
felicità	O	O	O	O	
dell	O	O	O	O	
'	O	O	O	O	
uomo	B-PER	O	O	O	
.	O	O	O	O	

Povere	B-PER	O	O	O	
madri	I-PER	O	O	O	
!	O	O	O	O	

Quando	O	O	O	O	
noi	O	O	O	O	
diamo	O	O	O	O	
tutto	O	O	O	O	
,	O	O	O	O	
che	O	O	O	O	
poca	O	O	O	O	
cosa	O	O	O	O	
riceviamo	O	O	O	O	
in	O	O	O	O	
ricambio	O	O	O	O	
!	O	O	O	O	

Egli	O	O	O	O	
l	O	O	O	O	
'	O	O	O	O	
adora	O	O	O	O	
la	B-PER	O	O	O	
sua	I-PER	O	O	O	
Sofia	I-PER	O	O	O	
.	O	O	O	O	

E	O	O	O	O	
tutto	O	O	O	O	
quello	O	O	O	O	
che	O	O	O	O	
io	O	O	O	O	
ho	O	O	O	O	
fatto	O	O	O	O	
per	O	O	O	O	
allontanarlo	O	O	O	O	
da	O	O	O	O	
lei	O	O	O	O	
,	O	O	O	O	
non	O	O	O	O	
ha	O	O	O	O	
servito	O	O	O	O	
che	O	O	O	O	
a	O	O	O	O	
rendergliela	O	O	O	O	
più	O	O	O	O	
cara	O	O	O	O	
.	O	O	O	O	

E	O	O	O	O	
lei	O	O	O	O	
...	O	O	O	O	
quella	B-PER	O	O	O	
bionda	I-PER	O	O	O	
ardente	I-PER	O	O	O	
,	I-PER	O	O	O	
quella	I-PER	O	O	O	
creatura	I-PER	O	O	O	
dagli	I-PER	O	O	O	
istinti	I-PER	O	O	O	
così	I-PER	O	O	O	
diversi	I-PER	O	O	O	
dai	I-PER	O	O	O	
nostri	I-PER	O	O	O	
,	O	O	O	O	
dimenticherà	O	O	O	O	
essa	O	O	O	O	
che	O	O	O	O	
io	O	O	O	O	
ho	O	O	O	O	
voluto	O	O	O	O	
rapirle	O	O	O	O	
la	O	O	O	O	
sua	O	O	O	O	
felicità	O	O	O	O	
?	O	O	O	O	

...	O	O	O	O	
Avrà	O	O	O	O	
la	O	O	O	O	
forza	O	O	O	O	
di	O	O	O	O	
vincere	O	O	O	O	
il	O	O	O	O	
suo	O	O	O	O	
rancore	O	O	O	O	
di	O	O	O	O	
donna	B-PER	O	O	O	
amante	I-PER	O	O	O	
,	O	O	O	O	
come	O	O	O	O	
io	O	O	O	O	
ho	O	O	O	O	
vinto	O	O	O	O	
le	O	O	O	O	
mie	O	O	O	O	
ripugnanze	O	O	O	O	
?	O	O	O	O	

...	O	O	O	O	
Sia	O	O	O	O	
pure	O	O	O	O	
che	O	O	O	O	
l	O	O	O	O	
'	O	O	O	O	
abbia	O	O	O	O	
:	O	O	O	O	
il	O	O	O	O	
solo	O	O	O	O	
ricordo	O	O	O	O	
delle	O	O	O	O	
mie	O	O	O	O	
ostilità	O	O	O	O	
metterà	O	O	O	O	
per	O	O	O	O	
tutta	O	O	O	O	
la	O	O	O	O	
vita	O	O	O	O	
un	O	O	O	O	
senso	O	O	O	O	
di	O	O	O	O	
freddo	O	O	O	O	
nei	O	O	O	O	
rapporti	O	O	O	O	
di	O	O	O	O	
mio	B-PER	O	O	O	
figlio	I-PER	O	O	O	
con	O	O	O	O	
me	O	O	O	O	
.	O	O	O	O	

Ci	O	O	O	O	
sarà	O	O	O	O	
sempre	O	O	O	O	
come	O	O	O	O	
un	O	O	O	O	
intoppo	O	O	O	O	
dove	O	O	O	O	
una	O	O	O	O	
volta	O	O	O	O	
era	O	O	O	O	
la	O	O	O	O	
perfetta	O	O	O	O	
omogeneità	O	O	O	O	
.	O	O	O	O	

E	O	O	O	O	
quanto	O	O	O	O	
più	O	O	O	O	
lo	O	O	O	O	
vedrò	O	O	O	O	
felice	O	O	O	O	
tanto	O	O	O	O	
più	O	O	O	O	
mi	O	O	O	O	
sentirò	O	O	O	O	
umiliata	O	O	O	O	
davanti	O	O	O	O	
a	O	O	O	O	
lui	O	O	O	O	
per	O	O	O	O	
avergli	O	O	O	O	
contrastata	O	O	O	O	
e	O	O	O	O	
ritardata	O	O	O	O	
questa	O	O	O	O	
felicità	O	O	O	O	
.	O	O	O	O	

Il	O	O	O	O	
destino	O	O	O	O	
è	O	O	O	O	
inesorabile	O	O	O	O	
.	O	O	O	O	

Pazienza	O	O	O	O	
.	O	O	O	O	

Purchè	O	O	O	O	
egli	O	O	O	O	
sia	O	O	O	O	
veramente	O	O	O	O	
felice	O	O	O	O	
.	O	O	O	O	

Il	O	O	O	O	
mio	O	O	O	O	
più	O	O	O	O	
grande	O	O	O	O	
desiderio	O	O	O	O	
fu	O	O	O	O	
sempre	O	O	O	O	
di	O	O	O	O	
sacrificarmi	O	O	O	O	
a	O	O	O	O	
lui	O	O	O	O	
,	O	O	O	O	
di	O	O	O	O	
dare	O	O	O	O	
la	O	O	O	O	
mia	O	O	O	O	
vita	O	O	O	O	
per	O	O	O	O	
il	O	O	O	O	
bene	O	O	O	O	
suo	O	O	O	O	
.	O	O	O	O	

Ma	O	O	O	O	
non	O	O	O	O	
la	O	O	O	O	
vita	O	O	O	O	
egli	O	O	O	O	
mi	O	O	O	O	
domanda	O	O	O	O	
:	O	O	O	O	
non	O	O	O	O	
la	O	O	O	O	
vita	O	O	O	O	
!	O	O	O	O	

Sarebbe	O	O	O	O	
troppo	O	O	O	O	
poco	O	O	O	O	
!	O	O	O	O	

Egli	O	O	O	O	
mi	O	O	O	O	
chiede	O	O	O	O	
il	O	O	O	O	
sacrificio	O	O	O	O	
del	O	O	O	O	
mio	O	O	O	O	
amore	O	O	O	O	
esclusivo	O	O	O	O	
,	O	O	O	O	
di	O	O	O	O	
quel	O	O	O	O	
culto	O	O	O	O	
appassionato	O	O	O	O	
onde	O	O	O	O	
l	O	O	O	O	
'	O	O	O	O	
ho	O	O	O	O	
circondato	O	O	O	O	
fin	O	O	O	O	
dall	O	O	O	O	
'	O	O	O	O	
infanzia	O	O	O	O	
:	O	O	O	O	
il	O	O	O	O	
sacrificio	O	O	O	O	
della	O	O	O	O	
nostra	O	O	O	O	
santa	O	O	O	O	
intimità	O	O	O	O	
.	O	O	O	O	

Un	O	O	O	O	
'	O	O	O	O	
altra	O	O	O	O	
ha	O	O	O	O	
preso	O	O	O	O	
il	O	O	O	O	
mio	O	O	O	O	
posto	O	O	O	O	
ed	O	O	O	O	
io	O	O	O	O	
sono	O	O	O	O	
messa	O	O	O	O	
da	O	O	O	O	
parte	O	O	O	O	
.	O	O	O	O	

È	O	O	O	O	
orribile	O	O	O	O	
.	O	O	O	O	

Eppure	O	O	O	O	
,	O	O	O	O	
in	O	O	O	O	
certi	O	O	O	O	
momenti	O	O	O	O	
—	O	O	O	O	
quando	O	O	O	O	
ragiono	O	O	O	O	
—	O	O	O	O	
io	O	O	O	O	
stessa	O	O	O	O	
condanno	O	O	O	O	
questo	O	O	O	O	
mio	O	O	O	O	
dolore	O	O	O	O	
,	O	O	O	O	
e	O	O	O	O	
mi	O	O	O	O	
sembra	O	O	O	O	
di	O	O	O	O	
essere	O	O	O	O	
una	B-PER	O	O	O	
vecchia	I-PER	O	O	O	
pazza	I-PER	O	O	O	
,	I-PER	O	O	O	
una	I-PER	O	O	O	
vecchia	I-PER	O	O	O	
egoista	I-PER	O	O	O	
.	O	O	O	O	

Quello	O	O	O	O	
che	O	O	O	O	
mi	O	O	O	O	
succede	O	O	O	O	
è	O	O	O	O	
nell	O	O	O	O	
'	O	O	O	O	
ordine	O	O	O	O	
delle	O	O	O	O	
cose	O	O	O	O	
:	O	O	O	O	
è	O	O	O	O	
giusto	O	O	O	O	
ed	O	O	O	O	
io	O	O	O	O	
dovevo	O	O	O	O	
prevederlo	O	O	O	O	
da	O	O	O	O	
molti	O	O	O	O	
anni	O	O	O	O	
.	O	O	O	O	

Coraggio	O	O	O	O	
!	O	O	O	O	

Devo	O	O	O	O	
vergognarmi	O	O	O	O	
della	O	O	O	O	
mia	O	O	O	O	
debolezza	O	O	O	O	
...	O	O	O	O	
poichè	O	O	O	O	
è	O	O	O	O	
veramente	O	O	O	O	
una	O	O	O	O	
debolezza	O	O	O	O	
.	O	O	O	O	

Devo	O	O	O	O	
dominarmi	O	O	O	O	
.	O	O	O	O	

Andrò	O	O	O	O	
fuori	O	O	O	O	
;	O	O	O	O	
farò	O	O	O	O	
una	O	O	O	O	
vita	O	O	O	O	
più	O	O	O	O	
mossa	O	O	O	O	
:	O	O	O	O	
cercherò	O	O	O	O	
distrazione	O	O	O	O	
.	O	O	O	O	

Forse	O	O	O	O	
non	O	O	O	O	
è	O	O	O	O	
che	O	O	O	O	
affare	O	O	O	O	
di	O	O	O	O	
nervi	O	O	O	O	
,	O	O	O	O	
come	O	O	O	O	
dice	O	O	O	O	
il	B-PER	O	O	O	
dottore	I-PER	O	O	O	
.	O	O	O	O	

Andrò	O	O	O	O	
al	O	O	O	O	
collegio	B-FAC	O	O	O	
a	O	O	O	O	
trovare	O	O	O	O	
Giannina	B-PER	O	O	O	
che	O	O	O	O	
mi	O	O	O	O	
chiamerà	O	O	O	O	
nonna	B-PER	O	O	O	
...	O	O	O	O	
Oh	O	O	O	O	
!	O	O	O	O	

se	O	O	O	O	
fosse	O	O	O	O	
veramente	O	O	O	O	
mia	B-PER	O	O	O	
nipote	I-PER	O	O	O	
!	O	O	O	O	

...	O	O	O	O	
Se	O	O	O	O	
potessi	O	O	O	O	
educarla	O	O	O	O	
,	O	O	O	O	
io	O	O	O	O	
,	O	O	O	O	
a	O	O	O	O	
modo	O	O	O	O	
mio	O	O	O	O	
!	O	O	O	O	

...	O	O	O	O	
Sì	O	O	O	O	
,	O	O	O	O	
tutto	O	O	O	O	
è	O	O	O	O	
nell	O	O	O	O	
'	O	O	O	O	
ordine	O	O	O	O	
e	O	O	O	O	
quello	O	O	O	O	
che	O	O	O	O	
mi	O	O	O	O	
succede	O	O	O	O	
è	O	O	O	O	
giusto	O	O	O	O	
.	O	O	O	O	

Ma	O	O	O	O	
non	O	O	O	O	
era	O	O	O	O	
bisogno	O	O	O	O	
che	O	O	O	O	
mio	B-PER	O	O	O	
figlio	I-PER	O	O	O	
sposasse	O	O	O	O	
appunto	O	O	O	O	
una	B-PER	O	O	O	
vedova	I-PER	O	O	O	
!	O	O	O	O	

Con	O	O	O	O	
tante	B-PER	O	O	O	
belle	I-PER	O	O	O	
fanciulle	I-PER	O	O	O	
che	O	O	O	O	
ci	O	O	O	O	
sono	O	O	O	O	
—	O	O	O	O	
e	O	O	O	O	
nessuna	B-PER	O	O	O	
l	O	O	O	O	
'	O	O	O	O	
avrebbe	O	O	O	O	
rifiutato	O	O	O	O	
,	O	O	O	O	
poichè	O	O	O	O	
il	B-PER	O	O	O	
mio	I-PER	O	O	O	
Ernesto	I-PER	O	O	O	
è	O	O	O	O	
tale	B-PER	O	O	O	
uomo	I-PER	O	O	O	
che	O	O	O	O	
ogni	B-PER	O	O	O	
fanciulla	I-PER	O	O	O	
sarebbe	O	O	O	O	
stata	O	O	O	O	
orgogliosa	O	O	O	O	
di	O	O	O	O	
sposarlo	O	O	O	O	
—	O	O	O	O	
con	O	O	O	O	
tante	B-PER	O	O	O	
fanciulle	I-PER	O	O	O	
,	O	O	O	O	
la	B-PER	O	O	O	
Giulia	I-PER	O	O	O	
Indelli	I-PER	O	O	O	
per	O	O	O	O	
esempio	O	O	O	O	
,	O	O	O	O	
la	B-PER	O	O	O	
Maria	I-PER	O	O	O	
Trabanti	I-PER	O	O	O	
che	O	O	O	O	
ho	O	O	O	O	
veduto	O	O	O	O	
nascere	O	O	O	O	
...	O	O	O	O	
doveva	O	O	O	O	
essere	O	O	O	O	
una	B-PER	O	O	O	
vedova	I-PER	O	O	O	
a	O	O	O	O	
portarmelo	O	O	O	O	
via	O	O	O	O	
!	O	O	O	O	

..	O	O	O	O	
Una	B-PER	O	O	O	
vedova	I-PER	O	O	O	
con	O	O	O	O	
una	B-PER	O	O	O	
figliuola	I-PER	O	O	O	
...	O	O	O	O	
Una	B-PER	O	O	O	
bella	I-PER	O	O	O	
figliuola	I-PER	O	O	O	
,	O	O	O	O	
bisogna	O	O	O	O	
dire	O	O	O	O	
la	O	O	O	O	
verità	O	O	O	O	
,	O	O	O	O	
un	B-PER	O	O	O	
amore	I-PER	O	O	O	
di	I-PER	O	O	O	
bimba	I-PER	O	O	O	
...	O	O	O	O	
Ma	O	O	O	O	
sempre	O	O	O	O	
figliuola	O	B-PER	O	O	
di	O	I-PER	O	O	
un	B-PER	I-PER	O	O	
altro	I-PER	I-PER	O	O	
!	O	O	O	O	

...	O	O	O	O	
e	O	O	O	O	
già	O	O	O	O	
dotata	O	O	O	O	
di	O	O	O	O	
un	O	O	O	O	
caratterino	O	O	O	O	
deciso	O	O	O	O	
,	O	O	O	O	
che	O	O	O	O	
sarà	O	O	O	O	
utile	O	O	O	O	
a	O	O	O	O	
lei	O	O	O	O	
nella	O	O	O	O	
vita	O	O	O	O	
,	O	O	O	O	
non	O	O	O	O	
nego	O	O	O	O	
,	O	O	O	O	
ma	O	O	O	O	
che	O	O	O	O	
la	O	O	O	O	
rende	O	O	O	O	
fin	O	O	O	O	
d	O	O	O	O	
'	O	O	O	O	
ora	O	O	O	O	
una	B-PER	O	O	O	
creatura	I-PER	O	O	O	
assai	O	O	O	O	
difficile	O	O	O	O	
da	O	O	O	O	
maneggiare	O	O	O	O	
...	O	O	O	O	
Fortuna	O	O	O	O	
che	O	O	O	O	
non	O	O	O	O	
vengono	O	O	O	O	
a	O	O	O	O	
stare	O	O	O	O	
con	O	O	O	O	
me	O	O	O	O	
.	O	O	O	O	

Non	O	O	O	O	
sarei	O	O	O	O	
forse	O	O	O	O	
capace	O	O	O	O	
di	O	O	O	O	
vincermi	O	O	O	O	
tutti	O	O	O	O	
i	O	O	O	O	
giorni	O	O	O	O	
e	O	O	O	O	
potrei	O	O	O	O	
dare	O	O	O	O	
qualche	O	O	O	O	
dispiacere	O	O	O	O	
al	O	O	O	O	
mio	B-PER	O	O	O	
Ernesto	I-PER	O	O	O	
.	O	O	O	O	

10	O	O	O	O	
Marzo	O	O	O	O	
1880	O	O	O	O	
.	O	O	O	O	

Ernesto	B-PER	O	O	O	
mi	O	O	O	O	
ha	O	O	O	O	
scritto	O	O	O	O	
oggi	O	O	O	O	
una	O	O	O	O	
buona	O	O	O	O	
lettera	O	O	O	O	
annunziandomi	O	O	O	O	
il	O	O	O	O	
suo	O	O	O	O	
ritorno	O	O	O	O	
.	O	O	O	O	

Anche	O	O	O	O	
Sofia	B-PER	O	O	O	
mi	O	O	O	O	
ha	O	O	O	O	
scritto	O	O	O	O	
.	O	O	O	O	

Pare	O	O	O	O	
veramente	O	O	O	O	
una	B-PER	O	O	O	
buona	I-PER	O	O	O	
creatura	I-PER	O	O	O	
:	O	O	O	O	
affettuosa	O	O	O	O	
,	O	O	O	O	
espansiva	O	O	O	O	
.	O	O	O	O	

Non	O	O	O	O	
ha	O	O	O	O	
rancori	O	O	O	O	
.	O	O	O	O	

Il	B-PER	O	O	O	
mio	I-PER	O	O	O	
Ernesto	I-PER	O	O	O	
mi	O	O	O	O	
vuol	O	O	O	O	
sempre	O	O	O	O	
tanto	O	O	O	O	
bene	O	O	O	O	
.	O	O	O	O	

Ella	O	O	O	O	
non	O	O	O	O	
cerca	O	O	O	O	
di	O	O	O	O	
allontanarlo	O	O	O	O	
da	O	O	O	O	
me	O	O	O	O	
.	O	O	O	O	

Forse	O	O	O	O	
sono	O	O	O	O	
stata	O	O	O	O	
un	O	O	O	O	
po	O	O	O	O	
'	O	O	O	O	
ingiusta	O	O	O	O	
.	O	O	O	O	

Giannina	B-PER	O	O	O	
fu	O	O	O	O	
carissima	O	O	O	O	
ieri	O	O	O	O	
.	O	O	O	O	

Ha	O	O	O	O	
ingegno	O	O	O	O	
anche	O	O	O	O	
lei	O	O	O	O	
...	O	O	O	O	
1	O	O	O	O	
Giugno	O	O	O	O	
1880	O	O	O	O	
.	O	O	O	O	

Sono	O	O	O	O	
ingiusta	O	O	O	O	
del	O	O	O	O	
tutto	O	O	O	O	
:	O	O	O	O	
egoista	O	O	O	O	
...	O	O	O	O	
cattiva	O	O	O	O	
!	O	O	O	O	

...	O	O	O	O	
Ma	O	O	O	O	
non	O	O	O	O	
ne	O	O	O	O	
posso	O	O	O	O	
più	O	O	O	O	
.	O	O	O	O	

Soffro	O	O	O	O	
come	O	O	O	O	
non	O	O	O	O	
ho	O	O	O	O	
mai	O	O	O	O	
sofferto	O	O	O	O	
.	O	O	O	O	

I	O	O	O	O	
dolori	O	O	O	O	
passati	O	O	O	O	
si	O	O	O	O	
risvegliano	O	O	O	O	
e	O	O	O	O	
si	O	O	O	O	
acuiscono	O	O	O	O	
in	O	O	O	O	
questo	O	O	O	O	
nuovo	O	O	O	O	
dolore	O	O	O	O	
.	O	O	O	O	

Li	O	O	O	O	
risento	O	O	O	O	
tutti	O	O	O	O	
.	O	O	O	O	

Tutta	O	O	O	O	
la	O	O	O	O	
mia	O	O	O	O	
vita	O	O	O	O	
si	O	O	O	O	
ripresenta	O	O	O	O	
al	O	O	O	O	
mio	O	O	O	O	
spirito	O	O	O	O	
come	O	O	O	O	
un	O	O	O	O	
quadro	O	O	O	O	
desolante	O	O	O	O	
.	O	O	O	O	

Le	O	O	O	O	
angoscie	O	O	O	O	
,	O	O	O	O	
i	O	O	O	O	
rimpianti	O	O	O	O	
,	O	O	O	O	
i	O	O	O	O	
rancori	O	O	O	O	
,	O	O	O	O	
che	O	O	O	O	
l	O	O	O	O	
'	O	O	O	O	
amore	O	O	O	O	
materno	O	O	O	O	
aveva	O	O	O	O	
soffocati	O	O	O	O	
,	O	O	O	O	
insorgono	O	O	O	O	
repente	O	O	O	O	
,	O	O	O	O	
e	O	O	O	O	
mi	O	O	O	O	
pungono	O	O	O	O	
e	O	O	O	O	
mi	O	O	O	O	
mordono	O	O	O	O	
.	O	O	O	O	

Che	O	O	O	O	
vita	O	O	O	O	
monotona	O	O	O	O	
è	O	O	O	O	
stata	O	O	O	O	
la	O	O	O	O	
mia	O	O	O	O	
!	O	O	O	O	

...	O	O	O	O	
Perchè	O	O	O	O	
ho	O	O	O	O	
vissuto	O	O	O	O	
?	O	O	O	O	

...	O	O	O	O	
I	O	O	O	O	
miei	O	O	O	O	
anni	O	O	O	O	
sono	O	O	O	O	
passati	O	O	O	O	
con	O	O	O	O	
una	O	O	O	O	
sola	O	O	O	O	
gioia	O	O	O	O	
:	O	O	O	O	
mio	B-PER	O	O	O	
figlio	I-PER	O	O	O	
.	O	O	O	O	

Mio	B-PER	O	O	O	
marito	I-PER	O	O	O	
può	O	O	O	O	
vantarsi	O	O	O	O	
di	O	O	O	O	
non	O	O	O	O	
avermi	O	O	O	O	
dato	O	O	O	O	
alcun	O	O	O	O	
serio	O	O	O	O	
dispiacere	O	O	O	O	
;	O	O	O	O	
ma	O	O	O	O	
neppure	O	O	O	O	
alcuna	O	O	O	O	
gioia	O	O	O	O	
!	O	O	O	O	

La	O	O	O	O	
nostra	O	O	O	O	
unione	O	O	O	O	
è	O	O	O	O	
stata	O	O	O	O	
arida	O	O	O	O	
e	O	O	O	O	
fredda	O	O	O	O	
,	O	O	O	O	
con	O	O	O	O	
un	O	O	O	O	
solo	O	O	O	O	
fiore	O	O	O	O	
,	O	O	O	O	
un	O	O	O	O	
solo	O	O	O	O	
profumo	O	O	O	O	
,	O	O	O	O	
una	O	O	O	O	
sola	O	O	O	O	
luce	O	O	O	O	
:	O	O	O	O	
Ernesto	B-PER	O	O	O	
.	O	O	O	O	

Se	O	O	O	O	
il	O	O	O	O	
mio	O	O	O	O	
cuore	O	O	O	O	
non	O	O	O	O	
ha	O	O	O	O	
ceduto	O	O	O	O	
alle	O	O	O	O	
tentazioni	O	O	O	O	
dell	O	O	O	O	
'	O	O	O	O	
amore	O	O	O	O	
,	O	O	O	O	
se	O	O	O	O	
sono	O	O	O	O	
stata	O	O	O	O	
una	B-PER	O	O	O	
moglie	I-PER	O	O	O	
fedele	I-PER	O	O	O	
,	O	O	O	O	
egli	O	O	O	O	
deve	O	O	O	O	
ringraziare	O	O	O	O	
suo	B-PER	O	O	O	
figlio	I-PER	O	O	O	
....	O	O	O	O	
e	O	O	O	O	
la	O	O	O	O	
delusione	O	O	O	O	
che	O	O	O	O	
aveva	O	O	O	O	
agghiacciato	O	O	O	O	
il	O	O	O	O	
mio	O	O	O	O	
cuore	O	O	O	O	
prima	O	O	O	O	
del	O	O	O	O	
matrimonio	O	O	O	O	
.	O	O	O	O	

L	O	O	O	O	
'	O	O	O	O	
ho	O	O	O	O	
veduto	O	O	O	O	
l	O	O	O	O	
'	O	O	O	O	
altro	O	O	O	O	
giorno	O	O	O	O	
,	O	O	O	O	
quel	B-PER	O	O	O	
povero	I-PER	O	O	O	
Anselmo	I-PER	O	O	O	
!	O	O	O	O	

Mi	O	O	O	O	
ha	O	O	O	O	
fatto	O	O	O	O	
pietà	O	O	O	O	
.	O	O	O	O	

Anche	O	O	O	O	
quel	O	O	O	O	
rancore	O	O	O	O	
è	O	O	O	O	
morto	O	O	O	O	
.	O	O	O	O	

Ma	O	O	O	O	
lei	O	O	O	O	
,	O	O	O	O	
lei	O	O	O	O	
...	O	O	O	O	
che	O	O	O	O	
vipera	O	O	O	O	
!	O	O	O	O	

Sempre	O	O	O	O	
la	O	O	O	O	
stessa	O	O	O	O	
...	O	O	O	O	
È	O	O	O	O	
forse	O	O	O	O	
così	O	O	O	O	
che	O	O	O	O	
bisogna	O	O	O	O	
essere	O	O	O	O	
per	O	O	O	O	
vincere	O	O	O	O	
nella	O	O	O	O	
vita	O	O	O	O	
?	O	O	O	O	

...	O	O	O	O	
Per	O	O	O	O	
attaccarci	O	O	O	O	
un	O	O	O	O	
uomo	O	O	O	O	
e	O	O	O	O	
disporre	O	O	O	O	
di	O	O	O	O	
lui	O	O	O	O	
come	O	O	O	O	
di	O	O	O	O	
un	B-PER	O	O	O	
fanciullo	I-PER	O	O	O	
?	O	O	O	O	

...	O	O	O	O	
E	O	O	O	O	
di	O	O	O	O	
che	O	O	O	O	
uomo	B-PER	O	O	O	
!	O	O	O	O	

Un	B-PER	O	O	O	
uomo	I-PER	O	O	O	
intelligente	I-PER	O	O	O	
,	I-PER	O	O	O	
bello	I-PER	O	O	O	
,	I-PER	O	O	O	
geniale	I-PER	O	O	O	
!	O	O	O	O	

...	O	O	O	O	
Anselmo	B-PER	O	O	O	
aveva	O	O	O	O	
tutto	O	O	O	O	
per	O	O	O	O	
essere	O	O	O	O	
felice	O	O	O	O	
...	O	O	O	O	
Come	O	O	O	O	
si	O	O	O	O	
sarebbe	O	O	O	O	
stati	O	O	O	O	
,	O	O	O	O	
bene	O	O	O	O	
insieme	O	O	O	O	
!	O	O	O	O	

Non	O	O	O	O	
ha	O	O	O	O	
che	O	O	O	O	
cinquant	O	O	O	O	
'	O	O	O	O	
anni	O	O	O	O	
appena	O	O	O	O	
compiti	O	O	O	O	
.	O	O	O	O	

Soli	O	O	O	O	
cinque	O	O	O	O	
più	O	O	O	O	
di	O	O	O	O	
me	O	O	O	O	
.	O	O	O	O	

E	O	O	O	O	
li	O	O	O	O	
porta	O	O	O	O	
bene	O	O	O	O	
.	O	O	O	O	

Mentre	O	O	O	O	
Antonio	B-PER	O	O	O	
ne	O	O	O	O	
ha	O	O	O	O	
sessant	O	O	O	O	
'	O	O	O	O	
otto	O	O	O	O	
,	O	O	O	O	
e	O	O	O	O	
li	O	O	O	O	
porta	O	O	O	O	
male	O	O	O	O	
...	O	O	O	O	
oh	O	O	O	O	
!	O	O	O	O	

malissimo	O	O	O	O	
,	O	O	O	O	
davvero	O	O	O	O	
!	O	O	O	O	

Mah	O	O	O	O	
!	O	O	O	O	

fui	O	O	O	O	
io	O	O	O	O	
a	O	O	O	O	
volerlo	O	O	O	O	
.	O	O	O	O	

Dopo	O	O	O	O	
il	O	O	O	O	
disinganno	O	O	O	O	
che	O	O	O	O	
mi	O	O	O	O	
aveva	O	O	O	O	
dato	O	O	O	O	
Anselmo	B-PER	O	O	O	
non	O	O	O	O	
volevo	O	O	O	O	
saperne	O	O	O	O	
di	O	O	O	O	
un	B-PER	O	O	O	
giovine	I-PER	O	O	O	
.	O	O	O	O	

Antonio	B-PER	O	O	O	
del	O	O	O	O	
resto	O	O	O	O	
era	O	O	O	O	
un	O	O	O	O	
bell	O	O	O	O	
'	O	O	O	O	
uomo	O	O	O	O	
allora	O	O	O	O	
...	O	O	O	O	
simpaticissimo	O	O	O	O	
.	O	O	O	O	

Me	O	O	O	O	
lo	O	O	O	O	
ricordo	O	O	O	O	
bene	O	O	O	O	
.	O	O	O	O	

I	O	O	O	O	
suoi	O	O	O	O	
quarant	O	O	O	O	
'	O	O	O	O	
anni	O	O	O	O	
non	O	O	O	O	
gli	O	O	O	O	
davano	O	O	O	O	
altro	O	O	O	O	
che	O	O	O	O	
un	O	O	O	O	
'	O	O	O	O	
aria	O	O	O	O	
di	O	O	O	O	
serietà	O	O	O	O	
dignitosa	O	O	O	O	
ed	O	O	O	O	
amabile	O	O	O	O	
.	O	O	O	O	

Quando	O	O	O	O	
mi	O	O	O	O	
faceva	O	O	O	O	
un	O	O	O	O	
complimento	O	O	O	O	
,	O	O	O	O	
ero	O	O	O	O	
superba	O	O	O	O	
di	O	O	O	O	
quel	O	O	O	O	
complimento	O	O	O	O	
.	O	O	O	O	

Nel	O	O	O	O	
mio	O	O	O	O	
ambiente	O	O	O	O	
borghese	O	O	O	O	
passava	O	O	O	O	
per	O	O	O	O	
un	B-PER	O	O	O	
genio	I-PER	O	O	O	
.	O	O	O	O	

Io	O	O	O	O	
,	O	O	O	O	
già	O	O	O	O	
,	O	O	O	O	
ero	O	O	O	O	
,	O	O	O	O	
prima	O	O	O	O	
di	O	O	O	O	
tutto	O	O	O	O	
,	O	O	O	O	
una	B-PER	O	O	O	
sciocchina	I-PER	O	O	O	
;	O	O	O	O	
non	O	O	O	O	
capivo	O	O	O	O	
niente	O	O	O	O	
,	O	O	O	O	
e	O	O	O	O	
tutto	O	O	O	O	
quello	O	O	O	O	
che	O	O	O	O	
si	O	O	O	O	
diceva	O	O	O	O	
intorno	O	O	O	O	
a	O	O	O	O	
me	O	O	O	O	
dalle	O	O	O	O	
sciocche	B-PER	O	O	O	
mie	I-PER	O	O	O	
pari	I-PER	O	O	O	
mi	O	O	O	O	
pareva	O	O	O	O	
vangelo	O	O	O	O	
.	O	O	O	O	

Del	O	O	O	O	
resto	O	O	O	O	
,	O	O	O	O	
se	O	O	O	O	
non	O	O	O	O	
avessi	O	O	O	O	
avuto	O	O	O	O	
un	B-PER	O	O	O	
figliuolo	I-PER	O	O	O	
come	I-PER	O	O	O	
Ernesto	I-PER	O	O	O	
,	O	O	O	O	
certe	O	O	O	O	
cose	O	O	O	O	
non	O	O	O	O	
le	O	O	O	O	
avrei	O	O	O	O	
capite	O	O	O	O	
mai	O	O	O	O	
.	O	O	O	O	

Ernesto	B-PER	O	O	O	
,	O	O	O	O	
sì	O	O	O	O	
,	O	O	O	O	
è	O	O	O	O	
un	B-PER	O	O	O	
vero	I-PER	O	O	O	
ingegno	I-PER	O	O	O	
;	O	O	O	O	
un	B-PER	O	O	O	
ingegno	I-PER	O	O	O	
di	I-PER	O	O	O	
prim	I-PER	O	O	O	
'	I-PER	O	O	O	
ordine	I-PER	O	O	O	
:	I-PER	O	O	O	
un	I-PER	O	O	O	
vero	I-PER	O	O	O	
uomo	I-PER	O	O	O	
superiore	I-PER	O	O	O	
.	O	O	O	O	

È	O	O	O	O	
lui	O	O	O	O	
che	O	O	O	O	
ha	O	O	O	O	
fatto	O	O	O	O	
la	O	O	O	O	
mia	O	O	O	O	
educazione	O	O	O	O	
—	O	O	O	O	
l	O	O	O	O	
'	O	O	O	O	
educazione	O	O	O	O	
di	O	O	O	O	
una	B-PER	O	O	O	
donna	I-PER	O	O	O	
nel	O	O	O	O	
nostro	O	O	O	O	
mondo	O	O	O	O	
è	O	O	O	O	
quasi	O	O	O	O	
sempre	O	O	O	O	
da	O	O	O	O	
rifare	O	O	O	O	
—	O	O	O	O	
fu	O	O	O	O	
lui	O	O	O	O	
che	O	O	O	O	
mi	O	O	O	O	
ha	O	O	O	O	
insegnato	O	O	O	O	
a	O	O	O	O	
capire	O	O	O	O	
,	O	O	O	O	
a	O	O	O	O	
pensare	O	O	O	O	
.	O	O	O	O	

Da	O	O	O	O	
principio	O	O	O	O	
,	O	O	O	O	
certe	O	O	O	O	
volte	O	O	O	O	
,	O	O	O	O	
mi	O	O	O	O	
urtava	O	O	O	O	
,	O	O	O	O	
mi	O	O	O	O	
feriva	O	O	O	O	
,	O	O	O	O	
col	O	O	O	O	
suo	O	O	O	O	
disprezzo	O	O	O	O	
per	O	O	O	O	
tante	O	O	O	O	
cose	O	O	O	O	
che	O	O	O	O	
io	O	O	O	O	
credevo	O	O	O	O	
intangibili	O	O	O	O	
.	O	O	O	O	

Ma	O	O	O	O	
poi	O	O	O	O	
,	O	O	O	O	
che	O	O	O	O	
luce	O	O	O	O	
!	O	O	O	O	

...	O	O	O	O	
E	O	O	O	O	
che	O	O	O	O	
piacere	O	O	O	O	
di	O	O	O	O	
essere	O	O	O	O	
salita	O	O	O	O	
con	O	O	O	O	
lui	O	O	O	O	
a	O	O	O	O	
quelle	O	O	O	O	
altezze	O	O	O	O	
!	O	O	O	O	

Grazie	O	O	O	O	
all	O	O	O	O	
'	O	O	O	O	
intimità	O	O	O	O	
in	O	O	O	O	
cui	O	O	O	O	
si	O	O	O	O	
viveva	O	O	O	O	
,	O	O	O	O	
egli	O	O	O	O	
mi	O	O	O	O	
diceva	O	O	O	O	
tutto	O	O	O	O	
;	O	O	O	O	
i	O	O	O	O	
problemi	O	O	O	O	
che	O	O	O	O	
turbavano	O	O	O	O	
il	O	O	O	O	
suo	O	O	O	O	
spirito	O	O	O	O	
;	O	O	O	O	
le	O	O	O	O	
scoperte	O	O	O	O	
che	O	O	O	O	
lo	O	O	O	O	
entusiasmavano	O	O	O	O	
.	O	O	O	O	

Se	O	O	O	O	
non	O	O	O	O	
capivo	O	O	O	O	
subito	O	O	O	O	
,	O	O	O	O	
andava	O	O	O	O	
in	O	O	O	O	
collera	O	O	O	O	
.	O	O	O	O	

Ma	O	O	O	O	
subito	O	O	O	O	
dopo	O	O	O	O	
si	O	O	O	O	
metteva	O	O	O	O	
a	O	O	O	O	
spiegare	O	O	O	O	
con	O	O	O	O	
pazienza	O	O	O	O	
angelica	O	O	O	O	
.	O	O	O	O	

E	O	O	O	O	
diceva	O	O	O	O	
che	O	O	O	O	
ciò	O	O	O	O	
gli	O	O	O	O	
era	O	O	O	O	
utile	O	O	O	O	
,	O	O	O	O	
perchè	O	O	O	O	
,	O	O	O	O	
spiegando	O	O	O	O	
quelle	O	O	O	O	
difficoltà	O	O	O	O	
a	O	O	O	O	
me	O	O	O	O	
e	O	O	O	O	
dovendosi	O	O	O	O	
servire	O	O	O	O	
di	O	O	O	O	
parole	O	O	O	O	
semplici	O	O	O	O	
e	O	O	O	O	
chiare	O	O	O	O	
,	O	O	O	O	
le	O	O	O	O	
capiva	O	O	O	O	
meglio	O	O	O	O	
egli	O	O	O	O	
stesso	O	O	O	O	
.	O	O	O	O	

Che	O	O	O	O	
bei	O	O	O	O	
giorni	O	O	O	O	
abbiamo	O	O	O	O	
passati	O	O	O	O	
così	O	O	O	O	
,	O	O	O	O	
che	O	O	O	O	
begli	O	O	O	O	
anni	O	O	O	O	
!	O	O	O	O	

...	O	O	O	O	
Sventuratamente	O	O	O	O	
,	O	O	O	O	
man	O	O	O	O	
mano	O	O	O	O	
che	O	O	O	O	
il	B-PER	O	O	O	
figlio	I-PER	O	O	O	
saliva	O	O	O	O	
e	O	O	O	O	
mi	O	O	O	O	
portava	O	O	O	O	
in	O	O	O	O	
alto	O	O	O	O	
con	O	O	O	O	
sè	O	O	O	O	
,	O	O	O	O	
il	B-PER	O	O	O	
padre	I-PER	O	O	O	
scendeva	O	O	O	O	
,	O	O	O	O	
scendeva	O	O	O	O	
,	O	O	O	O	
e	O	O	O	O	
spariva	O	O	O	O	
dal	O	O	O	O	
mio	O	O	O	O	
orizzonte	O	O	O	O	
come	O	O	O	O	
un	B-LOC	O	O	O	
astro	I-LOC	O	O	O	
che	O	O	O	O	
tramonta	O	O	O	O	
.	O	O	O	O	

Oh	O	O	O	O	
!	O	O	O	O	

se	O	O	O	O	
avessi	O	O	O	O	
saputo	O	O	O	O	
quale	O	O	O	O	
triste	O	O	O	O	
avvenire	O	O	O	O	
,	O	O	O	O	
quale	O	O	O	O	
gelida	O	O	O	O	
solitudine	O	O	O	O	
mi	O	O	O	O	
apparecchiavo	O	O	O	O	
!	O	O	O	O	

...	O	O	O	O	
Dacchè	O	O	O	O	
Ernesto	B-PER	O	O	O	
ha	O	O	O	O	
conosciuto	O	O	O	O	
Sofia	B-PER	O	O	O	
,	O	O	O	O	
è	O	O	O	O	
toccato	O	O	O	O	
a	O	O	O	O	
me	O	O	O	O	
il	O	O	O	O	
discendere	O	O	O	O	
.	O	O	O	O	

Se	O	O	O	O	
mio	B-PER	O	O	O	
marito	I-PER	O	O	O	
ha	O	O	O	O	
sofferto	O	O	O	O	
del	O	O	O	O	
mio	O	O	O	O	
distacco	O	O	O	O	
,	O	O	O	O	
può	O	O	O	O	
consolarsene	O	O	O	O	
ora	O	O	O	O	
:	O	O	O	O	
suo	B-PER	O	O	O	
figlio	I-PER	O	O	O	
l	O	O	O	O	
'	O	O	O	O	
ha	O	O	O	O	
vendicato	O	O	O	O	
.	O	O	O	O	

Quanto	O	O	O	O	
ho	O	O	O	O	
sofferto	O	O	O	O	
!	O	O	O	O	

Quanto	O	O	O	O	
soffro	O	O	O	O	
...	O	O	O	O	
Sofia	B-PER	O	O	O	
ha	O	O	O	O	
una	O	O	O	O	
cultura	O	O	O	O	
quasi	O	O	O	O	
maschile	O	O	O	O	
:	O	O	O	O	
una	O	O	O	O	
intelligenza	O	O	O	O	
limpida	O	O	O	O	
;	O	O	O	O	
un	O	O	O	O	
'	O	O	O	O	
indole	O	O	O	O	
nervosa	O	O	O	O	
,	O	O	O	O	
a	O	O	O	O	
scatti	O	O	O	O	
;	O	O	O	O	
una	O	O	O	O	
mente	O	O	O	O	
solida	O	O	O	O	
di	O	O	O	O	
pensatrice	B-PER	O	O	O	
.	O	O	O	O	

È	O	O	O	O	
merito	O	O	O	O	
suo	O	O	O	O	
,	O	O	O	O	
ma	O	O	O	O	
anche	O	O	O	O	
dell	O	O	O	O	
'	O	O	O	O	
ambiente	O	O	O	O	
in	O	O	O	O	
cui	O	O	O	O	
è	O	O	O	O	
vissuta	O	O	O	O	
:	O	O	O	O	
degli	O	O	O	O	
studi	O	O	O	O	
che	O	O	O	O	
ha	O	O	O	O	
fatti	O	O	O	O	
.	O	O	O	O	

Se	O	O	O	O	
fossi	O	O	O	O	
stata	O	O	O	O	
educata	O	O	O	O	
anch	O	O	O	O	
'	O	O	O	O	
io	O	O	O	O	
liberamente	O	O	O	O	
,	O	O	O	O	
e	O	O	O	O	
istruita	O	O	O	O	
come	O	O	O	O	
lei	O	O	O	O	
fin	O	O	O	O	
dall	O	O	O	O	
'	O	O	O	O	
infanzia	O	O	O	O	
...	O	O	O	O	
Oh	O	O	O	O	
!	O	O	O	O	

i	O	O	O	O	
se	O	O	O	O	
non	O	O	O	O	
contano	O	O	O	O	
!	O	O	O	O	

Le	O	O	O	O	
supposizioni	O	O	O	O	
che	O	O	O	O	
non	O	O	O	O	
si	O	O	O	O	
possono	O	O	O	O	
verificare	O	O	O	O	
non	O	O	O	O	
hanno	O	O	O	O	
valore	O	O	O	O	
.	O	O	O	O	

La	O	O	O	O	
realtà	O	O	O	O	
sola	O	O	O	O	
conta	O	O	O	O	
nella	O	O	O	O	
vita	O	O	O	O	
:	O	O	O	O	
quello	O	O	O	O	
che	O	O	O	O	
è	O	O	O	O	
,	O	O	O	O	
non	O	O	O	O	
quello	O	O	O	O	
che	O	O	O	O	
sarebbe	O	O	O	O	
stato	O	O	O	O	
.	O	O	O	O	

E	O	O	O	O	
la	O	O	O	O	
realtà	O	O	O	O	
è	O	O	O	O	
che	O	O	O	O	
,	O	O	O	O	
dato	O	O	O	O	
un	B-PER	O	O	O	
uomo	I-PER	O	O	O	
come	I-PER	O	O	O	
Ernesto	I-PER	O	O	O	
,	O	O	O	O	
Sofia	B-PER	O	O	O	
è	O	O	O	O	
forse	O	O	O	O	
la	B-PER	O	O	O	
sola	I-PER	O	O	O	
donna	I-PER	O	O	O	
che	O	O	O	O	
potesse	O	O	O	O	
renderlo	O	O	O	O	
felice	O	O	O	O	
.	O	O	O	O	

Ed	O	O	O	O	
io	O	O	O	O	
sono	O	O	O	O	
disperata	O	O	O	O	
perchè	O	O	O	O	
mio	B-PER	O	O	O	
figlio	I-PER	O	O	O	
è	O	O	O	O	
felice	O	O	O	O	
?	O	O	O	O	

...	O	O	O	O	
Oh	O	O	O	O	
!	O	O	O	O	

no	O	O	O	O	
!	O	O	O	O	

...	O	O	O	O	
Non	O	O	O	O	
è	O	O	O	O	
vero	O	O	O	O	
!	O	O	O	O	

La	O	O	O	O	
sua	O	O	O	O	
felicità	O	O	O	O	
è	O	O	O	O	
stata	O	O	O	O	
sempre	O	O	O	O	
l	O	O	O	O	
'	O	O	O	O	
unica	O	O	O	O	
meta	O	O	O	O	
de	O	O	O	O	
'	O	O	O	O	
miei	O	O	O	O	
desideri	O	O	O	O	
.	O	O	O	O	

Purchè	O	O	O	O	
duri	O	O	O	O	
però	O	O	O	O	
...	O	O	O	O	
purchè	O	O	O	O	
quella	B-PER	O	O	O	
donna	I-PER	O	O	O	
superiore	I-PER	O	O	O	
sappia	O	O	O	O	
,	O	O	O	O	
poi	O	O	O	O	
,	O	O	O	O	
essere	O	O	O	O	
una	O	B-PER	O	O	
brava	O	I-PER	O	O	
donna	O	I-PER	O	O	
di	O	I-PER	O	O	
casa	B-FAC	I-PER	O	O	
,	O	O	O	O	
una	B-PER	O	O	O	
buona	I-PER	O	O	O	
moglie	I-PER	O	O	O	
:	O	O	O	O	
purchè	O	O	O	O	
non	O	O	O	O	
lo	O	O	O	O	
tormenti	O	O	O	O	
con	O	O	O	O	
le	O	O	O	O	
sue	O	O	O	O	
saccenterie	O	O	O	O	
e	O	O	O	O	
le	O	O	O	O	
sue	O	O	O	O	
esigenze	O	O	O	O	
.	O	O	O	O	

Purchè	O	O	O	O	
il	B-PER	O	O	O	
mio	I-PER	O	O	O	
povero	I-PER	O	O	O	
figliuolo	I-PER	O	O	O	
,	I-PER	O	O	O	
tanto	I-PER	O	O	O	
buono	I-PER	O	O	O	
,	O	O	O	O	
non	O	O	O	O	
si	O	O	O	O	
trovi	O	O	O	O	
schiacciato	O	O	O	O	
dal	O	O	O	O	
carattere	O	O	O	O	
fiero	O	O	O	O	
e	O	O	O	O	
maschio	O	O	O	O	
della	O	O	O	O	
moglie	B-PER	O	O	O	
e	O	O	O	O	
dai	O	O	O	O	
capricci	O	O	O	O	
della	O	O	O	O	
figliastra	B-PER	O	O	O	
!	O	O	O	O	

30	O	O	O	O	
Giugno	O	O	O	O	
1880	O	O	O	O	
.	O	O	O	O	

Io	O	O	O	O	
non	O	O	O	O	
ho	O	O	O	O	
più	O	O	O	O	
nulla	O	O	O	O	
:	O	O	O	O	
nulla	O	O	O	O	
da	O	O	O	O	
fare	O	O	O	O	
nel	O	O	O	O	
mondo	O	O	O	O	
.	O	O	O	O	

La	O	O	O	O	
mia	O	O	O	O	
parte	O	O	O	O	
di	O	O	O	O	
creatura	B-PER	O	O	O	
utile	I-PER	O	O	O	
è	O	O	O	O	
finita	O	O	O	O	
.	O	O	O	O	

Come	O	O	O	O	
moglie	B-PER	O	O	O	
...	O	O	O	O	
Se	O	O	O	O	
mio	B-PER	O	O	O	
marito	I-PER	O	O	O	
fosse	O	O	O	O	
solo	O	O	O	O	
,	O	O	O	O	
se	O	O	O	O	
io	O	O	O	O	
fossi	O	O	O	O	
morta	O	O	O	O	
,	O	O	O	O	
andrebbe	O	O	O	O	
a	O	O	O	O	
stare	O	O	O	O	
con	O	O	O	O	
loro	O	O	O	O	
,	O	O	O	O	
e	O	O	O	O	
starebbe	O	O	O	O	
meglio	O	O	O	O	
.	O	O	O	O	

Due	B-PER	O	O	O	
uomini	I-PER	O	O	O	
possono	O	O	O	O	
sempre	O	O	O	O	
vivere	O	O	O	O	
in	O	O	O	O	
una	B-FAC	O	O	O	
casa	I-FAC	O	O	O	
con	O	O	O	O	
una	B-PER	O	O	O	
donna	I-PER	O	O	O	
sola	I-PER	O	O	O	
:	O	O	O	O	
due	B-PER	O	O	O	
donne	I-PER	O	O	O	
portano	O	O	O	O	
la	O	O	O	O	
discordia	O	O	O	O	
,	O	O	O	O	
o	O	O	O	O	
si	O	O	O	O	
consumano	O	O	O	O	
secretamente	O	O	O	O	
.	O	O	O	O	

Come	O	O	O	O	
madre	B-PER	O	O	O	
...	O	O	O	O	
La	O	O	O	O	
verità	O	O	O	O	
cruda	O	O	O	O	
è	O	O	O	O	
che	O	O	O	O	
sono	O	O	O	O	
un	O	O	O	O	
impiccio	O	O	O	O	
,	O	O	O	O	
un	B-PER	O	O	O	
terzo	I-PER	O	O	O	
incomodo	I-PER	O	O	O	
.	O	O	O	O	

Non	O	O	O	O	
accuso	O	O	O	O	
nessuno	B-PER	O	O	O	
:	O	O	O	O	
Sofia	B-PER	O	O	O	
è	O	O	O	O	
buona	O	O	O	O	
;	O	O	O	O	
Ernesto	B-PER	O	O	O	
mi	O	O	O	O	
vuol	O	O	O	O	
bene	O	O	O	O	
.	O	O	O	O	

Ma	O	O	O	O	
la	O	O	O	O	
vita	O	O	O	O	
di	O	O	O	O	
mio	B-PER	O	O	O	
figlio	I-PER	O	O	O	
non	O	O	O	O	
fa	O	O	O	O	
più	O	O	O	O	
parte	O	O	O	O	
della	O	O	O	O	
mia	O	O	O	O	
:	O	O	O	O	
si	O	O	O	O	
svolge	O	O	O	O	
e	O	O	O	O	
si	O	O	O	O	
appaga	O	O	O	O	
lontano	O	O	O	O	
da	O	O	O	O	
me	O	O	O	O	
.	O	O	O	O	

Di	O	O	O	O	
me	O	O	O	O	
non	O	O	O	O	
ha	O	O	O	O	
più	O	O	O	O	
bisogno	O	O	O	O	
.	O	O	O	O	

E	O	O	O	O	
se	O	O	O	O	
io	O	O	O	O	
non	O	O	O	O	
gli	O	O	O	O	
nascondo	O	O	O	O	
tutto	O	O	O	O	
quello	O	O	O	O	
che	O	O	O	O	
soffro	O	O	O	O	
,	O	O	O	O	
non	O	O	O	O	
sarò	O	O	O	O	
per	O	O	O	O	
lui	O	O	O	O	
che	O	O	O	O	
una	O	O	O	O	
causa	O	O	O	O	
di	O	O	O	O	
tormento	O	O	O	O	
e	O	O	O	O	
di	O	O	O	O	
affanno	O	O	O	O	
.	O	O	O	O	

Sono	O	O	O	O	
inutile	O	O	O	O	
e	O	O	O	O	
sto	O	O	O	O	
forse	O	O	O	O	
per	O	O	O	O	
diventare	O	O	O	O	
dannosa	O	O	O	O	
....	O	O	O	O	
.	O	O	O	O	

15	O	O	O	O	
Settembre	O	O	O	O	
1880	O	O	O	O	
.	O	O	O	O	

Mi	O	O	O	O	
sono	O	O	O	O	
voluta	O	O	O	O	
privare	O	O	O	O	
anche	O	O	O	O	
di	O	O	O	O	
questo	O	O	O	O	
sfogo	O	O	O	O	
dello	O	O	O	O	
scrivere	O	O	O	O	
le	O	O	O	O	
mie	O	O	O	O	
lamentazioni	O	O	O	O	
.	O	O	O	O	

Forse	O	O	O	O	
è	O	O	O	O	
uno	O	O	O	O	
sfogo	O	O	O	O	
morboso	O	O	O	O	
.	O	O	O	O	

Ma	O	O	O	O	
oggi	O	O	O	O	
ci	O	O	O	O	
ricasco	O	O	O	O	
.	O	O	O	O	

Non	O	O	O	O	
posso	O	O	O	O	
chiudermi	O	O	O	O	
tutto	O	O	O	O	
dentro	O	O	O	O	
.	O	O	O	O	

Questo	O	O	O	O	
scarabocchiare	O	O	O	O	
che	O	O	O	O	
faccio	O	O	O	O	
,	O	O	O	O	
mi	O	O	O	O	
dà	O	O	O	O	
l	O	O	O	O	
'	O	O	O	O	
illusione	O	O	O	O	
di	O	O	O	O	
parlare	O	O	O	O	
con	O	O	O	O	
qualcheduno	B-PER	O	O	O	
.	O	O	O	O	

Ritorno	O	O	O	O	
bambina	B-PER	O	O	O	
...	O	O	O	O	
Fossi	O	O	O	O	
almeno	O	O	O	O	
tanto	O	O	O	O	
vecchia	B-PER	O	O	O	
da	O	O	O	O	
rimbambire	O	O	O	O	
davvero	O	O	O	O	
!	O	O	O	O	

...	O	O	O	O	
Ho	O	O	O	O	
paura	O	O	O	O	
di	O	O	O	O	
me	O	O	O	O	
stessa	O	O	O	O	
e	O	O	O	O	
ho	O	O	O	O	
bisogno	O	O	O	O	
d	O	O	O	O	
'	O	O	O	O	
ingannarmi	O	O	O	O	
.	O	O	O	O	

Oggi	O	O	O	O	
sono	O	O	O	O	
stata	O	O	O	O	
sul	O	O	O	O	
punto	O	O	O	O	
di	O	O	O	O	
raccontare	O	O	O	O	
tutte	O	O	O	O	
le	O	O	O	O	
mie	O	O	O	O	
miserie	O	O	O	O	
a	O	O	O	O	
un	B-PER	O	O	O	
estraneo	I-PER	O	O	O	
...	O	O	O	O	
Peggio	O	O	O	O	
che	O	O	O	O	
a	O	O	O	O	
un	B-PER	O	O	O	
estraneo	I-PER	O	O	O	
,	O	O	O	O	
a	O	O	O	O	
lui	O	O	O	O	
,	O	O	O	O	
a	O	O	O	O	
Anselmo	B-PER	O	O	O	
!	O	O	O	O	

C	O	O	O	O	
'	O	O	O	O	
incontriamo	O	O	O	O	
un	O	O	O	O	
po	O	O	O	O	
'	O	O	O	O	
spesso	O	O	O	O	
,	O	O	O	O	
mi	O	O	O	O	
pare	O	O	O	O	
.	O	O	O	O	

Mi	O	O	O	O	
cercherebbe	O	O	O	O	
forse	O	O	O	O	
?	O	O	O	O	

...	O	O	O	O	
Non	O	O	O	O	
credo	O	O	O	O	
.	O	O	O	O	

Io	O	O	O	O	
già	O	O	O	O	
vado	O	O	O	O	
in	O	O	O	O	
volta	O	O	O	O	
per	O	O	O	O	
le	B-FAC	O	O	O	
strade	I-FAC	O	O	O	
come	O	O	O	O	
un	O	O	O	O	
'	O	O	O	O	
anima	O	O	O	O	
in	O	O	O	O	
pena	O	O	O	O	
.	O	O	O	O	

Ho	O	O	O	O	
l	O	O	O	O	
'	O	O	O	O	
irrequietudine	O	O	O	O	
addosso	O	O	O	O	
.	O	O	O	O	

Oggi	O	O	O	O	
ero	O	O	O	O	
uscita	O	O	O	O	
con	O	O	O	O	
l	O	O	O	O	
'	O	O	O	O	
idea	O	O	O	O	
di	O	O	O	O	
fare	O	O	O	O	
qualche	O	O	O	O	
visita	O	O	O	O	
.	O	O	O	O	

Poi	O	O	O	O	
mi	O	O	O	O	
è	O	O	O	O	
passata	O	O	O	O	
la	O	O	O	O	
voglia	O	O	O	O	
di	O	O	O	O	
entrare	O	O	O	O	
in	O	O	O	O	
una	B-FAC	O	O	O	
casa	I-FAC	O	O	O	
,	O	O	O	O	
per	O	O	O	O	
ritrovarvi	O	O	O	O	
la	B-PER	O	O	O	
solita	I-PER	O	O	O	
gente	I-PER	O	O	O	
,	O	O	O	O	
le	O	O	O	O	
solite	O	O	O	O	
faccie	O	O	O	O	
e	O	O	O	O	
i	O	O	O	O	
soliti	O	O	O	O	
sorrisi	O	O	O	O	
stereotipati	O	O	O	O	
:	O	O	O	O	
per	O	O	O	O	
fare	O	O	O	O	
i	O	O	O	O	
soliti	O	O	O	O	
discorsi	O	O	O	O	
...	O	O	O	O	
e	O	O	O	O	
sentirmi	O	O	O	O	
dire	O	O	O	O	
,	O	O	O	O	
per	O	O	O	O	
esempio	O	O	O	O	
,	O	O	O	O	
dalla	O	O	O	O	
Nina	B-PER	O	O	O	
Gaggioli	I-PER	O	O	O	
—	O	O	O	O	
che	O	O	O	O	
non	O	O	O	O	
ha	O	O	O	O	
mai	O	O	O	O	
capito	O	O	O	O	
niente	O	O	O	O	
—	O	O	O	O	
—	O	O	O	O	
Sei	O	O	O	O	
stata	O	O	O	O	
furba	O	O	O	O	
tu	O	O	O	O	
a	O	O	O	O	
non	O	O	O	O	
volere	O	O	O	O	
la	O	B-PER	O	O	
nuora	O	I-PER	O	O	
in	O	I-PER	O	O	
casa	B-FAC	I-PER	O	O	
;	O	O	O	O	
diventi	O	O	O	O	
sempre	O	O	O	O	
più	O	O	O	O	
giovine	O	O	O	O	
!	O	O	O	O	

...	O	O	O	O	
—	O	O	O	O	
e	O	O	O	O	
altre	O	O	O	O	
simili	O	O	O	O	
baggianate	O	O	O	O	
.	O	O	O	O	

Così	O	O	O	O	
,	O	O	O	O	
non	O	O	O	O	
sentendomi	O	O	O	O	
la	O	O	O	O	
forza	O	O	O	O	
di	O	O	O	O	
affrontare	O	O	O	O	
le	O	O	O	O	
noie	O	O	O	O	
di	O	O	O	O	
un	O	O	O	O	
salotto	O	O	O	O	
,	O	O	O	O	
sono	O	O	O	O	
andata	O	O	O	O	
su	O	O	O	O	
e	O	O	O	O	
giù	O	O	O	O	
per	O	O	O	O	
le	B-FAC	O	O	O	
strade	I-FAC	O	O	O	
,	O	O	O	O	
sempre	O	O	O	O	
a	O	O	O	O	
piedi	O	O	O	O	
,	O	O	O	O	
col	O	O	O	O	
bisogno	O	O	O	O	
di	O	O	O	O	
stancarmi	O	O	O	O	
.	O	O	O	O	

In	O	O	O	O	
via	B-LOC	O	O	O	
Montebello	I-LOC	O	O	O	
ho	O	O	O	O	
incontrato	O	O	O	O	
Anselmo	B-PER	O	O	O	
.	O	O	O	O	

Credo	O	O	O	O	
che	O	O	O	O	
giri	O	O	O	O	
anche	O	O	O	O	
lui	O	O	O	O	
come	O	O	O	O	
me	O	O	O	O	
per	O	O	O	O	
disperazione	O	O	O	O	
.	O	O	O	O	

Mi	O	O	O	O	
ha	O	O	O	O	
salutata	O	O	O	O	
e	O	O	O	O	
abbiamo	O	O	O	O	
scambiate	O	O	O	O	
alcune	O	O	O	O	
parole	O	O	O	O	
.	O	O	O	O	

Quasi	O	O	O	O	
senza	O	O	O	O	
accorgerci	O	O	O	O	
abbiamo	O	O	O	O	
continuato	O	O	O	O	
a	O	O	O	O	
camminare	O	O	O	O	
insieme	O	O	O	O	
,	O	O	O	O	
e	O	O	O	O	
,	O	O	O	O	
a	O	O	O	O	
poco	O	O	O	O	
a	O	O	O	O	
poco	O	O	O	O	
,	O	O	O	O	
non	O	O	O	O	
so	O	O	O	O	
più	O	O	O	O	
come	O	O	O	O	
,	O	O	O	O	
lui	O	O	O	O	
mi	O	O	O	O	
ha	O	O	O	O	
raccontato	O	O	O	O	
la	O	O	O	O	
sua	O	O	O	O	
grande	O	O	O	O	
miseria	O	O	O	O	
.	O	O	O	O	

È	O	O	O	O	
proprio	O	O	O	O	
vero	O	O	O	O	
quello	O	O	O	O	
che	O	O	O	O	
mi	O	O	O	O	
avevano	O	O	O	O	
detto	O	O	O	O	
:	O	O	O	O	
sua	B-PER	O	O	O	
moglie	I-PER	O	O	O	
è	O	O	O	O	
rimasta	O	O	O	O	
una	B-PER	O	O	O	
villana	I-PER	O	O	O	
.	O	O	O	O	

Lo	O	O	O	O	
tormenta	O	O	O	O	
e	O	O	O	O	
lo	O	O	O	O	
disonora	O	O	O	O	
...	O	O	O	O	
e	O	O	O	O	
lui	O	O	O	O	
tace	O	O	O	O	
.	O	O	O	O	

Tace	O	O	O	O	
perchè	O	O	O	O	
ha	O	O	O	O	
paura	O	O	O	O	
dello	O	O	O	O	
scandalo	O	O	O	O	
e	O	O	O	O	
paura	O	O	O	O	
dei	O	O	O	O	
parenti	B-PER	O	O	O	
di	I-PER	O	O	O	
lei	I-PER	O	O	O	
,	I-PER	O	O	O	
vere	I-PER	O	O	O	
canaglie	I-PER	O	O	O	
che	O	O	O	O	
son	O	O	O	O	
sempre	O	O	O	O	
là	O	O	O	O	
a	O	O	O	O	
spillargli	O	O	O	O	
i	O	O	O	O	
quattrini	O	O	O	O	
e	O	O	O	O	
pronti	O	O	O	O	
a	O	O	O	O	
minacciarlo	O	O	O	O	
.	O	O	O	O	

Proprio	O	O	O	O	
come	O	O	O	O	
quando	O	O	O	O	
gliel	O	O	O	O	
'	O	O	O	O	
hanno	O	O	O	O	
fatta	O	O	O	O	
sposare	O	O	O	O	
.	O	O	O	O	

Ma	O	O	O	O	
lui	O	O	O	O	
non	O	O	O	O	
sa	O	O	O	O	
che	O	O	O	O	
io	O	O	O	O	
conosco	O	O	O	O	
la	O	O	O	O	
vera	O	O	O	O	
storia	O	O	O	O	
:	O	O	O	O	
me	O	O	O	O	
ne	O	O	O	O	
sono	O	O	O	O	
accorta	O	O	O	O	
dai	O	O	O	O	
suoi	O	O	O	O	
discorsi	O	O	O	O	
.	O	O	O	O	

Crede	O	O	O	O	
che	O	O	O	O	
io	O	O	O	O	
sia	O	O	O	O	
rimasta	O	O	O	O	
alla	O	O	O	O	
vecchia	O	O	O	O	
versione	O	O	O	O	
:	O	O	O	O	
la	O	O	O	O	
testardaggine	O	O	O	O	
di	O	O	O	O	
mio	B-PER	O	O	O	
padre	I-PER	O	O	O	
.	O	O	O	O	

Oh	O	O	O	O	
!	O	O	O	O	

non	O	O	O	O	
l	O	O	O	O	
'	O	O	O	O	
ho	O	O	O	O	
mai	O	O	O	O	
creduta	O	O	O	O	
quella	O	O	O	O	
fandonia	O	O	O	O	
.	O	O	O	O	

Mio	B-PER	O	O	O	
padre	I-PER	O	O	O	
non	O	O	O	O	
avrebbe	O	O	O	O	
mandato	O	O	O	O	
a	O	O	O	O	
monte	O	O	O	O	
il	O	O	O	O	
nostro	O	O	O	O	
matrimonio	O	O	O	O	
,	O	O	O	O	
senza	O	O	O	O	
un	O	O	O	O	
grave	O	O	O	O	
motivo	O	O	O	O	
.	O	O	O	O	

Mi	O	O	O	O	
ricordo	O	O	O	O	
ancora	O	O	O	O	
come	O	O	O	O	
era	O	O	O	O	
triste	O	O	O	O	
,	O	O	O	O	
povero	B-PER	O	O	O	
babbo	I-PER	O	O	O	
!	O	O	O	O	

...	O	O	O	O	
La	O	O	O	O	
colpa	O	O	O	O	
è	O	O	O	O	
stata	O	O	O	O	
tutta	O	O	O	O	
di	O	O	O	O	
Anselmo	B-PER	O	O	O	
...	O	O	O	O	
o	O	O	O	O	
del	O	O	O	O	
destino	O	O	O	O	
.	O	O	O	O	

Se	O	O	O	O	
ci	O	O	O	O	
avessero	O	O	O	O	
maritati	O	O	O	O	
subito	O	O	O	O	
,	O	O	O	O	
forse	O	O	O	O	
non	O	O	O	O	
succedeva	O	O	O	O	
.	O	O	O	O	

Ma	O	O	O	O	
io	O	O	O	O	
non	O	O	O	O	
avevo	O	O	O	O	
che	O	O	O	O	
sedici	O	O	O	O	
anni	O	O	O	O	
ed	O	O	O	O	
ero	O	O	O	O	
una	B-PER	O	O	O	
vera	I-PER	O	O	O	
bambina	I-PER	O	O	O	
.	O	O	O	O	

Il	O	O	O	O	
mio	O	O	O	O	
amore	O	O	O	O	
era	O	O	O	O	
tutto	O	O	O	O	
sogni	O	O	O	O	
e	O	O	O	O	
poesia	O	O	O	O	
.	O	O	O	O	

E	O	O	O	O	
Anselmo	B-PER	O	O	O	
che	O	O	O	O	
studiava	O	O	O	O	
pittura	O	O	O	O	
passava	O	O	O	O	
il	O	O	O	O	
tempo	O	O	O	O	
,	O	O	O	O	
troppo	O	O	O	O	
lungo	O	O	O	O	
,	O	O	O	O	
con	O	O	O	O	
una	B-PER	O	O	O	
modellina	I-PER	O	O	O	
bionda	I-PER	O	O	O	
...	O	O	O	O	
Una	O	O	O	O	
sera	O	O	O	O	
,	O	O	O	O	
mentre	O	O	O	O	
usciva	O	O	O	O	
di	O	O	O	O	
casa	B-FAC	O	O	O	
mia	I-FAC	O	O	O	
,	O	O	O	O	
col	O	O	O	O	
cuore	O	O	O	O	
ebbro	O	O	O	O	
d	O	O	O	O	
'	O	O	O	O	
amore	O	O	O	O	
e	O	O	O	O	
il	O	O	O	O	
cervello	O	O	O	O	
pieno	O	O	O	O	
di	O	O	O	O	
fantasie	O	O	O	O	
celestiali	O	O	O	O	
—	O	O	O	O	
come	O	O	O	O	
diceva	O	O	O	O	
lui	O	O	O	O	
—	O	O	O	O	
due	B-PER	O	O	O	
manigoldi	I-PER	O	O	O	
l	O	O	O	O	
'	O	O	O	O	
assalirono	O	O	O	O	
,	O	O	O	O	
intimandogli	O	O	O	O	
di	O	O	O	O	
sposare	O	O	O	O	
la	B-PER	O	O	O	
loro	I-PER	O	O	O	
sorella	I-PER	O	O	O	
disonorata	I-PER	O	O	O	
,	O	O	O	O	
altrimenti	O	O	O	O	
...	O	O	O	O	
gli	O	O	O	O	
avrebbero	O	O	O	O	
messo	O	O	O	O	
i	O	O	O	O	
busecch	O	O	O	O	
al	O	O	O	O	
coll	O	O	O	O	
.	O	O	O	O	

Ed	O	O	O	O	
erano	O	O	O	O	
faccie	O	O	O	O	
da	O	O	O	O	
tener	O	O	O	O	
la	O	O	O	O	
promessa	O	O	O	O	
.	O	O	O	O	

Lui	O	O	O	O	
ebbe	O	O	O	O	
paura	O	O	O	O	
...	O	O	O	O	
miserabile	O	O	O	O	
paura	O	O	O	O	
!	O	O	O	O	

Un	B-PER	O	O	O	
vigliacco	I-PER	O	O	O	
,	O	O	O	O	
in	O	O	O	O	
fondo	O	O	O	O	
.	O	O	O	O	

Non	O	O	O	O	
sarei	O	O	O	O	
stata	O	O	O	O	
felice	O	O	O	O	
,	O	O	O	O	
no	O	O	O	O	
,	O	O	O	O	
neppure	O	O	O	O	
con	O	O	O	O	
lui	O	O	O	O	
.	O	O	O	O	

Meglio	O	O	O	O	
Antonio	B-PER	O	O	O	
;	O	O	O	O	
almeno	O	O	O	O	
è	O	O	O	O	
un	B-PER	O	O	O	
gentiluomo	I-PER	O	O	O	
!	O	O	O	O	

Antonio	B-PER	O	O	O	
sarebbe	O	O	O	O	
morto	O	O	O	O	
piuttosto	O	O	O	O	
che	O	O	O	O	
avvilirsi	O	O	O	O	
a	O	O	O	O	
quel	O	O	O	O	
punto	O	O	O	O	
.	O	O	O	O	

Povero	B-PER	O	O	O	
uomo	I-PER	O	O	O	
!	O	O	O	O	

Se	O	O	O	O	
fossi	O	O	O	O	
come	O	O	O	O	
lui	O	O	O	O	
,	O	O	O	O	
se	O	O	O	O	
potessi	O	O	O	O	
sprofondarmi	O	O	O	O	
nell	O	O	O	O	
'	O	O	O	O	
egoismo	O	O	O	O	
senile	O	O	O	O	
,	O	O	O	O	
contenta	O	O	O	O	
di	O	O	O	O	
vegetare	O	O	O	O	
tranquillamente	O	O	O	O	
,	O	O	O	O	
ci	O	O	O	O	
si	O	O	O	O	
potrebbe	O	O	O	O	
ancora	O	O	O	O	
intendere	O	O	O	O	
.	O	O	O	O	

Ma	O	O	O	O	
non	O	O	O	O	
è	O	O	O	O	
possibile	O	O	O	O	
.	O	O	O	O	

Questi	O	O	O	O	
ventitrè	O	O	O	O	
anni	O	O	O	O	
che	O	O	O	O	
corrono	O	O	O	O	
tra	O	O	O	O	
lui	O	O	O	O	
e	O	O	O	O	
me	O	O	O	O	
ci	O	O	O	O	
hanno	O	O	O	O	
separati	O	O	O	O	
tutta	O	O	O	O	
la	O	O	O	O	
vita	O	O	O	O	
;	O	O	O	O	
e	O	O	O	O	
io	O	O	O	O	
non	O	O	O	O	
potrò	O	O	O	O	
varcarli	O	O	O	O	
mai	O	O	O	O	
tutti	O	O	O	O	
di	O	O	O	O	
un	O	O	O	O	
colpo	O	O	O	O	
!	O	O	O	O	

È	O	O	O	O	
desolante	O	O	O	O	
.	O	O	O	O	

Viviamo	O	O	O	O	
insieme	O	O	O	O	
e	O	O	O	O	
non	O	O	O	O	
siamo	O	O	O	O	
che	O	O	O	O	
due	B-PER	O	O	O	
solitari	I-PER	O	O	O	
che	O	O	O	O	
s	O	O	O	O	
'	O	O	O	O	
incontrano	O	O	O	O	
a	O	O	O	O	
ore	O	O	O	O	
fisse	O	O	O	O	
,	O	O	O	O	
senza	O	O	O	O	
uscire	O	O	O	O	
dalla	O	O	O	O	
reciproca	O	O	O	O	
solitudine	O	O	O	O	
.	O	O	O	O	

Colui	O	O	O	O	
che	O	O	O	O	
riempiva	O	O	O	O	
talvolta	O	O	O	O	
l	O	O	O	O	
'	O	O	O	O	
immenso	O	O	O	O	
vuoto	O	O	O	O	
ha	O	O	O	O	
altro	O	O	O	O	
da	O	O	O	O	
fare	O	O	O	O	
ora	O	O	O	O	
!	O	O	O	O	

