PREAMBOLO	O	O	O	O	
I	O	O	O	O	
.	O	O	O	O	

Il	B-FAC	O	O	O	
salotto	I-FAC	O	O	O	
era	O	O	O	O	
molto	O	O	O	O	
elegante	O	O	O	O	
.	O	O	O	O	

Nel	O	O	O	O	
caminetto	O	O	O	O	
ardevano	O	O	O	O	
le	O	O	O	O	
legna	O	O	O	O	
e	O	O	O	O	
crepitavano	O	O	O	O	
allegramente	O	O	O	O	
.	O	O	O	O	

Su	O	O	O	O	
di	O	O	O	O	
un	O	O	O	O	
piccolo	O	O	O	O	
tavolo	O	O	O	O	
era	O	O	O	O	
collocata	O	O	O	O	
una	O	O	O	O	
bottiglia	O	O	O	O	
sturata	O	O	O	O	
con	O	O	O	O	
due	O	O	O	O	
bicchieri	O	O	O	O	
riempiti	O	O	O	O	
di	O	O	O	O	
vino	O	O	O	O	
ed	O	O	O	O	
un	O	O	O	O	
servizio	O	O	O	O	
da	O	O	O	O	
fumo	O	O	O	O	
.	O	O	O	O	

Al	O	O	O	O	
tavolo	O	O	O	O	
sedevano	O	O	O	O	
due	B-PER	O	O	O	
uomini	I-PER	O	O	O	
,	O	O	O	O	
l	B-PER	O	O	O	
'	I-PER	O	O	O	
uno	I-PER	O	O	O	
beatamente	O	O	O	O	
sprofondato	O	O	O	O	
in	O	O	O	O	
una	O	O	O	O	
gigantesca	O	O	O	O	
sedia	O	O	O	O	
a	O	O	O	O	
bracciuoli	O	O	O	O	
,	O	O	O	O	
che	O	O	O	O	
ne	O	O	O	O	
celava	O	O	O	O	
quasi	O	O	O	O	
tutta	B-PER	O	O	O	
la	I-PER	O	O	O	
persona	I-PER	O	O	O	
,	O	O	O	O	
l	B-PER	O	O	O	
'	I-PER	O	O	O	
altro	I-PER	O	O	O	
seduto	O	O	O	O	
a	O	O	O	O	
cavalcioni	O	O	O	O	
di	O	O	O	O	
una	O	O	O	O	
sedia	O	O	O	O	
di	O	O	O	O	
cuoio	O	O	O	O	
,	O	O	O	O	
colle	O	O	O	O	
braccia	O	O	O	O	
incrociate	O	O	O	O	
sul	O	O	O	O	
davanzale	O	O	O	O	
.	O	O	O	O	

Quei	O	O	O	O	
due	B-PER	O	O	O	
uomini	I-PER	O	O	O	
erano	O	O	O	O	
del	O	O	O	O	
tutto	O	O	O	O	
dissimili	O	O	O	O	
tra	O	O	O	O	
di	O	O	O	O	
loro	O	O	O	O	
,	O	O	O	O	
come	O	O	O	O	
diverso	O	O	O	O	
era	O	O	O	O	
il	O	O	O	O	
modo	O	O	O	O	
,	O	O	O	O	
nel	O	O	O	O	
quale	O	O	O	O	
stavano	O	O	O	O	
seduti	O	O	O	O	
.	O	O	O	O	

Il	O	O	O	O	
primo	O	O	O	O	
era	O	O	O	O	
un	B-PER	O	O	O	
uomo	I-PER	O	O	O	
di	I-PER	O	O	O	
mezza	I-PER	O	O	O	
età	I-PER	O	O	O	
,	I-PER	O	O	O	
alto	I-PER	O	O	O	
,	I-PER	O	O	O	
slanciato	I-PER	O	O	O	
,	I-PER	O	O	O	
magro	I-PER	O	O	O	
,	O	O	O	O	
con	O	O	O	O	
un	O	O	O	O	
volto	O	O	O	O	
molto	O	O	O	O	
espressivo	O	O	O	O	
,	O	O	O	O	
sbarbato	O	O	O	O	
e	O	O	O	O	
ad	O	O	O	O	
eccezione	O	O	O	O	
di	O	O	O	O	
un	O	O	O	O	
paia	O	O	O	O	
di	O	O	O	O	
piccolissimi	O	O	O	O	
mustacchi	O	O	O	O	
neri	O	O	O	O	
,	O	O	O	O	
che	O	O	O	O	
aveva	O	O	O	O	
tollerato	O	O	O	O	
sul	O	O	O	O	
labbro	O	O	O	O	
superiore	O	O	O	O	
.	O	O	O	O	

Qualche	O	O	O	O	
raro	O	O	O	O	
filo	O	O	O	O	
d	O	O	O	O	
'	O	O	O	O	
argento	O	O	O	O	
tra	O	O	O	O	
quelli	O	O	O	O	
.	O	O	O	O	

L	O	O	O	O	
'	O	O	O	O	
occhio	O	O	O	O	
grigio	O	O	O	O	
era	O	O	O	O	
freddo	O	O	O	O	
;	O	O	O	O	
come	O	O	O	O	
una	O	O	O	O	
di	O	O	O	O	
quelle	O	O	O	O	
antiche	O	O	O	O	
lame	O	O	O	O	
di	O	O	O	O	
Damasco	O	O	O	O	
,	O	O	O	O	
così	O	O	O	O	
grigie	O	O	O	O	
,	O	O	O	O	
così	O	O	O	O	
fredde	O	O	O	O	
,	O	O	O	O	
eppure	O	O	O	O	
così	O	O	O	O	
taglienti	O	O	O	O	
,	O	O	O	O	
che	O	O	O	O	
formano	O	O	O	O	
la	O	O	O	O	
delizia	O	O	O	O	
dei	O	O	O	O	
collezionisti	B-PER	O	O	O	
e	O	O	O	O	
ti	O	O	O	O	
fendono	O	O	O	O	
i	O	O	O	O	
macigni	O	O	O	O	
.	O	O	O	O	

Le	O	O	O	O	
labbra	O	O	O	O	
erano	O	O	O	O	
lunghe	O	O	O	O	
,	O	O	O	O	
pallidissime	O	O	O	O	
;	O	O	O	O	
bella	O	O	O	O	
la	O	O	O	O	
dentatura	O	O	O	O	
di	O	O	O	O	
neve	O	O	O	O	
,	O	O	O	O	
un	O	O	O	O	
po	O	O	O	O	
'	O	O	O	O	
canina	O	O	O	O	
.	O	O	O	O	

I	O	O	O	O	
capelli	O	O	O	O	
molto	O	O	O	O	
corti	O	O	O	O	
,	O	O	O	O	
a	O	O	O	O	
spazzola	O	O	O	O	
,	O	O	O	O	
leggermente	O	O	O	O	
brizzolati	O	O	O	O	
;	O	O	O	O	
le	O	O	O	O	
mani	O	O	O	O	
fine	O	O	O	O	
,	O	O	O	O	
aristocratiche	O	O	O	O	
,	O	O	O	O	
con	O	O	O	O	
unghie	O	O	O	O	
lunghe	O	O	O	O	
,	O	O	O	O	
a	O	O	O	O	
mandorla	O	O	O	O	
,	O	O	O	O	
ben	O	O	O	O	
curate	O	O	O	O	
.	O	O	O	O	

Aveva	O	O	O	O	
indossata	O	O	O	O	
un	O	O	O	O	
'	O	O	O	O	
ampia	O	O	O	O	
veste	O	O	O	O	
da	O	O	O	O	
camera	B-FAC	O	O	O	
,	O	O	O	O	
di	O	O	O	O	
seta	O	O	O	O	
azzurra	O	O	O	O	
,	O	O	O	O	
coperta	O	O	O	O	
di	O	O	O	O	
certi	O	O	O	O	
fiori	O	O	O	O	
strani	O	O	O	O	
,	O	O	O	O	
di	O	O	O	O	
certe	O	O	O	O	
figure	O	O	O	O	
umane	O	O	O	O	
più	O	O	O	O	
strane	O	O	O	O	
ancora	O	O	O	O	
,	O	O	O	O	
con	O	O	O	O	
cappelli	O	O	O	O	
a	O	O	O	O	
cono	O	O	O	O	
ed	O	O	O	O	
ombrellini	O	O	O	O	
fantastici	O	O	O	O	
,	O	O	O	O	
e	O	O	O	O	
tra	O	O	O	O	
fiori	O	O	O	O	
e	O	O	O	O	
mandarini	O	O	O	O	
si	O	O	O	O	
arrampicavano	O	O	O	O	
certi	O	O	O	O	
animali	O	O	O	O	
,	O	O	O	O	
che	O	O	O	O	
non	O	O	O	O	
hanno	O	O	O	O	
mai	O	O	O	O	
figurato	O	O	O	O	
nella	O	O	O	O	
natura	O	O	O	O	
e	O	O	O	O	
che	O	O	O	O	
erano	O	O	O	O	
dovuti	O	O	O	O	
alla	O	O	O	O	
pazza	O	O	O	O	
fantasia	O	O	O	O	
di	O	O	O	O	
qualche	B-PER	O	O	O	
ricamatore	I-PER	O	O	O	
cinese	I-PER	O	O	O	
,	O	O	O	O	
perchè	O	O	O	O	
quella	O	O	O	O	
veste	O	O	O	O	
da	O	O	O	O	
camera	B-FAC	O	O	O	
singolare	O	O	O	O	
,	O	O	O	O	
era	O	O	O	O	
stata	O	O	O	O	
certo	O	O	O	O	
importata	O	O	O	O	
dal	O	O	O	O	
regno	B-GPE	O	O	O	
della	I-GPE	O	O	O	
coda	I-GPE	O	O	O	
.	O	O	O	O	

L	B-PER	O	O	O	
'	I-PER	O	O	O	
altro	I-PER	O	O	O	
era	O	O	O	O	
molto	O	O	O	O	
più	O	O	O	O	
giovane	O	O	O	O	
,	O	O	O	O	
tra	O	O	O	O	
i	O	O	O	O	
venti	O	O	O	O	
ed	O	O	O	O	
i	O	O	O	O	
trent	O	O	O	O	
'	O	O	O	O	
anni	O	O	O	O	
,	O	O	O	O	
vestito	O	O	O	O	
,	O	O	O	O	
con	O	O	O	O	
affettata	O	O	O	O	
noncuranza	O	O	O	O	
,	O	O	O	O	
a	O	O	O	O	
nero	O	O	O	O	
,	O	O	O	O	
con	O	O	O	O	
una	O	O	O	O	
gigantesca	O	O	O	O	
cravatta	O	O	O	O	
nera	O	O	O	O	
,	O	O	O	O	
annodata	O	O	O	O	
al	O	O	O	O	
collo	O	O	O	O	
;	O	O	O	O	
il	O	O	O	O	
suo	O	O	O	O	
volto	O	O	O	O	
era	O	O	O	O	
sbarbato	O	O	O	O	
,	O	O	O	O	
magro	O	O	O	O	
,	O	O	O	O	
dalle	O	O	O	O	
guancie	O	O	O	O	
infossate	O	O	O	O	
,	O	O	O	O	
dagli	O	O	O	O	
zigomi	O	O	O	O	
sporgenti	O	O	O	O	
,	O	O	O	O	
e	O	O	O	O	
con	O	O	O	O	
certe	O	O	O	O	
chiazze	O	O	O	O	
rosse	O	O	O	O	
,	O	O	O	O	
che	O	O	O	O	
si	O	O	O	O	
accentuavano	O	O	O	O	
quando	O	O	O	O	
egli	O	O	O	O	
s	O	O	O	O	
'	O	O	O	O	
infervorava	O	O	O	O	
nel	O	O	O	O	
discorso	O	O	O	O	
.	O	O	O	O	

L	O	O	O	O	
'	O	O	O	O	
occhio	O	O	O	O	
bello	O	O	O	O	
,	O	O	O	O	
di	O	O	O	O	
un	O	O	O	O	
nero	O	O	O	O	
carico	O	O	O	O	
,	O	O	O	O	
si	O	O	O	O	
accendeva	O	O	O	O	
allora	O	O	O	O	
di	O	O	O	O	
certe	O	O	O	O	
luci	O	O	O	O	
strane	O	O	O	O	
;	O	O	O	O	
le	O	O	O	O	
labbra	O	O	O	O	
un	O	O	O	O	
po	O	O	O	O	
'	O	O	O	O	
tumide	O	O	O	O	
,	O	O	O	O	
erano	O	O	O	O	
pallidissime	O	O	O	O	
;	O	O	O	O	
la	O	O	O	O	
dentatura	O	O	O	O	
pessima	O	O	O	O	
;	O	O	O	O	
le	O	O	O	O	
unghie	O	O	O	O	
non	O	O	O	O	
coltivate	O	O	O	O	
;	O	O	O	O	
i	O	O	O	O	
capelli	O	O	O	O	
arruffati	O	O	O	O	
,	O	O	O	O	
spettenati	O	O	O	O	
.	O	O	O	O	

All	O	O	O	O	
'	O	O	O	O	
esterno	O	O	O	O	
dei	O	O	O	O	
due	B-PER	O	O	O	
uomini	I-PER	O	O	O	
corrispondeva	O	O	O	O	
anche	O	O	O	O	
il	O	O	O	O	
loro	O	O	O	O	
modo	O	O	O	O	
di	O	O	O	O	
parlare	O	O	O	O	
.	O	O	O	O	

L	O	B-PER	O	O	
'	O	I-PER	O	O	
uomo	O	I-PER	O	O	
dalla	O	I-PER	O	O	
veste	O	I-PER	O	O	
da	O	I-PER	O	O	
camera	B-FAC	I-PER	O	O	
cinese	O	I-PER	O	O	
era	O	O	O	O	
breve	O	O	O	O	
,	O	O	O	O	
conciso	O	O	O	O	
,	O	O	O	O	
imperioso	O	O	O	O	
,	O	O	O	O	
autoritario	O	O	O	O	
;	O	O	O	O	
sembrava	O	O	O	O	
avvezzo	O	O	O	O	
a	O	O	O	O	
comandare	O	O	O	O	
.	O	O	O	O	

I	O	O	O	O	
pensieri	O	O	O	O	
gli	O	O	O	O	
uscivano	O	O	O	O	
dal	O	O	O	O	
cervello	O	O	O	O	
e	O	O	O	O	
poi	O	O	O	O	
dalle	O	O	O	O	
labbra	O	O	O	O	
,	O	O	O	O	
sotto	O	O	O	O	
forme	O	O	O	O	
di	O	O	O	O	
sentenze	O	O	O	O	
brevi	O	O	O	O	
,	O	O	O	O	
concise	O	O	O	O	
;	O	O	O	O	
egli	O	O	O	O	
era	O	O	O	O	
un	B-PER	O	O	O	
uomo	I-PER	O	O	O	
che	O	O	O	O	
aveva	O	O	O	O	
un	O	O	O	O	
'	O	O	O	O	
opinione	O	O	O	O	
propria	O	O	O	O	
non	O	O	O	O	
solo	O	O	O	O	
,	O	O	O	O	
ma	O	O	O	O	
era	O	O	O	O	
persuaso	O	O	O	O	
,	O	O	O	O	
che	O	O	O	O	
quella	O	O	O	O	
fosse	O	O	O	O	
la	O	O	O	O	
sola	O	O	O	O	
opinione	O	O	O	O	
giusta	O	O	O	O	
e	O	O	O	O	
perciò	O	O	O	O	
da	O	O	O	O	
seguirsi	O	O	O	O	
,	O	O	O	O	
e	O	O	O	O	
la	O	O	O	O	
voleva	O	O	O	O	
imporre	O	O	O	O	
a	O	O	O	O	
tutti	B-PER	O	O	O	
.	O	O	O	O	

L	B-PER	O	O	O	
'	I-PER	O	O	O	
altro	I-PER	O	O	O	
invece	O	O	O	O	
balzava	O	O	O	O	
col	O	O	O	O	
suo	O	O	O	O	
dire	O	O	O	O	
di	O	O	O	O	
palo	O	O	O	O	
in	O	O	O	O	
frasca	O	O	O	O	
;	O	O	O	O	
si	O	O	O	O	
agitava	O	O	O	O	
per	O	O	O	O	
ogni	O	O	O	O	
inezia	O	O	O	O	
;	O	O	O	O	
s	O	O	O	O	
'	O	O	O	O	
infervorava	O	O	O	O	
,	O	O	O	O	
diventava	O	O	O	O	
tragico	O	O	O	O	
,	O	O	O	O	
ed	O	O	O	O	
allora	O	O	O	O	
le	O	O	O	O	
chiazze	O	O	O	O	
rosse	O	O	O	O	
andavano	O	O	O	O	
accentuandosi	O	O	O	O	
,	O	O	O	O	
l	O	O	O	O	
'	O	O	O	O	
occhio	O	O	O	O	
prendeva	O	O	O	O	
strani	O	O	O	O	
bagliori	O	O	O	O	
,	O	O	O	O	
egli	O	O	O	O	
agitava	O	O	O	O	
le	O	O	O	O	
mani	O	O	O	O	
,	O	O	O	O	
muoveva	O	O	O	O	
le	O	O	O	O	
dita	O	O	O	O	
,	O	O	O	O	
stringeva	O	O	O	O	
il	O	O	O	O	
pugno	O	O	O	O	
,	O	O	O	O	
si	O	O	O	O	
dimenava	O	O	O	O	
....	O	O	O	O	
--	O	O	O	O	
Ripeto	O	O	O	O	
:	O	O	O	O	
La	O	O	O	O	
vita	O	O	O	O	
del	O	O	O	O	
sogno	O	O	O	O	
è	O	O	O	O	
qualche	O	O	O	O	
cosa	O	O	O	O	
di	O	O	O	O	
stranamente	O	O	O	O	
misterioso	O	O	O	O	
.	O	O	O	O	

L	O	O	O	O	
'	O	O	O	O	
anima	O	O	O	O	
è	O	O	O	O	
allora	O	O	O	O	
sciolta	O	O	O	O	
dai	O	O	O	O	
lacci	O	O	O	O	
del	O	O	O	O	
tempo	O	O	O	O	
e	O	O	O	O	
misura	O	O	O	O	
gli	O	O	O	O	
eventi	O	O	O	O	
in	O	O	O	O	
un	O	O	O	O	
altro	O	O	O	O	
modo	O	O	O	O	
.	O	O	O	O	

Vive	O	O	O	O	
alle	O	O	O	O	
volte	O	O	O	O	
una	O	O	O	O	
vita	O	O	O	O	
di	O	O	O	O	
mesi	O	O	O	O	
e	O	O	O	O	
mesi	O	O	O	O	
ed	O	O	O	O	
anzi	O	O	O	O	
di	O	O	O	O	
anni	O	O	O	O	
ed	O	O	O	O	
anni	O	O	O	O	
in	O	O	O	O	
uno	O	O	O	O	
spazio	O	O	O	O	
infinitesimale	O	O	O	O	
di	O	O	O	O	
tempo	O	O	O	O	
,	O	O	O	O	
in	O	O	O	O	
mezzo	O	O	O	O	
secondo	O	O	O	O	
,	O	O	O	O	
in	O	O	O	O	
un	O	O	O	O	
secondo	O	O	O	O	
.	O	O	O	O	

Dal	O	O	O	O	
che	O	O	O	O	
si	O	O	O	O	
deduce	O	O	O	O	
,	O	O	O	O	
che	O	O	O	O	
la	O	O	O	O	
vita	O	O	O	O	
dell	O	O	O	O	
'	O	O	O	O	
anima	O	O	O	O	
è	O	O	O	O	
del	O	O	O	O	
tutto	O	O	O	O	
diversa	O	O	O	O	
da	O	O	O	O	
quella	O	O	O	O	
del	O	O	O	O	
corpo	O	O	O	O	
.	O	O	O	O	

La	O	O	O	O	
vita	O	O	O	O	
del	O	O	O	O	
corpo	O	O	O	O	
si	O	O	O	O	
misura	O	O	O	O	
da	O	O	O	O	
aurora	O	O	O	O	
a	O	O	O	O	
tramonto	O	O	O	O	
e	O	O	O	O	
da	O	O	O	O	
tramonto	O	O	O	O	
ad	O	O	O	O	
aurora	O	O	O	O	
,	O	O	O	O	
a	O	O	O	O	
giorni	O	O	O	O	
,	O	O	O	O	
a	O	O	O	O	
mesi	O	O	O	O	
,	O	O	O	O	
ad	O	O	O	O	
anni	O	O	O	O	
,	O	O	O	O	
e	O	O	O	O	
quella	O	O	O	O	
dell	O	O	O	O	
'	O	O	O	O	
anima	O	O	O	O	
invece	O	O	O	O	
....	O	O	O	O	
e	O	O	O	O	
s	O	O	O	O	
'	O	O	O	O	
interruppe	O	O	O	O	
bruscamente	O	O	O	O	
.	O	O	O	O	

L	B-PER	O	O	O	
'	I-PER	O	O	O	
altro	I-PER	O	O	O	
rise	O	O	O	O	
.	O	O	O	O	

Il	O	O	O	O	
suo	O	O	O	O	
riso	O	O	O	O	
era	O	O	O	O	
così	O	O	O	O	
beffardo	O	O	O	O	
.	O	O	O	O	

--	O	O	O	O	
Non	O	O	O	O	
continui	O	O	O	O	
?	O	O	O	O	

domandò	O	O	O	O	
.	O	O	O	O	

--	O	O	O	O	
Mi	O	O	O	O	
manca	O	O	O	O	
il	O	O	O	O	
termine	O	O	O	O	
.	O	O	O	O	

--	O	O	O	O	
Od	O	O	O	O	
il	O	O	O	O	
concetto	O	O	O	O	
.	O	O	O	O	

Pazzo	B-PER	O	O	O	
!	O	O	O	O	

L	B-PER	O	O	O	
'	I-PER	O	O	O	
uomo	I-PER	O	O	O	
non	O	O	O	O	
ha	O	O	O	O	
anima	O	O	O	O	
.	O	O	O	O	

È	O	O	O	O	
un	O	O	O	O	
animale	O	O	O	O	
rapace	O	O	O	O	
,	O	O	O	O	
sentenziò	O	O	O	O	
l	B-PER	O	O	O	
'	I-PER	O	O	O	
uomo	I-PER	O	O	O	
dagli	I-PER	O	O	O	
occhi	I-PER	O	O	O	
grigi	I-PER	O	O	O	
.	O	O	O	O	

Le	O	O	O	O	
chiazze	O	O	O	O	
sul	O	O	O	O	
volto	O	O	O	O	
dell	O	O	O	O	
'	O	O	O	O	
altro	B-PER	O	O	O	
si	O	O	O	O	
accentuarono	O	O	O	O	
.	O	O	O	O	

--	O	O	O	O	
La	O	O	O	O	
ho	O	O	O	O	
.	O	O	O	O	

La	O	O	O	O	
sento	O	O	O	O	
!	O	O	O	O	

esclamò	O	O	O	O	
con	O	O	O	O	
persuasione	O	O	O	O	
.	O	O	O	O	

--	O	O	O	O	
Ed	O	O	O	O	
allora	O	O	O	O	
fatti	O	O	O	O	
frate	B-PER	O	O	O	
!	O	O	O	O	

L	B-PER	O	O	O	
'	I-PER	O	O	O	
altro	I-PER	O	O	O	
fece	O	O	O	O	
un	O	O	O	O	
gesto	O	O	O	O	
di	O	O	O	O	
scherno	O	O	O	O	
.	O	O	O	O	

--	O	O	O	O	
Studio	O	O	O	O	
filosofia	O	O	O	O	
.	O	O	O	O	

Appunto	O	O	O	O	
perchè	O	O	O	O	
ho	O	O	O	O	
un	O	O	O	O	
'	O	O	O	O	
anima	O	O	O	O	
sono	O	O	O	O	
ateo	O	O	O	O	
,	O	O	O	O	
sono	O	O	O	O	
anticlericale	O	O	O	O	
,	O	O	O	O	
sono	O	O	O	O	
libertario	O	O	O	O	
!	O	O	O	O	

esclamò	O	O	O	O	
.	O	O	O	O	

--	O	O	O	O	
Come	O	O	O	O	
devo	O	O	O	O	
odiare	O	O	O	O	
tutti	B-PER	O	O	O	
coloro	I-PER	O	O	O	
i	I-PER	O	O	O	
quali	I-PER	O	O	O	
metterebbero	I-PER	O	O	O	
in	I-PER	O	O	O	
ceppi	I-PER	O	O	O	
il	I-PER	O	O	O	
mio	I-PER	O	O	O	
corpo	I-PER	O	O	O	
,	O	O	O	O	
così	O	O	O	O	
devo	O	O	O	O	
odiare	O	O	O	O	
la	O	O	O	O	
religione	O	O	O	O	
,	O	O	O	O	
perchè	O	O	O	O	
essa	O	O	O	O	
mette	O	O	O	O	
i	O	O	O	O	
ceppi	O	O	O	O	
al	O	O	O	O	
mio	O	O	O	O	
spirito	O	O	O	O	
.	O	O	O	O	

Schiavo	O	B-PER	O	O	
di	O	I-PER	O	O	
nessuno	B-PER	I-PER	O	O	
,	O	O	O	O	
nè	O	O	O	O	
nell	O	O	O	O	
'	O	O	O	O	
anima	O	O	O	O	
nè	O	O	O	O	
nel	O	O	O	O	
corpo	O	O	O	O	
!	O	O	O	O	

--	O	O	O	O	
Già	O	O	O	O	
.	O	O	O	O	

Ma	O	O	O	O	
intanto	O	O	O	O	
,	O	O	O	O	
mentre	O	O	O	O	
c	O	O	O	O	
'	O	O	O	O	
è	O	O	O	O	
tanto	O	O	O	O	
bisogno	O	O	O	O	
di	O	O	O	O	
chi	O	O	O	O	
diffonda	O	O	O	O	
le	O	O	O	O	
nostre	O	O	O	O	
idee	O	O	O	O	
,	O	O	O	O	
i	O	O	O	O	
nostri	O	O	O	O	
sani	O	O	O	O	
e	O	O	O	O	
santi	O	O	O	O	
principi	O	O	O	O	
,	O	O	O	O	
tu	O	O	O	O	
perdi	O	O	O	O	
il	O	O	O	O	
tuo	O	O	O	O	
tempo	O	O	O	O	
studiando	O	O	O	O	
filosofia	O	O	O	O	
,	O	O	O	O	
osservò	O	O	O	O	
l	B-PER	O	O	O	
'	I-PER	O	O	O	
altro	I-PER	O	O	O	
con	O	O	O	O	
scherno	O	O	O	O	
.	O	O	O	O	

--	O	O	O	O	
Io	O	O	O	O	
lavoro	O	O	O	O	
.	O	O	O	O	

--	O	O	O	O	
Che	O	O	O	O	
cosa	O	O	O	O	
fai	O	O	O	O	
?	O	O	O	O	

--	O	O	O	O	
Parlo	O	O	O	O	
!	O	O	O	O	

Propagando	O	O	O	O	
le	O	O	O	O	
nostre	O	O	O	O	
idee	O	O	O	O	
....	O	O	O	O	
.	O	O	O	O	

--	O	O	O	O	
Non	O	O	O	O	
abbiamo	O	O	O	O	
bisogno	O	O	O	O	
di	O	O	O	O	
ciarloni	B-PER	O	O	O	
.	O	O	O	O	

Vogliamo	O	O	O	O	
gente	B-PER	O	O	O	
che	I-PER	O	O	O	
lavori	I-PER	O	O	O	
!	O	O	O	O	

--	O	O	O	O	
E	O	O	O	O	
tu	O	O	O	O	
,	O	O	O	O	
che	O	O	O	O	
cosa	O	O	O	O	
fai	O	O	O	O	
?	O	O	O	O	

domandò	O	O	O	O	
il	B-PER	O	O	O	
più	I-PER	O	O	O	
giovane	I-PER	O	O	O	
,	O	O	O	O	
mentre	O	O	O	O	
un	O	O	O	O	
grande	O	O	O	O	
colpo	O	O	O	O	
di	O	O	O	O	
tosse	O	O	O	O	
ne	O	O	O	O	
scuoteva	O	O	O	O	
lo	O	O	O	O	
scarno	O	O	O	O	
petto	O	O	O	O	
.	O	O	O	O	

--	O	O	O	O	
Questo	O	O	O	O	
,	O	O	O	O	
disse	O	O	O	O	
l	O	O	O	O	
'	O	O	O	O	
altro	O	O	O	O	
e	O	O	O	O	
,	O	O	O	O	
alzatosi	O	O	O	O	
,	O	O	O	O	
avvicinò	O	O	O	O	
un	O	O	O	O	
elegante	O	O	O	O	
stipo	O	O	O	O	
di	O	O	O	O	
legno	O	O	O	O	
lucidato	O	O	O	O	
,	O	O	O	O	
dalle	O	O	O	O	
grosse	O	O	O	O	
borchie	O	O	O	O	
di	O	O	O	O	
bronzo	O	O	O	O	
giallo	O	O	O	O	
,	O	O	O	O	
caldo	O	O	O	O	
.	O	O	O	O	

Premette	O	O	O	O	
una	O	O	O	O	
suola	O	O	O	O	
ed	O	O	O	O	
aprì	O	O	O	O	
una	O	O	O	O	
porticina	O	O	O	O	
.	O	O	O	O	

L	B-PER	O	O	O	
'	I-PER	O	O	O	
altro	I-PER	O	O	O	
vide	O	O	O	O	
alcuni	O	O	O	O	
ordigni	O	O	O	O	
di	O	O	O	O	
metallo	O	O	O	O	
giallo	O	O	O	O	
,	O	O	O	O	
piccolini	O	O	O	O	
,	O	O	O	O	
rotondi	O	O	O	O	
,	O	O	O	O	
lucidi	O	O	O	O	
.	O	O	O	O	

--	O	O	O	O	
Quattro	O	O	O	O	
!	O	O	O	O	

mormorò	O	O	O	O	
.	O	O	O	O	

--	O	O	O	O	
Ecco	O	O	O	O	
i	O	O	O	O	
nostri	O	O	O	O	
grandi	O	O	O	O	
argomenti	O	O	O	O	
nella	O	O	O	O	
lotta	O	O	O	O	
per	O	O	O	O	
la	O	O	O	O	
rivendicazione	O	O	O	O	
dei	O	O	O	O	
nostri	O	O	O	O	
diritti	O	O	O	O	
e	O	O	O	O	
nella	O	O	O	O	
campagna	O	O	O	O	
che	O	O	O	O	
meniamo	O	O	O	O	
contro	O	O	O	O	
ogni	O	O	O	O	
tirannide	O	O	O	O	
!	O	O	O	O	

disse	O	O	O	O	
l	B-PER	O	O	O	
'	I-PER	O	O	O	
uomo	I-PER	O	O	O	
dagli	I-PER	O	O	O	
occhi	I-PER	O	O	O	
grigi	I-PER	O	O	O	
e	O	O	O	O	
fissò	O	O	O	O	
l	B-PER	O	O	O	
'	I-PER	O	O	O	
altro	I-PER	O	O	O	
in	O	O	O	O	
volto	O	O	O	O	
.	O	O	O	O	

Il	O	O	O	O	
suo	O	O	O	O	
sguardo	O	O	O	O	
gli	O	O	O	O	
penetrò	O	O	O	O	
attraverso	O	O	O	O	
gli	O	O	O	O	
occhi	O	O	O	O	
fin	O	O	O	O	
nel	O	O	O	O	
cuore	O	O	O	O	
,	O	O	O	O	
procurandogli	O	O	O	O	
un	O	O	O	O	
disagio	O	O	O	O	
grande	O	O	O	O	
,	O	O	O	O	
un	O	O	O	O	
malessere	O	O	O	O	
acuto	O	O	O	O	
,	O	O	O	O	
che	O	O	O	O	
invano	O	O	O	O	
cercò	O	O	O	O	
di	O	O	O	O	
vincere	O	O	O	O	
.	O	O	O	O	

--	O	O	O	O	
Quando	O	O	O	O	
?	O	O	O	O	

domandò	O	O	O	O	
scuotendosi	O	O	O	O	
.	O	O	O	O	

--	O	O	O	O	
È	O	O	O	O	
inutile	O	O	O	O	
che	O	O	O	O	
te	O	O	O	O	
lo	O	O	O	O	
dica	O	O	O	O	
.	O	O	O	O	

--	O	O	O	O	
Perchè	O	O	O	O	
?	O	O	O	O	

--	O	O	O	O	
Non	O	O	O	O	
hai	O	O	O	O	
coraggio	O	O	O	O	
!	O	O	O	O	

disse	O	O	O	O	
l	B-PER	O	O	O	
'	I-PER	O	O	O	
uomo	I-PER	O	O	O	
dalla	I-PER	O	O	O	
veste	I-PER	O	O	O	
cinese	I-PER	O	O	O	
con	O	O	O	O	
sprezzo	O	O	O	O	
.	O	O	O	O	

L	B-PER	O	O	O	
'	I-PER	O	O	O	
altro	I-PER	O	O	O	
si	O	O	O	O	
eresse	O	O	O	O	
sulla	O	O	O	O	
persona	O	O	O	O	
;	O	O	O	O	
lo	O	O	O	O	
sguardo	O	O	O	O	
divenne	O	O	O	O	
più	O	O	O	O	
strano	O	O	O	O	
che	O	O	O	O	
mai	O	O	O	O	
;	O	O	O	O	
le	O	O	O	O	
chiazze	O	O	O	O	
assunsero	O	O	O	O	
una	O	O	O	O	
tinta	O	O	O	O	
quasi	O	O	O	O	
scarlatta	O	O	O	O	
.	O	O	O	O	

--	O	O	O	O	
Del	O	O	O	O	
vile	B-PER	O	O	O	
a	O	O	O	O	
me	O	O	O	O	
!	O	O	O	O	

A	O	O	O	O	
me	O	O	O	O	
che	O	O	O	O	
ho	O	O	O	O	
sacrificato	O	O	O	O	
tutto	O	O	O	O	
al	O	O	O	O	
nostro	O	O	O	O	
ideale	O	O	O	O	
;	O	O	O	O	
che	O	O	O	O	
odio	O	O	O	O	
con	O	O	O	O	
infinito	O	O	O	O	
livore	O	O	O	O	
ogni	B-PER	O	O	O	
tiranno	I-PER	O	O	O	
,	O	O	O	O	
il	B-ORG	O	O	O	
governo	I-ORG	O	O	O	
,	O	O	O	O	
la	B-ORG	O	O	O	
chiesa	I-ORG	O	O	O	
,	O	O	O	O	
l	B-ORG	O	O	O	
'	I-ORG	O	O	O	
aristocrazia	I-ORG	O	O	O	
,	O	O	O	O	
i	B-PER	O	O	O	
ricchi	I-PER	O	O	O	
,	O	O	O	O	
ed	O	O	O	O	
anche	O	O	O	O	
tutti	O	B-PER	O	O	
i	O	I-PER	O	O	
papi	O	I-PER	O	O	
del	O	I-PER	O	O	
partito	B-ORG	I-PER	O	O	
socialista	I-ORG	I-PER	O	O	
!	O	O	O	O	

Del	O	O	O	O	
vile	B-PER	O	O	O	
a	O	O	O	O	
me	O	O	O	O	
,	O	O	O	O	
che	O	O	O	O	
ho	O	O	O	O	
troncato	O	O	O	O	
la	O	O	O	O	
mia	O	O	O	O	
carriera	O	O	O	O	
,	O	O	O	O	
che	O	O	O	O	
mi	O	O	O	O	
sono	O	O	O	O	
logorato	O	O	O	O	
la	O	O	O	O	
salute	O	O	O	O	
,	O	O	O	O	
che	O	O	O	O	
ho	O	O	O	O	
....	O	O	O	O	
.	O	O	O	O	

esclamò	O	O	O	O	
con	O	O	O	O	
un	O	O	O	O	
fare	O	O	O	O	
tragico	O	O	O	O	
.	O	O	O	O	

L	B-PER	O	O	O	
'	I-PER	O	O	O	
altro	I-PER	O	O	O	
lo	O	O	O	O	
interruppe	O	O	O	O	
con	O	O	O	O	
un	O	O	O	O	
gesto	O	O	O	O	
di	O	O	O	O	
disprezzo	O	O	O	O	
.	O	O	O	O	

--	O	O	O	O	
Meno	O	O	O	O	
chiacchiere	O	O	O	O	
!	O	O	O	O	

Hai	O	O	O	O	
davvero	O	O	O	O	
coraggio	O	O	O	O	
?	O	O	O	O	

gli	O	O	O	O	
domandò	O	O	O	O	
.	O	O	O	O	

--	O	O	O	O	
Sì	O	O	O	O	
.	O	O	O	O	

--	O	O	O	O	
Quante	O	O	O	O	
?	O	O	O	O	

L	B-PER	O	O	O	
'	I-PER	O	O	O	
altro	I-PER	O	O	O	
fece	O	O	O	O	
un	O	O	O	O	
gesto	O	O	O	O	
di	O	O	O	O	
terrore	O	O	O	O	
.	O	O	O	O	

--	O	O	O	O	
Io	O	O	O	O	
?	O	O	O	O	

--	O	O	O	O	
Se	O	O	O	O	
non	O	O	O	O	
sei	O	O	O	O	
vile	O	O	O	O	
.	O	O	O	O	

--	O	O	O	O	
Non	O	O	O	O	
lo	O	O	O	O	
sono	O	O	O	O	
.	O	O	O	O	

--	O	O	O	O	
Vuoi	O	O	O	O	
?	O	O	O	O	

--	O	O	O	O	
Sì	O	O	O	O	
.	O	O	O	O	

--	O	O	O	O	
Quante	O	O	O	O	
?	O	O	O	O	

--	O	O	O	O	
Una	O	O	O	O	
.	O	O	O	O	

--	O	O	O	O	
E	O	O	O	O	
vada	O	O	O	O	
per	O	O	O	O	
una	O	O	O	O	
.	O	O	O	O	

Domani	O	O	O	O	
!	O	O	O	O	

--	O	O	O	O	
Il	O	O	O	O	
giorno	O	O	O	O	
di	O	O	O	O	
Natale	O	O	O	O	
!	O	O	O	O	

esclamò	O	O	O	O	
l	O	O	O	O	
'	O	O	O	O	
altro	O	O	O	O	
,	O	O	O	O	
scuotendosi	O	O	O	O	
.	O	O	O	O	

Un	O	O	O	O	
sorriso	O	O	O	O	
di	O	O	O	O	
scherno	O	O	O	O	
errò	O	O	O	O	
sulle	O	O	O	O	
pallide	O	O	O	O	
labbra	O	O	O	O	
del	O	O	O	O	
primo	O	O	O	O	
.	O	O	O	O	

--	O	O	O	O	
Il	O	O	O	O	
Natale	O	O	O	O	
t	O	O	O	O	
'	O	O	O	O	
impone	O	O	O	O	
?	O	O	O	O	

domandò	O	O	O	O	
.	O	O	O	O	

--	O	O	O	O	
Certi	O	O	O	O	
ricordi	O	O	O	O	
....	O	O	O	O	
.	O	O	O	O	

--	O	O	O	O	
Di	O	O	O	O	
antiche	O	O	O	O	
debolezze	O	O	O	O	
,	O	O	O	O	
delle	O	O	O	O	
quali	O	O	O	O	
dobbiamo	O	O	O	O	
vergognarci	O	O	O	O	
,	O	O	O	O	
Io	O	O	O	O	
una	O	O	O	O	
e	O	O	O	O	
tu	O	O	O	O	
una	O	O	O	O	
.	O	O	O	O	

Dove	O	O	O	O	
vuoi	O	O	O	O	
?	O	O	O	O	

Nella	O	O	O	O	
chiesa	B-FAC	O	O	O	
,	O	O	O	O	
durante	O	O	O	O	
la	O	O	O	O	
Messa	O	O	O	O	
,	O	O	O	O	
o	O	O	O	O	
tra	O	O	O	O	
la	B-PER	O	O	O	
folla	I-PER	O	O	O	
che	I-PER	O	O	O	
passeggia	I-PER	O	O	O	
?	O	O	O	O	

--	O	O	O	O	
Tra	O	O	O	O	
la	B-PER	O	O	O	
folla	I-PER	O	O	O	
.	O	O	O	O	

E	O	O	O	O	
tu	O	O	O	O	
?	O	O	O	O	

--	O	O	O	O	
Io	O	O	O	O	
in	O	O	O	O	
chiesa	B-FAC	O	O	O	
.	O	O	O	O	

Resta	O	O	O	O	
stanotte	O	O	O	O	
presso	O	O	O	O	
di	O	O	O	O	
me	O	O	O	O	
.	O	O	O	O	

Ordinerò	O	O	O	O	
dal	O	O	O	O	
trattore	B-PER	O	O	O	
la	O	O	O	O	
cena	O	O	O	O	
per	O	O	O	O	
due	O	O	O	O	
.	O	O	O	O	

Potrai	O	O	O	O	
dormire	O	O	O	O	
nel	O	O	O	O	
gabinetto	B-FAC	O	O	O	
,	O	O	O	O	
e	O	O	O	O	
domani	O	O	O	O	
usciremo	O	O	O	O	
assieme	O	O	O	O	
.	O	O	O	O	

--	O	O	O	O	
Dispensami	O	O	O	O	
stasera	O	O	O	O	
.	O	O	O	O	

Verrò	O	O	O	O	
domattina	O	O	O	O	
per	O	O	O	O	
tempo	O	O	O	O	
,	O	O	O	O	
disse	O	O	O	O	
l	B-PER	O	O	O	
'	I-PER	O	O	O	
altro	I-PER	O	O	O	
imbarazzato	O	O	O	O	
.	O	O	O	O	

Il	B-PER	O	O	O	
più	I-PER	O	O	O	
anziano	I-PER	O	O	O	
gli	O	O	O	O	
diede	O	O	O	O	
un	O	O	O	O	
'	O	O	O	O	
occhiata	O	O	O	O	
di	O	O	O	O	
scherno	O	O	O	O	
.	O	O	O	O	

--	O	O	O	O	
Vuoi	O	O	O	O	
santificare	O	O	O	O	
la	O	O	O	O	
notte	O	O	O	O	
di	O	O	O	O	
Natale	O	O	O	O	
?	O	O	O	O	

domandò	O	O	O	O	
.	O	O	O	O	

--	O	O	O	O	
Ho	O	O	O	O	
promesso	O	O	O	O	
di	O	O	O	O	
passarla	O	O	O	O	
con	O	O	O	O	
mia	B-PER	O	O	O	
sorella	I-PER	O	O	O	
e	O	O	O	O	
coi	O	O	O	O	
suoi	B-PER	O	O	O	
figli	I-PER	O	O	O	
,	O	O	O	O	
rispose	O	O	O	O	
imbarazzato	O	O	O	O	
.	O	O	O	O	

--	O	O	O	O	
Non	O	O	O	O	
dovevi	O	O	O	O	
accettare	O	O	O	O	
.	O	O	O	O	

--	O	O	O	O	
Non	O	O	O	O	
potevo	O	O	O	O	
dire	O	O	O	O	
di	O	O	O	O	
no	O	O	O	O	
.	O	O	O	O	

--	O	O	O	O	
Hanno	O	O	O	O	
invitato	O	O	O	O	
anche	O	O	O	O	
me	O	O	O	O	
al	O	O	O	O	
cenone	O	O	O	O	
,	O	O	O	O	
alla	O	O	O	O	
allegria	O	O	O	O	
dell	O	O	O	O	
'	O	O	O	O	
albero	O	O	O	O	
di	O	O	O	O	
Natale	O	O	O	O	
.	O	O	O	O	

Infami	O	O	O	O	
ricordi	O	O	O	O	
della	O	O	O	O	
più	O	O	O	O	
infame	O	O	O	O	
tra	O	O	O	O	
le	O	O	O	O	
tirannidi	O	O	O	O	
,	O	O	O	O	
la	O	O	O	O	
clericale	O	O	O	O	
!	O	O	O	O	

Non	O	O	O	O	
ho	O	O	O	O	
accettato	O	O	O	O	
!	O	O	O	O	

Non	O	O	O	O	
andare	O	O	O	O	
neppure	O	O	O	O	
tu	O	O	O	O	
.	O	O	O	O	

Rimani	O	O	O	O	
con	O	O	O	O	
me	O	O	O	O	
.	O	O	O	O	

Una	O	O	O	O	
cenetta	O	O	O	O	
e	O	O	O	O	
poi	O	O	O	O	
....	O	O	O	O	
..	O	O	O	O	
--	O	O	O	O	
Ho	O	O	O	O	
accettato	O	O	O	O	
.	O	O	O	O	

Novello	O	O	O	O	
sorriso	O	O	O	O	
di	O	O	O	O	
scherno	O	O	O	O	
.	O	O	O	O	

--	O	O	O	O	
Vile	O	O	O	O	
!	O	O	O	O	

--	O	O	O	O	
Non	O	O	O	O	
potevo	O	O	O	O	
dire	O	O	O	O	
di	O	O	O	O	
no	O	O	O	O	
.	O	O	O	O	

Ma	O	O	O	O	
domattina	O	O	O	O	
sarò	O	O	O	O	
qua	O	O	O	O	
alle	O	O	O	O	
otto	O	O	O	O	
e	O	O	O	O	
ti	O	O	O	O	
proverò	O	O	O	O	
che	O	O	O	O	
ho	O	O	O	O	
coraggio	O	O	O	O	
.	O	O	O	O	

L	B-PER	O	O	O	
'	I-PER	O	O	O	
altro	I-PER	O	O	O	
rise	O	O	O	O	
.	O	O	O	O	

--	O	O	O	O	
Ti	O	O	O	O	
attendo	O	O	O	O	
.	O	O	O	O	

Ma	O	O	O	O	
la	O	O	O	O	
tua	O	O	O	O	
venuta	O	O	O	O	
non	O	O	O	O	
proverà	O	O	O	O	
la	O	O	O	O	
tesi	O	O	O	O	
.	O	O	O	O	

Avrai	O	O	O	O	
audacia	O	O	O	O	
ma	O	O	O	O	
non	O	O	O	O	
coraggio	O	O	O	O	
.	O	O	O	O	

Chi	O	O	O	O	
ha	O	O	O	O	
coraggio	O	O	O	O	
la	O	O	O	O	
rompe	O	O	O	O	
con	O	O	O	O	
tutto	O	O	O	O	
;	O	O	O	O	
anche	O	O	O	O	
con	O	O	O	O	
certe	O	O	O	O	
pratiche	O	O	O	O	
care	O	O	O	O	
,	O	O	O	O	
con	O	O	O	O	
certe	O	O	O	O	
credenze	O	O	O	O	
.	O	O	O	O	

--	O	O	O	O	
Non	O	O	O	O	
credo	O	O	O	O	
.	O	O	O	O	

Odio	O	O	O	O	
.	O	O	O	O	

Ma	O	O	O	O	
mi	O	O	O	O	
hanno	O	O	O	O	
invitato	O	O	O	O	
.	O	O	O	O	

Non	O	O	O	O	
è	O	O	O	O	
una	O	O	O	O	
festa	O	O	O	O	
religiosa	O	O	O	O	
ma	O	O	O	O	
di	O	O	O	O	
famiglia	O	O	O	O	
.	O	O	O	O	

--	O	O	O	O	
Che	O	O	O	O	
ha	O	O	O	O	
però	O	O	O	O	
le	O	O	O	O	
proprie	O	O	O	O	
radici	O	O	O	O	
in	O	O	O	O	
quella	O	O	O	O	
fede	O	O	O	O	
cattolica	O	O	O	O	
,	O	O	O	O	
che	O	O	O	O	
noi	O	O	O	O	
dobbiamo	O	O	O	O	
sradicare	O	O	O	O	
dal	O	O	O	O	
mondo	B-LOC	O	O	O	
.	O	O	O	O	

Finchè	O	O	O	O	
noi	O	O	O	O	
avremo	O	O	O	O	
la	O	O	O	O	
debolezza	O	O	O	O	
di	O	O	O	O	
solennizzare	O	O	O	O	
il	O	O	O	O	
Natale	O	O	O	O	
,	O	O	O	O	
magari	O	O	O	O	
soltanto	O	O	O	O	
con	O	O	O	O	
una	O	O	O	O	
scorpacciata	O	O	O	O	
,	O	O	O	O	
proveremo	O	O	O	O	
la	O	O	O	O	
nostra	O	O	O	O	
dipendenza	O	O	O	O	
da	O	O	O	O	
quelle	O	O	O	O	
idee	O	O	O	O	
,	O	O	O	O	
concorreremo	O	O	O	O	
a	O	O	O	O	
tenerle	O	O	O	O	
vive	O	O	O	O	
e	O	O	O	O	
faremo	O	O	O	O	
del	O	O	O	O	
nostro	O	O	O	O	
,	O	O	O	O	
acciocchè	O	O	O	O	
resti	O	O	O	O	
sempre	O	O	O	O	
desto	O	O	O	O	
il	O	O	O	O	
ricordo	O	O	O	O	
del	O	O	O	O	
fanciullo	O	B-PER	O	O	
di	O	I-PER	O	O	
Nazaret	B-GPE	I-PER	O	O	
e	O	O	O	O	
di	O	O	O	O	
quello	O	O	O	O	
che	O	O	O	O	
esso	O	O	O	O	
significa	O	O	O	O	
.	O	O	O	O	

--	O	O	O	O	
Non	O	O	O	O	
dovrei	O	O	O	O	
andare	O	O	O	O	
?	O	O	O	O	

--	O	O	O	O	
No	O	O	O	O	
.	O	O	O	O	

Il	B-PER	O	O	O	
giovane	I-PER	O	O	O	
esitò	O	O	O	O	
un	O	O	O	O	
istante	O	O	O	O	
.	O	O	O	O	

--	O	O	O	O	
Ho	O	O	O	O	
promesso	O	O	O	O	
,	O	O	O	O	
disse	O	O	O	O	
.	O	O	O	O	

--	O	O	O	O	
Vile	O	O	O	O	
!	O	O	O	O	

--	O	O	O	O	
Eppoi	O	O	O	O	
sarà	O	O	O	O	
l	O	O	O	O	
'	O	O	O	O	
ultima	O	O	O	O	
cena	O	O	O	O	
in	O	O	O	O	
famiglia	O	O	O	O	
,	O	O	O	O	
mormorò	O	O	O	O	
.	O	O	O	O	

L	B-PER	O	O	O	
'	I-PER	O	O	O	
altro	I-PER	O	O	O	
rise	O	O	O	O	
di	O	O	O	O	
nuovo	O	O	O	O	
con	O	O	O	O	
scherno	O	O	O	O	
.	O	O	O	O	

--	O	O	O	O	
Per	O	O	O	O	
me	O	O	O	O	
sarà	O	O	O	O	
domani	O	O	O	O	
probabilmente	O	O	O	O	
l	O	O	O	O	
'	O	O	O	O	
ultima	O	O	O	O	
aurora	O	O	O	O	
,	O	O	O	O	
mormorò	O	O	O	O	
,	O	O	O	O	
mentre	O	O	O	O	
i	O	O	O	O	
suoi	O	O	O	O	
occhi	O	O	O	O	
grigi	O	O	O	O	
contemplavano	O	O	O	O	
quasi	O	O	O	O	
con	O	O	O	O	
amore	O	O	O	O	
le	O	O	O	O	
quattro	O	O	O	O	
bombe	O	O	O	O	
a	O	O	O	O	
mano	O	O	O	O	
,	O	O	O	O	
che	O	O	O	O	
egli	O	O	O	O	
aveva	O	O	O	O	
allineate	O	O	O	O	
nell	O	O	O	O	
'	O	O	O	O	
armadio	B-FAC	O	O	O	
,	O	O	O	O	
sopra	O	O	O	O	
un	O	O	O	O	
palchetto	O	O	O	O	
.	O	O	O	O	

--	O	O	O	O	
Anche	O	O	O	O	
per	O	O	O	O	
me	O	O	O	O	
!	O	O	O	O	

--	O	O	O	O	
Per	O	O	O	O	
te	O	O	O	O	
?	O	O	O	O	

Tu	O	O	O	O	
credi	O	O	O	O	
nell	O	O	O	O	
'	O	O	O	O	
anima	O	O	O	O	
ed	O	O	O	O	
in	O	O	O	O	
una	O	O	O	O	
vita	O	O	O	O	
avvenire	O	O	O	O	
.	O	O	O	O	

--	O	O	O	O	
Nella	O	O	O	O	
mia	O	O	O	O	
reincarnazione	O	O	O	O	
!	O	O	O	O	

esclamò	O	O	O	O	
il	B-PER	O	O	O	
giovane	I-PER	O	O	O	
,	O	O	O	O	
mentre	O	O	O	O	
il	O	O	O	O	
suo	O	O	O	O	
sguardo	O	O	O	O	
divenne	O	O	O	O	
luminoso	O	O	O	O	
.	O	O	O	O	

Esso	O	O	O	O	
brillava	O	O	O	O	
allora	O	O	O	O	
del	O	O	O	O	
fuoco	O	O	O	O	
sinistro	O	O	O	O	
e	O	O	O	O	
pure	O	O	O	O	
non	O	O	O	O	
antipatico	O	O	O	O	
del	O	O	O	O	
fanatismo	O	O	O	O	
.	O	O	O	O	

Il	B-PER	O	O	O	
fanatico	I-PER	O	O	O	
ha	O	O	O	O	
almeno	O	O	O	O	
un	O	O	O	O	
ideale	O	O	O	O	
;	O	O	O	O	
l	B-PER	O	O	O	
'	I-PER	O	O	O	
indifferente	I-PER	O	O	O	
,	O	O	O	O	
l	B-PER	O	O	O	
'	I-PER	O	O	O	
apatico	I-PER	O	O	O	
ne	O	O	O	O	
va	O	O	O	O	
privo	O	O	O	O	
.	O	O	O	O	

Per	O	O	O	O	
me	O	O	O	O	
domani	O	O	O	O	
tutto	O	O	O	O	
sarà	O	O	O	O	
finito	O	O	O	O	
,	O	O	O	O	
mormorò	O	O	O	O	
l	B-PER	O	O	O	
'	I-PER	O	O	O	
altro	I-PER	O	O	O	
.	O	O	O	O	

Il	B-PER	O	O	O	
giovane	I-PER	O	O	O	
non	O	O	O	O	
gli	O	O	O	O	
rispose	O	O	O	O	
.	O	O	O	O	

La	O	O	O	O	
proposta	O	O	O	O	
dell	O	O	O	O	
'	O	O	O	O	
amico	B-PER	O	O	O	
gli	O	O	O	O	
era	O	O	O	O	
venuta	O	O	O	O	
troppo	O	O	O	O	
inattesa	O	O	O	O	
.	O	O	O	O	

L	O	O	O	O	
'	O	O	O	O	
aveva	O	O	O	O	
accettata	O	O	O	O	
.	O	O	O	O	

Non	O	O	O	O	
se	O	O	O	O	
ne	O	O	O	O	
pentiva	O	O	O	O	
.	O	O	O	O	

Doveva	O	O	O	O	
dimostrare	O	O	O	O	
che	O	O	O	O	
non	O	O	O	O	
era	O	O	O	O	
vile	B-PER	O	O	O	
,	O	O	O	O	
eppoi	O	O	O	O	
era	O	O	O	O	
davvero	O	O	O	O	
ora	O	O	O	O	
d	O	O	O	O	
'	O	O	O	O	
incominciare	O	O	O	O	
.	O	O	O	O	

Le	O	O	O	O	
parole	O	O	O	O	
non	O	O	O	O	
bastavano	O	O	O	O	
più	O	O	O	O	
.	O	O	O	O	

Bisognava	O	O	O	O	
passare	O	O	O	O	
ai	O	O	O	O	
fatti	O	O	O	O	
.	O	O	O	O	

Pure	O	O	O	O	
il	O	O	O	O	
pensiero	O	O	O	O	
che	O	O	O	O	
domani	O	O	O	O	
....	O	O	O	O	
domani	O	O	O	O	
....	O	O	O	O	
gli	O	O	O	O	
creava	O	O	O	O	
un	O	O	O	O	
grande	O	O	O	O	
malessere	O	O	O	O	
,	O	O	O	O	
contro	O	O	O	O	
del	O	O	O	O	
quale	O	O	O	O	
non	O	O	O	O	
giovava	O	O	O	O	
richiamarsi	O	O	O	O	
al	O	O	O	O	
pensiero	O	O	O	O	
l	O	O	O	O	
'	O	O	O	O	
immortalità	O	O	O	O	
e	O	O	O	O	
la	O	O	O	O	
reincarnazione	O	O	O	O	
dello	O	O	O	O	
spirito	O	O	O	O	
.	O	O	O	O	

Certo	O	O	O	O	
;	O	O	O	O	
egli	O	O	O	O	
sarebbe	O	O	O	O	
ritornato	O	O	O	O	
sulla	O	O	O	O	
terra	B-LOC	O	O	O	
sott	O	O	O	O	
'	O	O	O	O	
altra	O	O	O	O	
forma	O	O	O	O	
ma	O	O	O	O	
collo	O	O	O	O	
stesso	O	O	O	O	
principio	O	O	O	O	
vivificatore	O	O	O	O	
.	O	O	O	O	

Pure	O	O	O	O	
la	O	O	O	O	
vita	O	O	O	O	
era	O	O	O	O	
bella	O	O	O	O	
;	O	O	O	O	
quella	O	O	O	O	
sera	O	O	O	O	
specialmente	O	O	O	O	
tutto	O	O	O	O	
lo	O	O	O	O	
invitava	O	O	O	O	
a	O	O	O	O	
vivere	O	O	O	O	
,	O	O	O	O	
a	O	O	O	O	
godere	O	O	O	O	
,	O	O	O	O	
ed	O	O	O	O	
invece	O	O	O	O	
domani	O	O	O	O	
....	O	O	O	O	
domani	O	O	O	O	
....	O	O	O	O	
Cercò	O	O	O	O	
di	O	O	O	O	
cacciare	O	O	O	O	
quei	O	O	O	O	
foschi	O	O	O	O	
pensieri	O	O	O	O	
.	O	O	O	O	

Aveva	O	O	O	O	
deciso	O	O	O	O	
!	O	O	O	O	

Era	O	O	O	O	
suo	O	O	O	O	
dovere	O	O	O	O	
!	O	O	O	O	

Perchè	O	O	O	O	
rattristarsi	O	O	O	O	
quella	O	O	O	O	
sera	O	O	O	O	
colla	O	O	O	O	
previsione	O	O	O	O	
del	O	O	O	O	
domani	O	O	O	O	
?	O	O	O	O	

Gli	O	O	O	O	
sarebbe	O	O	O	O	
forse	O	O	O	O	
riuscito	O	O	O	O	
di	O	O	O	O	
salvare	O	O	O	O	
la	O	O	O	O	
vita	O	O	O	O	
;	O	O	O	O	
di	O	O	O	O	
scappare	O	O	O	O	
inosservato	O	O	O	O	
nell	O	O	O	O	
'	O	O	O	O	
infinito	O	O	O	O	
panico	O	O	O	O	
.	O	O	O	O	

Pure	O	O	O	O	
bramava	O	O	O	O	
di	O	O	O	O	
allontanarsi	O	O	O	O	
da	O	O	O	O	
quell	B-PER	O	O	O	
'	I-PER	O	O	O	
uomo	I-PER	O	O	O	
,	I-PER	O	O	O	
il	I-PER	O	O	O	
cui	I-PER	O	O	O	
sguardo	I-PER	O	O	O	
era	I-PER	O	O	O	
sì	I-PER	O	O	O	
freddo	I-PER	O	O	O	
;	O	O	O	O	
che	O	O	O	O	
era	O	O	O	O	
sì	O	O	O	O	
terribilmente	O	O	O	O	
logico	O	O	O	O	
nelle	O	O	O	O	
sue	O	O	O	O	
delusioni	O	O	O	O	
;	O	O	O	O	
vicino	O	O	O	O	
al	O	O	O	O	
quale	O	O	O	O	
si	O	O	O	O	
sentiva	O	O	O	O	
tanto	O	O	O	O	
a	O	O	O	O	
disagio	O	O	O	O	
.	O	O	O	O	

Gli	O	O	O	O	
tese	O	O	O	O	
la	O	O	O	O	
mano	O	O	O	O	
.	O	O	O	O	

--	O	O	O	O	
A	O	O	O	O	
domani	O	O	O	O	
!	O	O	O	O	

disse	O	O	O	O	
.	O	O	O	O	

Vuotò	O	O	O	O	
il	O	O	O	O	
bicchiere	O	O	O	O	
,	O	O	O	O	
uscì	O	O	O	O	
di	O	O	O	O	
stanza	B-FAC	O	O	O	
e	O	O	O	O	
dalla	O	O	O	O	
casa	B-FAC	O	O	O	
e	O	O	O	O	
passò	O	O	O	O	
sulla	O	O	O	O	
via	O	O	O	O	
fredda	O	O	O	O	
,	O	O	O	O	
coperta	O	O	O	O	
di	O	O	O	O	
neve	O	O	O	O	
indurita	O	O	O	O	
,	O	O	O	O	
che	O	O	O	O	
scricchiolava	O	O	O	O	
sotto	O	O	O	O	
i	O	O	O	O	
suoi	O	O	O	O	
passi	O	O	O	O	
.	O	O	O	O	

II	O	O	O	O	
.	O	O	O	O	

--	O	O	O	O	
Vile	O	O	O	O	
!	O	O	O	O	

mormorò	O	O	O	O	
Giovanni	B-PER	O	O	O	
Giunti	I-PER	O	O	O	
quando	O	O	O	O	
l	B-PER	O	O	O	
'	I-PER	O	O	O	
amico	I-PER	O	O	O	
fu	O	O	O	O	
uscito	O	O	O	O	
.	O	O	O	O	

Egli	O	O	O	O	
disprezzava	O	O	O	O	
tutti	B-PER	O	O	O	
questi	I-PER	O	O	O	
uomini	I-PER	O	O	O	
dalle	I-PER	O	O	O	
mezze	I-PER	O	O	O	
misure	I-PER	O	O	O	
,	O	O	O	O	
che	O	O	O	O	
non	O	O	O	O	
la	O	O	O	O	
sapevano	O	O	O	O	
rompere	O	O	O	O	
a	O	O	O	O	
pieno	O	O	O	O	
col	O	O	O	O	
passato	O	O	O	O	
,	O	O	O	O	
che	O	O	O	O	
non	O	O	O	O	
sapevano	O	O	O	O	
farla	O	O	O	O	
finita	O	O	O	O	
colla	O	O	O	O	
loro	O	O	O	O	
antica	O	O	O	O	
esistenza	O	O	O	O	
;	O	O	O	O	
e	O	O	O	O	
quanto	O	O	O	O	
maggiore	O	O	O	O	
era	O	O	O	O	
l	O	O	O	O	
'	O	O	O	O	
eroismo	O	O	O	O	
che	O	O	O	O	
essi	O	O	O	O	
mostravano	O	O	O	O	
nelle	O	O	O	O	
cose	O	O	O	O	
grandi	O	O	O	O	
,	O	O	O	O	
tanto	O	O	O	O	
maggiore	O	O	O	O	
era	O	O	O	O	
il	O	O	O	O	
suo	O	O	O	O	
disprezzo	O	O	O	O	
,	O	O	O	O	
se	O	O	O	O	
essi	O	O	O	O	
non	O	O	O	O	
sapevano	O	O	O	O	
sacrificare	O	O	O	O	
certe	O	O	O	O	
cose	O	O	O	O	
da	O	O	O	O	
nulla	O	O	O	O	
.	O	O	O	O	

La	O	O	O	O	
vigilia	O	O	O	O	
del	O	O	O	O	
Natale	O	O	O	O	
.	O	O	O	O	

La	O	O	O	O	
osservavano	O	O	O	O	
molti	B-PER	O	O	O	
,	O	O	O	O	
molti	B-PER	O	O	O	
,	O	O	O	O	
anche	O	O	O	O	
indifferenti	B-PER	O	O	O	
,	O	O	O	O	
anche	O	O	O	O	
miscredenti	B-PER	O	O	O	
.	O	O	O	O	

Le	B-PER	O	O	O	
famiglie	I-PER	O	O	O	
si	O	O	O	O	
radunavano	O	O	O	O	
per	O	O	O	O	
il	O	O	O	O	
cenone	O	O	O	O	
;	O	O	O	O	
accendevano	O	O	O	O	
l	O	O	O	O	
'	O	O	O	O	
albero	O	O	O	O	
del	O	O	O	O	
Natale	O	O	O	O	
;	O	O	O	O	
attendevano	O	O	O	O	
la	O	O	O	O	
mezzanotte	O	O	O	O	
,	O	O	O	O	
andavano	O	O	O	O	
forse	O	O	O	O	
in	O	O	O	O	
chiesa	B-FAC	O	O	O	
e	O	O	O	O	
passavano	O	O	O	O	
l	O	O	O	O	
'	O	O	O	O	
indomani	O	O	O	O	
in	O	O	O	O	
letizia	O	O	O	O	
:	O	O	O	O	
il	O	O	O	O	
pranzo	O	O	O	O	
di	O	O	O	O	
famiglia	O	O	O	O	
,	O	O	O	O	
forse	O	O	O	O	
la	O	O	O	O	
visita	O	O	O	O	
a	O	O	O	O	
qualche	O	O	O	O	
presepio	O	O	O	O	
;	O	O	O	O	
le	O	O	O	O	
campane	O	O	O	O	
suonavano	O	O	O	O	
,	O	O	O	O	
sostava	O	O	O	O	
il	O	O	O	O	
lavoro	O	O	O	O	
,	O	O	O	O	
le	B-FAC	O	O	O	
fabbriche	I-FAC	O	O	O	
erano	O	O	O	O	
chiuse	O	O	O	O	
,	O	O	O	O	
la	B-PER	O	O	O	
gente	I-PER	O	O	O	
girava	O	O	O	O	
per	O	O	O	O	
le	B-LOC	O	O	O	
vie	I-LOC	O	O	O	
colla	O	O	O	O	
letizia	O	O	O	O	
sul	O	O	O	O	
volto	O	O	O	O	
;	O	O	O	O	
dovunque	O	O	O	O	
entusiasmo	O	O	O	O	
,	O	O	O	O	
dovunque	O	O	O	O	
allegria	O	O	O	O	
,	O	O	O	O	
perchè	O	O	O	O	
era	O	O	O	O	
Natale	O	O	O	O	
,	O	O	O	O	
era	O	O	O	O	
Natale	O	O	O	O	
.	O	O	O	O	

Maledetto	O	O	O	O	
il	O	O	O	O	
Natale	O	O	O	O	
!	O	O	O	O	

Molti	B-PER	O	O	O	
non	O	O	O	O	
ci	O	O	O	O	
pensavano	O	O	O	O	
alla	O	O	O	O	
nascita	O	O	O	O	
del	O	O	O	O	
Cristo	B-PER	O	O	O	
;	O	O	O	O	
non	O	O	O	O	
intendevano	O	O	O	O	
di	O	O	O	O	
solennizzare	O	O	O	O	
una	O	O	O	O	
festa	O	O	O	O	
cristiana	O	O	O	O	
;	O	O	O	O	
ma	O	O	O	O	
pure	O	O	O	O	
festeggiavano	O	O	O	O	
il	O	O	O	O	
Natale	O	O	O	O	
,	O	O	O	O	
e	O	O	O	O	
davano	O	O	O	O	
così	O	O	O	O	
una	O	O	O	O	
speciale	O	O	O	O	
impronta	O	O	O	O	
a	O	O	O	O	
quella	O	O	O	O	
giornata	O	O	O	O	
;	O	O	O	O	
il	B-PER	O	O	O	
forestiero	I-PER	O	O	O	
che	O	O	O	O	
fosse	O	O	O	O	
arrivato	O	O	O	O	
in	O	O	O	O	
quel	O	O	O	O	
giorno	O	O	O	O	
nella	O	O	O	O	
città	B-GPE	O	O	O	
avrebbe	O	O	O	O	
detto	O	O	O	O	
:	O	O	O	O	
Il	O	O	O	O	
sentimento	O	O	O	O	
religioso	O	O	O	O	
deve	O	O	O	O	
essere	O	O	O	O	
ancora	O	O	O	O	
fortemente	O	O	O	O	
radicato	O	O	O	O	
in	O	O	O	O	
questo	B-PER	O	O	O	
popolo	I-PER	O	O	O	
,	O	O	O	O	
chè	O	O	O	O	
oggi	O	O	O	O	
tutti	B-PER	O	O	O	
celebrano	O	O	O	O	
il	O	O	O	O	
Natale	O	O	O	O	
.	O	O	O	O	

Eppoi	O	O	O	O	
perchè	O	O	O	O	
solennizzare	O	O	O	O	
una	O	O	O	O	
data	O	O	O	O	
così	O	O	O	O	
indifferente	O	O	O	O	
;	O	O	O	O	
la	O	O	O	O	
problematica	O	O	O	O	
nascita	O	O	O	O	
di	O	O	O	O	
quel	O	O	O	O	
Gesù	B-PER	O	O	O	
,	O	O	O	O	
del	O	O	O	O	
quale	O	O	O	O	
non	O	O	O	O	
si	O	O	O	O	
sapeva	O	O	O	O	
neppure	O	O	O	O	
se	O	O	O	O	
fosse	O	O	O	O	
esistito	O	O	O	O	
?	O	O	O	O	

Ma	O	O	O	O	
anche	O	O	O	O	
se	O	O	O	O	
davvero	O	O	O	O	
visse	O	O	O	O	
,	O	O	O	O	
perchè	O	O	O	O	
tante	O	O	O	O	
feste	O	O	O	O	
per	O	O	O	O	
la	O	O	O	O	
nascita	O	O	O	O	
di	O	O	O	O	
un	B-PER	O	O	O	
fanciullo	I-PER	O	O	O	
ebreo	I-PER	O	O	O	
,	O	O	O	O	
e	O	O	O	O	
di	O	O	O	O	
un	B-PER	O	O	O	
ebreo	I-PER	O	O	O	
per	O	O	O	O	
giunta	O	O	O	O	
,	O	O	O	O	
del	O	O	O	O	
quale	O	O	O	O	
la	O	O	O	O	
superstizione	O	O	O	O	
si	O	O	O	O	
era	O	O	O	O	
impossessato	O	O	O	O	
,	O	O	O	O	
per	O	O	O	O	
celebrare	O	O	O	O	
le	O	O	O	O	
sue	O	O	O	O	
orgie	O	O	O	O	
?	O	O	O	O	

Il	O	O	O	O	
Natale	O	O	O	O	
?	O	O	O	O	

Bisognava	O	O	O	O	
toglierlo	O	O	O	O	
dal	O	O	O	O	
calendario	O	O	O	O	
.	O	O	O	O	

Il	O	O	O	O	
25	O	O	O	O	
dicembre	O	O	O	O	
doveva	O	O	O	O	
diventare	O	O	O	O	
giorno	O	O	O	O	
lavorativo	O	O	O	O	
,	O	O	O	O	
ed	O	O	O	O	
in	O	O	O	O	
quel	O	O	O	O	
giorno	O	O	O	O	
venir	O	O	O	O	
dato	O	O	O	O	
al	O	O	O	O	
popolo	B-PER	O	O	O	
un	O	O	O	O	
altro	O	O	O	O	
giorno	O	O	O	O	
festivo	O	O	O	O	
;	O	O	O	O	
p	O	O	O	O	
.	O	O	O	O	

e	O	O	O	O	
.	O	O	O	O	

il	O	O	O	O	
Natale	O	O	O	O	
dell	O	O	O	O	
'	O	O	O	O	
anarchia	B-ORG	O	O	O	
.	O	O	O	O	

La	O	O	O	O	
data	O	O	O	O	
era	O	O	O	O	
indovinata	O	O	O	O	
.	O	O	O	O	

Attorno	O	O	O	O	
al	O	O	O	O	
Natale	O	O	O	O	
nasce	O	O	O	O	
il	O	O	O	O	
sole	O	O	O	O	
,	O	O	O	O	
il	O	O	O	O	
quale	O	O	O	O	
incomincia	O	O	O	O	
la	O	O	O	O	
sua	O	O	O	O	
ascesa	O	O	O	O	
e	O	O	O	O	
festeggia	O	O	O	O	
il	O	O	O	O	
suo	O	O	O	O	
trionfo	O	O	O	O	
sopra	O	O	O	O	
le	O	O	O	O	
tenebre	O	O	O	O	
.	O	O	O	O	

E	O	O	O	O	
non	O	O	O	O	
trionfa	O	O	O	O	
anche	O	O	O	O	
il	O	O	O	O	
sole	O	O	O	O	
dell	O	O	O	O	
'	O	O	O	O	
anarchia	O	O	O	O	
sulle	O	O	O	O	
tenebre	O	O	O	O	
dell	O	O	O	O	
'	O	O	O	O	
autoritarismo	B-ORG	O	O	O	
ieratico	I-ORG	O	O	O	
,	I-ORG	O	O	O	
civile	I-ORG	O	O	O	
e	I-ORG	O	O	O	
militare	I-ORG	O	O	O	
?	O	O	O	O	

Odiava	O	O	O	O	
le	O	O	O	O	
feste	O	O	O	O	
dell	O	O	O	O	
'	O	O	O	O	
anno	O	O	O	O	
ecclesiastico	O	O	O	O	
.	O	O	O	O	

Esse	O	O	O	O	
concorrevano	O	O	O	O	
a	O	O	O	O	
perpetuare	O	O	O	O	
l	O	O	O	O	
'	O	O	O	O	
errore	O	O	O	O	
.	O	O	O	O	

Chiesa	B-ORG	O	O	O	
e	O	O	O	O	
feste	O	O	O	O	
religiose	O	O	O	O	
,	O	O	O	O	
ecco	O	O	O	O	
le	O	O	O	O	
due	O	O	O	O	
cose	O	O	O	O	
,	O	O	O	O	
che	O	O	O	O	
andavano	O	O	O	O	
cancellate	O	O	O	O	
,	O	O	O	O	
per	O	O	O	O	
rendere	O	O	O	O	
laica	O	O	O	O	
la	B-ORG	O	O	O	
società	I-ORG	O	O	O	
.	O	O	O	O	

Domani	O	O	O	O	
.	O	O	O	O	

Il	B-PER	O	O	O	
popolo	I-PER	O	O	O	
si	O	O	O	O	
ostinava	O	O	O	O	
a	O	O	O	O	
celebrare	O	O	O	O	
ancora	O	O	O	O	
il	O	O	O	O	
Natale	O	O	O	O	
;	O	O	O	O	
le	B-PER	O	O	O	
autorità	I-PER	O	O	O	
vi	O	O	O	O	
aderivano	O	O	O	O	
vilmente	O	O	O	O	
e	O	O	O	O	
,	O	O	O	O	
quello	O	O	O	O	
che	O	O	O	O	
era	O	O	O	O	
peggio	O	O	O	O	
,	O	O	O	O	
molti	B-PER	O	O	O	
che	O	O	O	O	
la	O	O	O	O	
pensavano	O	O	O	O	
come	O	O	O	O	
lui	O	O	O	O	
bruciavano	O	O	O	O	
il	O	O	O	O	
loro	O	O	O	O	
incenso	O	O	O	O	
alla	O	O	O	O	
superstiziosa	O	O	O	O	
costumanza	O	O	O	O	
.	O	O	O	O	

Ebbene	O	O	O	O	
.	O	O	O	O	

Non	O	O	O	O	
avevano	O	O	O	O	
da	O	O	O	O	
lamentarsi	O	O	O	O	
,	O	O	O	O	
se	O	O	O	O	
verrebbero	O	O	O	O	
coinvolti	O	O	O	O	
,	O	O	O	O	
domani	O	O	O	O	
,	O	O	O	O	
nella	O	O	O	O	
giusta	O	O	O	O	
punizione	O	O	O	O	
,	O	O	O	O	
nella	O	O	O	O	
grande	O	O	O	O	
vendetta	O	O	O	O	
.	O	O	O	O	

Nemesi	O	O	O	O	
!	O	O	O	O	

Vendetta	O	O	O	O	
!	O	O	O	O	

Egli	O	O	O	O	
era	O	O	O	O	
il	B-PER	O	O	O	
vendicatore	I-PER	O	O	O	
!	O	O	O	O	

Voleva	O	O	O	O	
lanciare	O	O	O	O	
la	O	O	O	O	
bomba	O	O	O	O	
.	O	O	O	O	

Era	O	O	O	O	
quella	O	O	O	O	
l	O	O	O	O	
'	O	O	O	O	
ultima	O	O	O	O	
conseguenza	O	O	O	O	
della	O	O	O	O	
sua	O	O	O	O	
evoluzione	O	O	O	O	
.	O	O	O	O	

Una	O	O	O	O	
evoluzione	O	O	O	O	
magnifica	O	O	O	O	
,	O	O	O	O	
perchè	O	O	O	O	
egli	O	O	O	O	
si	O	O	O	O	
vantava	O	O	O	O	
grande	B-PER	O	O	O	
pensatore	I-PER	O	O	O	
;	O	O	O	O	
una	O	O	O	O	
rapida	O	O	O	O	
evoluzione	O	O	O	O	
da	O	O	O	O	
ragazzo	B-PER	O	O	O	
credente	I-PER	O	O	O	
,	O	O	O	O	
da	O	O	O	O	
socio	O	B-PER	O	O	
di	O	I-PER	O	O	
un	B-ORG	I-PER	O	O	
circolo	I-ORG	I-PER	O	O	
cattolico	I-ORG	I-PER	O	O	
all	O	O	O	O	
'	O	O	O	O	
anarchia	B-ORG	O	O	O	
.	O	O	O	O	

Era	O	O	O	O	
stato	O	O	O	O	
pieno	O	O	O	O	
di	O	O	O	O	
fede	O	O	O	O	
e	O	O	O	O	
di	O	O	O	O	
entusiasmo	O	O	O	O	
per	O	O	O	O	
il	B-ORG	O	O	O	
cristianesimo	I-ORG	O	O	O	
.	O	O	O	O	

Ma	O	O	O	O	
a	O	O	O	O	
scuola	B-FAC	O	O	O	
gli	O	O	O	O	
avevano	O	O	O	O	
aperto	O	O	O	O	
gli	O	O	O	O	
occhi	O	O	O	O	
;	O	O	O	O	
là	O	O	O	O	
aveva	O	O	O	O	
compreso	O	O	O	O	
che	O	O	O	O	
il	B-ORG	O	O	O	
cattolicismo	I-ORG	O	O	O	
,	O	O	O	O	
ed	O	O	O	O	
in	O	O	O	O	
genere	O	O	O	O	
tutte	B-ORG	O	O	O	
le	I-ORG	O	O	O	
religioni	I-ORG	O	O	O	
,	O	O	O	O	
sono	O	O	O	O	
un	O	O	O	O	
grande	O	O	O	O	
cancro	O	O	O	O	
,	O	O	O	O	
che	O	O	O	O	
logora	O	O	O	O	
la	O	O	O	O	
vita	O	O	O	O	
dell	O	O	O	O	
'	O	O	O	O	
umanità	B-PER	O	O	O	
.	O	O	O	O	

La	O	O	O	O	
storia	O	O	O	O	
,	O	O	O	O	
maestra	O	O	O	O	
della	O	O	O	O	
vita	O	O	O	O	
,	O	O	O	O	
gli	O	O	O	O	
aveva	O	O	O	O	
insegnato	O	O	O	O	
,	O	O	O	O	
che	O	O	O	O	
la	O	O	O	O	
Chiesa	B-ORG	O	O	O	
fu	O	O	O	O	
sempre	O	O	O	O	
funesta	O	O	O	O	
alle	O	O	O	O	
nazioni	B-GPE	O	O	O	
,	O	O	O	O	
il	O	O	O	O	
maggior	O	O	O	O	
puntello	O	O	O	O	
del	O	O	O	O	
trono	O	O	O	O	
,	O	O	O	O	
la	O	O	O	O	
grande	O	O	O	O	
fautrice	O	O	O	O	
della	O	O	O	O	
tirannide	O	O	O	O	
più	O	O	O	O	
atroce	O	O	O	O	
,	O	O	O	O	
e	O	O	O	O	
che	O	O	O	O	
tutto	O	O	O	O	
il	O	O	O	O	
male	O	O	O	O	
nel	O	O	O	O	
mondo	B-LOC	O	O	O	
viene	O	O	O	O	
soltanto	O	O	O	O	
da	O	O	O	O	
lei	O	O	O	O	
.	O	O	O	O	

