La	O	O	O	O	
prima	O	O	O	O	
rappresentazione	O	O	O	O	
del	O	O	O	O	
Paradiso	B-FAC	O	O	O	
terrestre	I-FAC	O	O	O	
al	O	O	O	O	
Goldoni	B-PER	O	O	O	
è	O	O	O	O	
rimasta	O	O	O	O	
famosa	O	O	O	O	
per	O	O	O	O	
la	O	O	O	O	
tempesta	O	O	O	O	
che	O	O	O	O	
scatenò	O	O	O	O	
in	O	O	O	O	
teatro	B-FAC	O	O	O	
e	O	O	O	O	
per	O	O	O	O	
le	O	O	O	O	
polemiche	O	O	O	O	
che	O	O	O	O	
accese	O	O	O	O	
nella	O	O	O	O	
stampa	B-ORG	O	O	O	
.	O	O	O	O	

Dopo	O	O	O	O	
lo	O	O	O	O	
spettacolo	O	O	O	O	
,	O	O	O	O	
ad	O	O	O	O	
un	O	O	O	O	
tavolino	O	O	O	O	
del	O	O	O	O	
Caffè	B-FAC	O	O	O	
Francese	I-FAC	O	O	O	
,	O	O	O	O	
intorno	O	O	O	O	
a	O	O	O	O	
donna	O	B-PER	O	O	
Maria	O	I-PER	O	O	
di	O	I-PER	O	O	
Varga	B-GPE	I-PER	O	O	
,	O	O	O	O	
furono	O	O	O	O	
espressi	O	O	O	O	
vivacemente	O	O	O	O	
e	O	O	O	O	
rumorosamente	O	O	O	O	
i	O	O	O	O	
più	O	O	O	O	
disparati	O	O	O	O	
giudizî	O	O	O	O	
,	O	O	O	O	
magnificando	O	O	O	O	
alcuni	B-PER	O	O	O	
la	O	O	O	O	
commedia	O	O	O	O	
di	O	O	O	O	
Guglielmo	B-PER	O	O	O	
Baglioni	I-PER	O	O	O	
,	O	O	O	O	
altri	B-PER	O	O	O	
condannandola	O	O	O	O	
,	O	O	O	O	
approvandone	O	O	O	O	
gli	B-PER	O	O	O	
uomini	I-PER	O	O	O	
la	O	O	O	O	
tesi	O	O	O	O	
,	O	O	O	O	
scandalizzandosene	O	O	O	O	
le	B-PER	O	O	O	
signore	I-PER	O	O	O	
.	O	O	O	O	

Solo	O	O	O	O	
Ferdinando	B-PER	O	O	O	
Anselmi	I-PER	O	O	O	
taceva	O	O	O	O	
,	O	O	O	O	
volgendosi	O	O	O	O	
ad	O	O	O	O	
ascoltare	O	O	O	O	
gl	B-PER	O	O	O	
'	I-PER	O	O	O	
interlocutori	I-PER	O	O	O	
e	I-PER	O	O	O	
le	I-PER	O	O	O	
interlocutrici	I-PER	O	O	O	
senza	O	O	O	O	
far	O	O	O	O	
cenno	O	O	O	O	
di	O	O	O	O	
consenso	O	O	O	O	
nè	O	O	O	O	
di	O	O	O	O	
dissenso	O	O	O	O	
;	O	O	O	O	
ma	O	O	O	O	
poichè	O	O	O	O	
egli	O	O	O	O	
era	O	O	O	O	
il	B-PER	O	O	O	
giudice	I-PER	O	O	O	
più	I-PER	O	O	O	
autorevole	I-PER	O	O	O	
,	O	O	O	O	
donna	B-PER	O	O	O	
Maria	I-PER	O	O	O	
gli	O	O	O	O	
si	O	O	O	O	
rivolse	O	O	O	O	
,	O	O	O	O	
chiedendogli	O	O	O	O	
perentoriamente	O	O	O	O	
la	O	O	O	O	
sua	O	O	O	O	
opinione	O	O	O	O	
.	O	O	O	O	

--	O	O	O	O	
Se	O	O	O	O	
permettete	O	O	O	O	
--	O	O	O	O	
diss	O	O	O	O	
'	O	O	O	O	
egli	O	O	O	O	
--	O	O	O	O	
io	O	O	O	O	
vi	O	O	O	O	
abbandonerò	O	O	O	O	
l	O	O	O	O	
'	O	O	O	O	
opera	O	O	O	O	
d	O	O	O	O	
'	O	O	O	O	
arte	O	O	O	O	
.	O	O	O	O	

Dal	O	O	O	O	
momento	O	O	O	O	
che	O	O	O	O	
un	B-PER	O	O	O	
autore	I-PER	O	O	O	
propone	O	O	O	O	
,	O	O	O	O	
dibatte	O	O	O	O	
e	O	O	O	O	
a	O	O	O	O	
modo	O	O	O	O	
suo	O	O	O	O	
risolve	O	O	O	O	
una	O	O	O	O	
tesi	O	O	O	O	
,	O	O	O	O	
bisogna	O	O	O	O	
considerarlo	O	O	O	O	
come	O	O	O	O	
un	B-PER	O	O	O	
professore	I-PER	O	O	O	
,	O	O	O	O	
un	B-PER	O	O	O	
predicatore	I-PER	O	O	O	
,	O	O	O	O	
un	B-PER	O	O	O	
propagandista	I-PER	O	O	O	
,	O	O	O	O	
la	O	O	O	O	
cui	O	O	O	O	
orazione	O	O	O	O	
potrà	O	O	O	O	
essere	O	O	O	O	
,	O	O	O	O	
rettoricamente	O	O	O	O	
,	O	O	O	O	
più	O	O	O	O	
o	O	O	O	O	
meno	O	O	O	O	
smagliante	O	O	O	O	
,	O	O	O	O	
ma	O	O	O	O	
le	O	O	O	O	
cui	O	O	O	O	
idee	O	O	O	O	
,	O	O	O	O	
e	O	O	O	O	
non	O	O	O	O	
già	O	O	O	O	
le	O	O	O	O	
immagini	O	O	O	O	
,	O	O	O	O	
importano	O	O	O	O	
.	O	O	O	O	

Ora	O	O	O	O	
Baglioni	B-PER	O	O	O	
ha	O	O	O	O	
questo	O	O	O	O	
merito	O	O	O	O	
indiscutibile	O	O	O	O	
:	O	O	O	O	
di	O	O	O	O	
averci	O	O	O	O	
posto	O	O	O	O	
dinanzi	O	O	O	O	
un	O	O	O	O	
certo	O	O	O	O	
aspetto	O	O	O	O	
del	O	O	O	O	
problema	O	O	O	O	
dell	O	O	O	O	
'	O	O	O	O	
amore	O	O	O	O	
,	O	O	O	O	
al	O	O	O	O	
quale	O	O	O	O	
,	O	O	O	O	
pur	O	O	O	O	
essendo	O	O	O	O	
,	O	O	O	O	
o	O	O	O	O	
forse	O	O	O	O	
appunto	O	O	O	O	
per	O	O	O	O	
essere	O	O	O	O	
di	O	O	O	O	
semplicissima	O	O	O	O	
ed	O	O	O	O	
ovvia	O	O	O	O	
osservazione	O	O	O	O	
,	O	O	O	O	
non	O	O	O	O	
si	O	O	O	O	
attribuisce	O	O	O	O	
ordinariamente	O	O	O	O	
la	O	O	O	O	
dovuta	O	O	O	O	
importanza	O	O	O	O	
.	O	O	O	O	

Il	O	O	O	O	
titolo	O	O	O	O	
,	O	O	O	O	
che	O	O	O	O	
la	O	O	O	O	
signora	B-PER	O	O	O	
Graziani	I-PER	O	O	O	
e	O	O	O	O	
il	B-PER	O	O	O	
mio	I-PER	O	O	O	
amico	I-PER	O	O	O	
Mauri	I-PER	O	O	O	
particolarmente	O	O	O	O	
disapprovano	O	O	O	O	
,	O	O	O	O	
mi	O	O	O	O	
pare	O	O	O	O	
invece	O	O	O	O	
,	O	O	O	O	
scusate	O	O	O	O	
,	O	O	O	O	
molto	O	O	O	O	
graziosamente	O	O	O	O	
scelto	O	O	O	O	
.	O	O	O	O	

Voi	O	O	O	O	
sapete	O	O	O	O	
come	O	O	O	O	
nei	O	O	O	O	
miti	O	O	O	O	
biblici	O	O	O	O	
che	O	O	O	O	
sembrano	O	O	O	O	
più	O	O	O	O	
favolosi	O	O	O	O	
i	B-PER	O	O	O	
credenti	I-PER	O	O	O	
cerchino	O	O	O	O	
e	O	O	O	O	
trovino	O	O	O	O	
il	O	O	O	O	
preannunzio	O	O	O	O	
delle	O	O	O	O	
moderne	O	O	O	O	
affermazioni	O	O	O	O	
scientifiche	O	O	O	O	
:	O	O	O	O	
così	O	O	O	O	
i	O	O	O	O	
sei	O	O	O	O	
giorni	O	O	O	O	
della	O	O	O	O	
creazione	O	O	O	O	
sarebbero	O	O	O	O	
le	O	O	O	O	
epoche	O	O	O	O	
geologiche	O	O	O	O	
,	O	O	O	O	
e	O	O	O	O	
la	O	O	O	O	
formazione	O	O	O	O	
della	O	O	O	O	
donna	B-PER	O	O	O	
dalla	O	O	O	O	
costola	O	O	O	O	
di	O	O	O	O	
Adamo	B-PER	O	O	O	
significherebbe	O	O	O	O	
la	O	O	O	O	
separazione	O	O	O	O	
dei	O	O	O	O	
sessi	O	O	O	O	
dal	O	O	O	O	
primigenio	O	O	O	O	
ermafrodito	O	O	O	O	
.	O	O	O	O	

Ma	O	O	O	O	
vi	O	O	O	O	
è	O	O	O	O	
un	O	O	O	O	
punto	O	O	O	O	
dove	O	O	O	O	
la	O	O	O	O	
favola	O	O	O	O	
discorda	O	O	O	O	
dalla	O	O	O	O	
realtà	O	O	O	O	
scientificamente	O	O	O	O	
accertata	O	O	O	O	
e	O	O	O	O	
volgarmente	O	O	O	O	
osservata	O	O	O	O	
:	O	O	O	O	
quando	O	O	O	O	
narra	O	O	O	O	
che	O	O	O	O	
Adamo	B-PER	O	O	O	
peccò	O	O	O	O	
a	O	O	O	O	
istigazione	O	O	O	O	
d	O	O	O	O	
'	O	O	O	O	
Eva	B-PER	O	O	O	
.	O	O	O	O	

Non	O	O	O	O	
si	O	O	O	O	
trova	O	O	O	O	
,	O	O	O	O	
invece	O	O	O	O	
,	O	O	O	O	
nessuna	O	O	O	O	
forma	O	O	O	O	
di	O	O	O	O	
vita	O	O	O	O	
sessuata	O	O	O	O	
nella	O	O	O	O	
quale	O	O	O	O	
la	B-PER	O	O	O	
femmina	I-PER	O	O	O	
compia	O	O	O	O	
l	O	O	O	O	
'	O	O	O	O	
ufficio	O	O	O	O	
d	O	O	O	O	
'	O	O	O	O	
istigatrice	B-PER	O	O	O	
:	O	O	O	O	
tutte	O	O	O	O	
le	O	O	O	O	
specie	O	O	O	O	
,	O	O	O	O	
al	O	O	O	O	
contrario	O	O	O	O	
,	O	O	O	O	
si	O	O	O	O	
estinguerebbero	O	O	O	O	
se	O	O	O	O	
i	B-PER	O	O	O	
maschi	I-PER	O	O	O	
dovessero	O	O	O	O	
aspettare	O	O	O	O	
di	O	O	O	O	
essere	O	O	O	O	
invitati	O	O	O	O	
a	O	O	O	O	
nozze	O	O	O	O	
.	O	O	O	O	

Non	O	O	O	O	
che	O	O	O	O	
invitare	O	O	O	O	
,	O	O	O	O	
la	B-PER	O	O	O	
femmina	I-PER	O	O	O	
ha	O	O	O	O	
essa	O	O	O	O	
bisogno	O	O	O	O	
d	O	O	O	O	
'	O	O	O	O	
essere	O	O	O	O	
pregata	O	O	O	O	
,	O	O	O	O	
corteggiata	O	O	O	O	
,	O	O	O	O	
sollecitata	O	O	O	O	
ed	O	O	O	O	
all	O	O	O	O	
'	O	O	O	O	
occorrenza	O	O	O	O	
sopraffatta	O	O	O	O	
.	O	O	O	O	

L	O	O	O	O	
'	O	O	O	O	
invenzione	O	O	O	O	
del	O	O	O	O	
serpente	O	O	O	O	
è	O	O	O	O	
un	O	O	O	O	
omaggio	O	O	O	O	
tributato	O	O	O	O	
alla	O	O	O	O	
realtà	O	O	O	O	
;	O	O	O	O	
se	O	O	O	O	
non	O	O	O	O	
che	O	O	O	O	
,	O	O	O	O	
questo	O	O	O	O	
rettile	O	O	O	O	
insinuante	O	O	O	O	
,	O	O	O	O	
il	O	O	O	O	
quale	O	O	O	O	
non	O	O	O	O	
parla	O	O	O	O	
e	O	O	O	O	
non	O	O	O	O	
può	O	O	O	O	
parlare	O	O	O	O	
per	O	O	O	O	
proprio	O	O	O	O	
conto	O	O	O	O	
,	O	O	O	O	
appartenendo	O	O	O	O	
ad	O	O	O	O	
una	O	O	O	O	
specie	O	O	O	O	
diversa	O	O	O	O	
e	O	O	O	O	
disforme	O	O	O	O	
,	O	O	O	O	
è	O	O	O	O	
un	O	O	O	O	
personaggio	O	O	O	O	
simbolico	O	O	O	O	
del	O	O	O	O	
quale	O	O	O	O	
non	O	O	O	O	
si	O	O	O	O	
può	O	O	O	O	
trovare	O	O	O	O	
il	O	O	O	O	
preciso	O	O	O	O	
equivalente	O	O	O	O	
nella	O	O	O	O	
commedia	O	O	O	O	
umana	O	O	O	O	
.	O	O	O	O	

Baglioni	B-PER	O	O	O	
,	O	O	O	O	
in	O	O	O	O	
quel	O	O	O	O	
Gorli	O	O	O	O	
a	O	O	O	O	
cui	O	O	O	O	
sono	O	O	O	O	
toccati	O	O	O	O	
i	O	O	O	O	
fischi	O	O	O	O	
più	O	O	O	O	
sonori	O	O	O	O	
,	O	O	O	O	
ha	O	O	O	O	
voluto	O	O	O	O	
rappresentare	O	O	O	O	
il	B-PER	O	O	O	
seduttore	I-PER	O	O	O	
disinteressato	I-PER	O	O	O	
,	O	O	O	O	
per	O	O	O	O	
conto	O	O	O	O	
altrui	O	O	O	O	
,	O	O	O	O	
per	O	O	O	O	
amore	O	O	O	O	
dell	O	O	O	O	
'	O	O	O	O	
arte	O	O	O	O	
:	O	O	O	O	
invenzione	O	O	O	O	
che	O	O	O	O	
poteva	O	O	O	O	
farsi	O	O	O	O	
accettare	O	O	O	O	
se	O	O	O	O	
si	O	O	O	O	
fosse	O	O	O	O	
incarnata	O	O	O	O	
in	O	O	O	O	
una	B-PER	O	O	O	
persona	I-PER	O	O	O	
viva	I-PER	O	O	O	
.	O	O	O	O	

Non	O	O	O	O	
neghiamo	O	O	O	O	
che	O	O	O	O	
il	O	O	O	O	
tipo	O	O	O	O	
esista	O	O	O	O	
;	O	O	O	O	
diciamo	O	O	O	O	
che	O	O	O	O	
Baglioni	B-PER	O	O	O	
non	O	O	O	O	
lo	O	O	O	O	
ha	O	O	O	O	
veduto	O	O	O	O	
nella	O	O	O	O	
vita	O	O	O	O	
reale	O	O	O	O	
,	O	O	O	O	
e	O	O	O	O	
per	O	O	O	O	
conseguenza	O	O	O	O	
non	O	O	O	O	
gli	O	O	O	O	
ha	O	O	O	O	
soffiato	O	O	O	O	
nei	O	O	O	O	
polmoni	O	O	O	O	
quella	O	O	O	O	
dell	O	O	O	O	
'	O	O	O	O	
arte	O	O	O	O	
.	O	O	O	O	

I	O	O	O	O	
serpenti	O	O	O	O	
a	O	O	O	O	
due	O	O	O	O	
zampe	O	O	O	O	
,	O	O	O	O	
col	O	O	O	O	
fiore	O	O	O	O	
all	O	O	O	O	
'	O	O	O	O	
occhiello	O	O	O	O	
e	O	O	O	O	
il	O	O	O	O	
monocolo	O	O	O	O	
all	O	O	O	O	
'	O	O	O	O	
occhiaia	O	O	O	O	
,	O	O	O	O	
non	O	O	O	O	
spingono	O	O	O	O	
Eva	B-PER	O	O	O	
ad	O	O	O	O	
offrire	O	O	O	O	
la	O	O	O	O	
mela	O	O	O	O	
ad	O	O	O	O	
Adamo	B-PER	O	O	O	
,	O	O	O	O	
ma	O	O	O	O	
le	O	O	O	O	
dimostrano	O	O	O	O	
la	O	O	O	O	
convenienza	O	O	O	O	
di	O	O	O	O	
mangiarla	O	O	O	O	
insieme	O	O	O	O	
con	O	O	O	O	
loro	O	O	O	O	
.	O	O	O	O	

È	O	O	O	O	
vero	O	O	O	O	
bensì	O	O	O	O	
che	O	O	O	O	
qualcuno	B-PER	O	O	O	
,	O	O	O	O	
invece	O	O	O	O	
di	O	O	O	O	
gustare	O	O	O	O	
il	O	O	O	O	
frutto	O	O	O	O	
proibito	O	O	O	O	
,	O	O	O	O	
riesce	O	O	O	O	
precisamente	O	O	O	O	
a	O	O	O	O	
farlo	O	O	O	O	
offrire	O	O	O	O	
ad	O	O	O	O	
un	B-PER	O	O	O	
altro	I-PER	O	O	O	
;	O	O	O	O	
ma	O	O	O	O	
questo	O	O	O	O	
effetto	O	O	O	O	
non	O	O	O	O	
è	O	O	O	O	
mai	O	O	O	O	
premeditato	O	O	O	O	
;	O	O	O	O	
è	O	O	O	O	
anzi	O	O	O	O	
involontario	O	O	O	O	
e	O	O	O	O	
sgradito	O	O	O	O	
.	O	O	O	O	

E	O	O	O	O	
se	O	O	O	O	
tale	O	O	O	O	
fosse	O	O	O	O	
stato	O	O	O	O	
il	O	O	O	O	
caso	O	O	O	O	
rappresentato	O	O	O	O	
da	O	O	O	O	
Baglioni	B-PER	O	O	O	
,	O	O	O	O	
i	B-PER	O	O	O	
suoi	I-PER	O	O	O	
amici	I-PER	O	O	O	
non	O	O	O	O	
avrebbero	O	O	O	O	
dovuto	O	O	O	O	
durare	O	O	O	O	
tanta	O	O	O	O	
fatica	O	O	O	O	
per	O	O	O	O	
difenderlo	O	O	O	O	
contro	O	O	O	O	
i	O	O	O	O	
fischi	O	O	O	O	
e	O	O	O	O	
le	O	O	O	O	
risa	O	O	O	O	
degli	O	O	O	O	
avversarî	B-PER	O	O	O	
.	O	O	O	O	

Un	O	O	O	O	
moto	O	O	O	O	
interiore	O	O	O	O	
della	O	O	O	O	
sua	O	O	O	O	
coscienza	O	O	O	O	
od	O	O	O	O	
un	O	O	O	O	
avvenimento	O	O	O	O	
estraneo	O	O	O	O	
alla	O	O	O	O	
sua	O	O	O	O	
volontà	O	O	O	O	
poteva	O	O	O	O	
benissimo	O	O	O	O	
impedire	O	O	O	O	
al	O	O	O	O	
Gorli	O	O	O	O	
di	O	O	O	O	
ottenere	O	O	O	O	
per	O	O	O	O	
sè	O	O	O	O	
il	O	O	O	O	
premio	O	O	O	O	
dell	O	O	O	O	
'	O	O	O	O	
opera	O	O	O	O	
serpentina	O	O	O	O	
.	O	O	O	O	

Chi	O	O	O	O	
di	O	O	O	O	
voi	O	O	O	O	
rammenta	O	O	O	O	
la	O	B-PER	O	O	
baronessa	O	I-PER	O	O	
di	O	I-PER	O	O	
Sclàfani	B-GPE	I-PER	O	O	
?	O	O	O	O	

Il	O	O	O	O	
serpente	O	O	O	O	
della	O	O	O	O	
povera	B-PER	O	O	O	
donna	I-PER	O	O	O	
Emilia	I-PER	O	O	O	
fu	O	O	O	O	
un	O	B-PER	O	O	
amico	O	I-PER	O	O	
di	O	I-PER	O	O	
casa	B-FAC	I-PER	O	O	
,	O	O	O	O	
il	O	O	O	O	
quale	O	O	O	O	
,	O	O	O	O	
dopo	O	O	O	O	
averla	O	O	O	O	
tolta	O	O	O	O	
alla	O	O	O	O	
quiete	O	O	O	O	
,	O	O	O	O	
dopo	O	O	O	O	
averle	O	O	O	O	
messo	O	O	O	O	
addosso	O	O	O	O	
la	O	O	O	O	
febbre	O	O	O	O	
della	O	O	O	O	
curiosità	O	O	O	O	
,	O	O	O	O	
del	O	O	O	O	
desiderio	O	O	O	O	
,	O	O	O	O	
del	O	O	O	O	
pericolo	O	O	O	O	
,	O	O	O	O	
si	O	O	O	O	
ritrasse	O	O	O	O	
,	O	O	O	O	
preso	O	O	O	O	
a	O	O	O	O	
un	O	O	O	O	
tratto	O	O	O	O	
dallo	O	O	O	O	
scrupolo	O	O	O	O	
di	O	O	O	O	
offendere	O	O	O	O	
il	B-PER	O	O	O	
marito	I-PER	O	O	O	
,	O	O	O	O	
di	O	O	O	O	
cui	O	O	O	O	
era	O	O	O	O	
intimissimo	O	O	O	O	
....	O	O	O	O	
--	O	O	O	O	
Come	O	O	O	O	
?	O	O	O	O	

Come	O	O	O	O	
?	O	O	O	O	

--	O	O	O	O	
interruppe	O	O	O	O	
donna	B-PER	O	O	O	
Maria	I-PER	O	O	O	
.	O	O	O	O	

--	O	O	O	O	
Narrate	O	O	O	O	
!	O	O	O	O	

--	O	O	O	O	
È	O	O	O	O	
una	O	O	O	O	
storia	O	O	O	O	
piuttosto	O	O	O	O	
lunga	O	O	O	O	
,	O	O	O	O	
mia	B-PER	O	O	O	
cara	I-PER	O	O	O	
amica	I-PER	O	O	O	
,	O	O	O	O	
e	O	O	O	O	
del	O	O	O	O	
resto	O	O	O	O	
sta	O	O	O	O	
scritta	O	O	O	O	
in	O	O	O	O	
un	O	O	O	O	
libro	O	O	O	O	
;	O	O	O	O	
se	O	O	O	O	
volete	O	O	O	O	
,	O	O	O	O	
domani	O	O	O	O	
ve	O	O	O	O	
lo	O	O	O	O	
porterò	O	O	O	O	
.	O	O	O	O	

Il	O	O	O	O	
fatto	O	O	O	O	
è	O	O	O	O	
questo	O	O	O	O	
:	O	O	O	O	
che	O	O	O	O	
in	O	O	O	O	
tutta	O	O	O	O	
la	O	O	O	O	
serie	O	O	O	O	
degli	O	O	O	O	
esseri	O	O	O	O	
viventi	O	O	O	O	
l	O	O	O	O	
'	O	O	O	O	
istinto	O	O	O	O	
dell	O	O	O	O	
'	O	O	O	O	
amore	O	O	O	O	
,	O	O	O	O	
attivo	O	O	O	O	
e	O	O	O	O	
prepotente	O	O	O	O	
nei	O	O	O	O	
maschi	B-PER	O	O	O	
,	O	O	O	O	
è	O	O	O	O	
nelle	O	O	O	O	
femmine	B-PER	O	O	O	
non	O	O	O	O	
solamente	O	O	O	O	
passivo	O	O	O	O	
,	O	O	O	O	
ma	O	O	O	O	
accompagnato	O	O	O	O	
da	O	O	O	O	
un	O	O	O	O	
istinto	O	O	O	O	
tutto	O	O	O	O	
contrario	O	O	O	O	
,	O	O	O	O	
di	O	O	O	O	
resistenza	O	O	O	O	
,	O	O	O	O	
di	O	O	O	O	
disamore	O	O	O	O	
,	O	O	O	O	
che	O	O	O	O	
rende	O	O	O	O	
perfettamente	O	O	O	O	
ragione	O	O	O	O	
degli	O	O	O	O	
aggettivi	O	O	O	O	
qualificativi	O	O	O	O	
appioppati	O	O	O	O	
a	O	O	O	O	
voi	B-PER	O	O	O	
donne	I-PER	O	O	O	
dal	O	O	O	O	
secondo	B-PER	O	O	O	
Dumas	I-PER	O	O	O	
,	O	O	O	O	
quando	O	O	O	O	
vi	O	O	O	O	
definì	O	O	O	O	
creature	O	O	O	O	
illogiche	O	O	O	O	
,	O	O	O	O	
subalterne	O	O	O	O	
e	O	O	O	O	
malefiche	O	O	O	O	
....	O	O	O	O	
Vivaci	O	O	O	O	
esclamazioni	O	O	O	O	
di	O	O	O	O	
protesta	O	O	O	O	
provocarono	O	O	O	O	
queste	O	O	O	O	
parole	O	O	O	O	
nelle	O	O	O	O	
astanti	B-PER	O	O	O	
,	O	O	O	O	
specialmente	O	O	O	O	
da	O	O	O	O	
parte	O	O	O	O	
di	O	O	O	O	
donna	B-PER	O	O	O	
Maria	I-PER	O	O	O	
e	O	O	O	O	
della	O	O	O	O	
signora	B-PER	O	O	O	
Graziani	I-PER	O	O	O	
,	O	O	O	O	
mentre	O	O	O	O	
qualcuno	B-PER	O	O	O	
degli	I-PER	O	O	O	
uomini	I-PER	O	O	O	
,	O	O	O	O	
prima	O	O	O	O	
diffidenti	O	O	O	O	
e	O	O	O	O	
quasi	O	O	O	O	
ostili	O	O	O	O	
,	O	O	O	O	
le	O	O	O	O	
approvavano	O	O	O	O	
.	O	O	O	O	

Anselmi	B-PER	O	O	O	
si	O	O	O	O	
strinse	O	O	O	O	
nelle	O	O	O	O	
spalle	O	O	O	O	
,	O	O	O	O	
con	O	O	O	O	
un	O	O	O	O	
muto	O	O	O	O	
sorriso	O	O	O	O	
,	O	O	O	O	
finchè	O	O	O	O	
il	O	O	O	O	
coro	O	O	O	O	
discorde	O	O	O	O	
non	O	O	O	O	
tacque	O	O	O	O	
;	O	O	O	O	
allora	O	O	O	O	
,	O	O	O	O	
con	O	O	O	O	
un	O	O	O	O	
gesto	O	O	O	O	
della	O	O	O	O	
mano	O	O	O	O	
che	O	O	O	O	
invocava	O	O	O	O	
silenzio	O	O	O	O	
,	O	O	O	O	
riprese	O	O	O	O	
pacatamente	O	O	O	O	
:	O	O	O	O	
--	O	O	O	O	
Non	O	O	O	O	
nego	O	O	O	O	
,	O	O	O	O	
non	O	O	O	O	
nego	O	O	O	O	
che	O	O	O	O	
il	O	O	O	O	
novantanove	O	O	O	O	
per	O	O	O	O	
cento	O	O	O	O	
delle	O	O	O	O	
soddisfazioni	O	O	O	O	
nostre	O	O	O	O	
,	O	O	O	O	
di	O	O	O	O	
noi	B-PER	O	O	O	
uomini	I-PER	O	O	O	
,	O	O	O	O	
in	O	O	O	O	
amore	O	O	O	O	
,	O	O	O	O	
dipendano	O	O	O	O	
precisamente	O	O	O	O	
dalla	O	O	O	O	
vittoria	O	O	O	O	
riportata	O	O	O	O	
sulla	O	O	O	O	
vostra	O	O	O	O	
passività	O	O	O	O	
,	O	O	O	O	
sulla	O	O	O	O	
vostra	O	O	O	O	
apatia	O	O	O	O	
,	O	O	O	O	
sulla	O	O	O	O	
vostra	O	O	O	O	
riluttanza	O	O	O	O	
,	O	O	O	O	
e	O	O	O	O	
che	O	O	O	O	
se	O	O	O	O	
vi	O	O	O	O	
trovassimo	O	O	O	O	
tutte	B-PER	O	O	O	
disposte	O	O	O	O	
a	O	O	O	O	
seguirci	O	O	O	O	
ad	O	O	O	O	
un	O	O	O	O	
semplice	O	O	O	O	
cenno	O	O	O	O	
,	O	O	O	O	
come	O	O	O	O	
quella	B-PER	O	O	O	
signorina	I-PER	O	O	O	
laggiù	I-PER	O	O	O	
--	O	O	O	O	
e	O	O	O	O	
in	O	O	O	O	
così	O	O	O	O	
dire	O	O	O	O	
additò	O	O	O	O	
una	B-PER	O	O	O	
vistosa	I-PER	O	O	O	
e	I-PER	O	O	O	
solitaria	I-PER	O	O	O	
cliente	I-PER	O	O	O	
seduta	O	O	O	O	
a	O	O	O	O	
un	O	O	O	O	
deserto	O	O	O	O	
tavolino	O	O	O	O	
dell	O	O	O	O	
'	O	O	O	O	
elegante	B-FAC	O	O	O	
Caffè	I-FAC	O	O	O	
--	O	O	O	O	
la	O	O	O	O	
mancanza	O	O	O	O	
di	O	O	O	O	
difficoltà	O	O	O	O	
nell	O	O	O	O	
'	O	O	O	O	
impresa	O	O	O	O	
ne	O	O	O	O	
scemerebbe	O	O	O	O	
l	O	O	O	O	
'	O	O	O	O	
attrattiva	O	O	O	O	
e	O	O	O	O	
ne	O	O	O	O	
farebbe	O	O	O	O	
anche	O	O	O	O	
passare	O	O	O	O	
la	O	O	O	O	
voglia	O	O	O	O	
;	O	O	O	O	
ma	O	O	O	O	
i	O	O	O	O	
danni	O	O	O	O	
della	O	O	O	O	
lotta	O	O	O	O	
,	O	O	O	O	
anche	O	O	O	O	
quando	O	O	O	O	
vinciamo	O	O	O	O	
,	O	O	O	O	
chi	O	O	O	O	
li	O	O	O	O	
enumera	O	O	O	O	
,	O	O	O	O	
chi	O	O	O	O	
li	O	O	O	O	
valuta	O	O	O	O	
,	O	O	O	O	
chi	O	O	O	O	
li	O	O	O	O	
somma	O	O	O	O	
?	O	O	O	O	

Il	O	O	O	O	
gatto	O	O	O	O	
torna	O	O	O	O	
tutto	O	O	O	O	
insanguinato	O	O	O	O	
dell	O	O	O	O	
'	O	O	O	O	
amplesso	O	O	O	O	
della	O	O	O	O	
deliziosa	O	O	O	O	
gattina	O	O	O	O	
:	O	O	O	O	
vi	O	O	O	O	
rammentate	O	O	O	O	
quello	O	O	O	O	
della	O	O	O	O	
Gioia	O	O	O	O	
di	O	O	O	O	
vivere	O	O	O	O	
di	O	O	O	O	
Emilio	B-PER	O	O	O	
Zola	I-PER	O	O	O	
?	O	O	O	O	

Voi	O	O	O	O	
non	O	O	O	O	
ci	O	O	O	O	
graffiate	O	O	O	O	
la	O	O	O	O	
pelle	O	O	O	O	
....	O	O	O	O	
sebbene	O	O	O	O	
!	O	O	O	O	

...	O	O	O	O	
talvolta	O	O	O	O	
!	O	O	O	O	

...	O	O	O	O	
ma	O	O	O	O	
lacerate	O	O	O	O	
il	O	O	O	O	
nostro	O	O	O	O	
cuore	O	O	O	O	
,	O	O	O	O	
mortificate	O	O	O	O	
il	O	O	O	O	
nostro	O	O	O	O	
orgoglio	O	O	O	O	
,	O	O	O	O	
avvilite	O	O	O	O	
la	O	O	O	O	
nostra	O	O	O	O	
dignità	O	O	O	O	
,	O	O	O	O	
spremete	O	O	O	O	
lacrime	O	O	O	O	
amare	O	O	O	O	
dai	O	O	O	O	
nostri	O	O	O	O	
occhi	O	O	O	O	
.	O	O	O	O	

Abbiamo	O	O	O	O	
riso	O	O	O	O	
del	O	O	O	O	
personaggio	O	O	O	O	
di	O	O	O	O	
Baglioni	B-PER	O	O	O	
,	O	O	O	O	
che	O	O	O	O	
si	O	O	O	O	
ritrae	O	O	O	O	
al	O	O	O	O	
momento	O	O	O	O	
buono	O	O	O	O	
per	O	O	O	O	
lasciare	O	O	O	O	
il	O	O	O	O	
posto	O	O	O	O	
all	O	O	O	O	
'	O	O	O	O	
amico	B-PER	O	O	O	
;	O	O	O	O	
ma	O	O	O	O	
non	O	O	O	O	
ridono	O	O	O	O	
nelle	O	O	O	O	
scuderie	B-FAC	O	O	O	
,	O	O	O	O	
al	O	O	O	O	
tempo	O	O	O	O	
della	O	O	O	O	
monta	O	O	O	O	
,	O	O	O	O	
quando	O	O	O	O	
,	O	O	O	O	
per	O	O	O	O	
evitare	O	O	O	O	
che	O	O	O	O	
le	O	O	O	O	
riluttanti	O	O	O	O	
giumente	O	O	O	O	
sconcino	O	O	O	O	
con	O	O	O	O	
un	O	O	O	O	
calcio	O	O	O	O	
il	O	O	O	O	
prezioso	O	O	O	O	
purosangue	O	O	O	O	
,	O	O	O	O	
le	O	O	O	O	
fanno	O	O	O	O	
prima	O	O	O	O	
abboccare	O	O	O	O	
con	O	O	O	O	
un	O	O	O	O	
qualunque	O	O	O	O	
ronzino	O	O	O	O	
;	O	O	O	O	
il	O	O	O	O	
quale	O	O	O	O	
,	O	O	O	O	
se	O	O	O	O	
le	O	O	O	O	
belle	O	O	O	O	
si	O	O	O	O	
mostrano	O	O	O	O	
disposte	O	O	O	O	
a	O	O	O	O	
dargli	O	O	O	O	
ascolto	O	O	O	O	
,	O	O	O	O	
è	O	O	O	O	
poi	O	O	O	O	
tratto	O	O	O	O	
da	O	O	O	O	
parte	O	O	O	O	
e	O	O	O	O	
costretto	O	O	O	O	
a	O	O	O	O	
cedere	O	O	O	O	
il	O	O	O	O	
posto	O	O	O	O	
al	O	O	O	O	
nobile	O	O	O	O	
e	O	O	O	O	
valente	O	O	O	O	
stallone	O	O	O	O	
....	O	O	O	O	
Un	O	O	O	O	
altro	O	O	O	O	
coro	O	O	O	O	
di	O	O	O	O	
scandalizzate	O	O	O	O	
proteste	O	O	O	O	
coprì	O	O	O	O	
la	O	O	O	O	
voce	O	O	O	O	
dell	O	O	O	O	
'	O	O	O	O	
oratore	B-PER	O	O	O	
;	O	O	O	O	
la	O	O	O	O	
signora	B-PER	O	O	O	
Graziani	I-PER	O	O	O	
,	O	O	O	O	
con	O	O	O	O	
una	O	O	O	O	
deliziosa	O	O	O	O	
smorfietta	O	O	O	O	
tra	O	O	O	O	
di	O	O	O	O	
disgusto	O	O	O	O	
e	O	O	O	O	
d	O	O	O	O	
'	O	O	O	O	
ilarità	O	O	O	O	
,	O	O	O	O	
lo	O	O	O	O	
sfidò	O	O	O	O	
:	O	O	O	O	
--	O	O	O	O	
Ma	O	O	O	O	
insomma	O	O	O	O	
,	O	O	O	O	
che	O	O	O	O	
cosa	O	O	O	O	
volete	O	O	O	O	
?	O	O	O	O	

Si	O	O	O	O	
può	O	O	O	O	
sapere	O	O	O	O	
che	O	O	O	O	
mai	O	O	O	O	
dovrebbero	O	O	O	O	
fare	O	O	O	O	
,	O	O	O	O	
secondo	O	O	O	O	
voi	O	O	O	O	
,	O	O	O	O	
queste	B-PER	O	O	O	
povere	I-PER	O	O	O	
donne	I-PER	O	O	O	
?	O	O	O	O	

Se	O	O	O	O	
voi	O	O	O	O	
stesso	O	O	O	O	
riconoscete	O	O	O	O	
che	O	O	O	O	
la	O	O	O	O	
grande	O	O	O	O	
arrendevolezza	O	O	O	O	
di	O	O	O	O	
quelle	B-PER	O	O	O	
signorine	I-PER	O	O	O	
vi	O	O	O	O	
nausea	O	O	O	O	
?	O	O	O	O	

--	O	O	O	O	
Precisamente	O	O	O	O	
!	O	O	O	O	

Nè	O	O	O	O	
solo	O	O	O	O	
quando	O	O	O	O	
è	O	O	O	O	
venale	O	O	O	O	
,	O	O	O	O	
ma	O	O	O	O	
anche	O	O	O	O	
se	O	O	O	O	
disinteressata	O	O	O	O	
la	O	O	O	O	
pronta	O	O	O	O	
dedizione	O	O	O	O	
dispiace	O	O	O	O	
ed	O	O	O	O	
inquieta	O	O	O	O	
,	O	O	O	O	
come	O	O	O	O	
sintomo	O	O	O	O	
di	O	O	O	O	
anormalità	O	O	O	O	
.	O	O	O	O	

Una	O	O	O	O	
certa	O	O	O	O	
resistenza	O	O	O	O	
è	O	O	O	O	
naturale	O	O	O	O	
,	O	O	O	O	
necessaria	O	O	O	O	
,	O	O	O	O	
conveniente	O	O	O	O	
;	O	O	O	O	
un	O	O	O	O	
certo	O	O	O	O	
sforzo	O	O	O	O	
per	O	O	O	O	
vincerla	O	O	O	O	
non	O	O	O	O	
riesce	O	O	O	O	
tutto	O	O	O	O	
penoso	O	O	O	O	
,	O	O	O	O	
perchè	O	O	O	O	
sforzo	O	O	O	O	
vuol	O	O	O	O	
dire	O	O	O	O	
esercizio	O	O	O	O	
di	O	O	O	O	
forza	O	O	O	O	
,	O	O	O	O	
e	O	O	O	O	
la	O	O	O	O	
coscienza	O	O	O	O	
della	O	O	O	O	
forza	O	O	O	O	
giova	O	O	O	O	
,	O	O	O	O	
piace	O	O	O	O	
ed	O	O	O	O	
esalta	O	O	O	O	
.	O	O	O	O	

Dirò	O	O	O	O	
di	O	O	O	O	
più	O	O	O	O	
:	O	O	O	O	
anche	O	O	O	O	
quando	O	O	O	O	
la	O	O	O	O	
resistenza	O	O	O	O	
è	O	O	O	O	
invincibile	O	O	O	O	
,	O	O	O	O	
anche	O	O	O	O	
quando	O	O	O	O	
l	B-PER	O	O	O	
'	I-PER	O	O	O	
amante	I-PER	O	O	O	
respinto	I-PER	O	O	O	
è	O	O	O	O	
ridotto	O	O	O	O	
alla	O	O	O	O	
disperazione	O	O	O	O	
,	O	O	O	O	
alla	O	O	O	O	
pazzia	O	O	O	O	
,	O	O	O	O	
al	O	O	O	O	
suicidio	O	O	O	O	
,	O	O	O	O	
egli	O	O	O	O	
non	O	O	O	O	
ha	O	O	O	O	
da	O	O	O	O	
prendersela	O	O	O	O	
se	O	O	O	O	
non	O	O	O	O	
col	O	O	O	O	
destino	O	O	O	O	
,	O	O	O	O	
o	O	O	O	O	
con	O	O	O	O	
sè	O	O	O	O	
stesso	O	O	O	O	
,	O	O	O	O	
per	O	O	O	O	
essersi	O	O	O	O	
innamorato	O	O	O	O	
d	O	O	O	O	
'	O	O	O	O	
una	B-PER	O	O	O	
creatura	I-PER	O	O	O	
insensibile	I-PER	O	O	O	
,	O	O	O	O	
d	O	O	O	O	
'	O	O	O	O	
una	O	O	O	O	
bellezza	O	O	O	O	
inutile	O	O	O	O	
,	O	O	O	O	
direbbe	O	O	O	O	
Maupassant	B-PER	O	O	O	
;	O	O	O	O	
ma	O	O	O	O	
l	O	O	O	O	
'	O	O	O	O	
assurdità	O	O	O	O	
delle	O	O	O	O	
resistenze	O	O	O	O	
volute	O	O	O	O	
,	O	O	O	O	
studiate	O	O	O	O	
,	O	O	O	O	
prolungate	O	O	O	O	
oltre	O	O	O	O	
il	O	O	O	O	
ragionevole	O	O	O	O	
,	O	O	O	O	
complicate	O	O	O	O	
con	O	O	O	O	
gli	O	O	O	O	
adescamenti	O	O	O	O	
,	O	O	O	O	
con	O	O	O	O	
le	O	O	O	O	
gelosie	O	O	O	O	
,	O	O	O	O	
con	O	O	O	O	
le	O	O	O	O	
rivalità	O	O	O	O	
,	O	O	O	O	
coi	O	O	O	O	
falsi	O	O	O	O	
pudori	O	O	O	O	
,	O	O	O	O	
coi	O	O	O	O	
mendicati	O	O	O	O	
doveri	O	O	O	O	
,	O	O	O	O	
con	O	O	O	O	
tutti	O	O	O	O	
i	O	O	O	O	
peggiori	O	O	O	O	
artifizî	O	O	O	O	
della	O	O	O	O	
civetteria	O	O	O	O	
,	O	O	O	O	
quelle	O	O	O	O	
sono	O	O	O	O	
le	O	O	O	O	
più	O	O	O	O	
penose	O	O	O	O	
e	O	O	O	O	
pericolose	O	O	O	O	
.	O	O	O	O	

Disgraziatamente	O	O	O	O	
sono	O	O	O	O	
anche	O	O	O	O	
le	O	O	O	O	
più	O	O	O	O	
frequenti	O	O	O	O	
.	O	O	O	O	

Dico	O	O	O	O	
anzi	O	O	O	O	
che	O	O	O	O	
sono	O	O	O	O	
la	O	O	O	O	
regola	O	O	O	O	
.	O	O	O	O	

Ordinariamente	O	O	O	O	
,	O	O	O	O	
dopo	O	O	O	O	
la	O	O	O	O	
vittoria	O	O	O	O	
,	O	O	O	O	
si	O	O	O	O	
dimentica	O	O	O	O	
quanto	O	O	O	O	
il	O	O	O	O	
suo	O	O	O	O	
conseguimento	O	O	O	O	
è	O	O	O	O	
costato	O	O	O	O	
di	O	O	O	O	
supplicazioni	O	O	O	O	
,	O	O	O	O	
d	O	O	O	O	
'	O	O	O	O	
implorazioni	O	O	O	O	
,	O	O	O	O	
di	O	O	O	O	
umiliazioni	O	O	O	O	
,	O	O	O	O	
di	O	O	O	O	
amarezze	O	O	O	O	
,	O	O	O	O	
di	O	O	O	O	
torture	O	O	O	O	
,	O	O	O	O	
di	O	O	O	O	
commozioni	O	O	O	O	
penose	O	O	O	O	
e	O	O	O	O	
logoranti	O	O	O	O	
,	O	O	O	O	
di	O	O	O	O	
assurde	O	O	O	O	
e	O	O	O	O	
ridicole	O	O	O	O	
esagerazioni	O	O	O	O	
spacciate	O	O	O	O	
per	O	O	O	O	
ubbriacare	O	O	O	O	
e	O	O	O	O	
scuotere	O	O	O	O	
l	O	O	O	O	
'	O	O	O	O	
oggetto	O	O	O	O	
del	O	O	O	O	
nostro	O	O	O	O	
desiderio	O	O	O	O	
,	O	O	O	O	
di	O	O	O	O	
tempo	O	O	O	O	
e	O	O	O	O	
di	O	O	O	O	
fiato	O	O	O	O	
e	O	O	O	O	
di	O	O	O	O	
pianto	O	O	O	O	
sprecati	O	O	O	O	
;	O	O	O	O	
ma	O	O	O	O	
chi	O	O	O	O	
può	O	O	O	O	
vantarsi	O	O	O	O	
di	O	O	O	O	
non	O	O	O	O	
esser	O	O	O	O	
passato	O	O	O	O	
per	O	O	O	O	
queste	O	O	O	O	
pene	O	O	O	O	
e	O	O	O	O	
di	O	O	O	O	
non	O	O	O	O	
aver	O	O	O	O	
fatto	O	O	O	O	
questo	O	O	O	O	
sciupìo	O	O	O	O	
?	O	O	O	O	

Chi	O	O	O	O	
ha	O	O	O	O	
trovato	O	O	O	O	
una	B-PER	O	O	O	
donna	I-PER	O	O	O	
,	O	O	O	O	
dico	O	O	O	O	
una	B-PER	O	O	O	
donna	I-PER	O	O	O	
e	O	O	O	O	
non	O	O	O	O	
una	B-PER	O	O	O	
mercenaria	I-PER	O	O	O	
nè	O	O	O	O	
un	B-PER	O	O	O	
'	I-PER	O	O	O	
ammalata	I-PER	O	O	O	
,	O	O	O	O	
chi	O	O	O	O	
ha	O	O	O	O	
trovato	O	O	O	O	
una	O	O	O	O	
creatura	O	O	O	O	
bella	O	O	O	O	
d	O	O	O	O	
'	O	O	O	O	
aspetto	O	O	O	O	
e	O	O	O	O	
degna	O	O	O	O	
nell	O	O	O	O	
'	O	O	O	O	
anima	O	O	O	O	
,	O	O	O	O	
capace	O	O	O	O	
di	O	O	O	O	
arrendersi	O	O	O	O	
semplicemente	O	O	O	O	
,	O	O	O	O	
naturalmente	O	O	O	O	
,	O	O	O	O	
sottraendosi	O	O	O	O	
al	O	O	O	O	
tributo	O	O	O	O	
di	O	O	O	O	
falsità	O	O	O	O	
che	O	O	O	O	
l	O	O	O	O	
'	O	O	O	O	
istinto	O	O	O	O	
e	O	O	O	O	
le	O	O	O	O	
tradizioni	O	O	O	O	
del	O	O	O	O	
suo	O	O	O	O	
sesso	O	O	O	O	
le	O	O	O	O	
impongono	O	O	O	O	
,	O	O	O	O	
e	O	O	O	O	
sottraendo	O	O	O	O	
per	O	O	O	O	
conseguenza	O	O	O	O	
anche	O	O	O	O	
noi	O	O	O	O	
al	O	O	O	O	
tributo	O	O	O	O	
di	O	O	O	O	
menzogne	O	O	O	O	
e	O	O	O	O	
di	O	O	O	O	
lacrime	O	O	O	O	
;	O	O	O	O	
una	O	O	O	O	
creatura	O	O	O	O	
capace	O	O	O	O	
di	O	O	O	O	
comprendere	O	O	O	O	
senza	O	O	O	O	
tante	O	O	O	O	
storie	O	O	O	O	
la	O	O	O	O	
sincerità	O	O	O	O	
dell	O	O	O	O	
'	O	O	O	O	
ardore	O	O	O	O	
suscitato	O	O	O	O	
,	O	O	O	O	
col	O	O	O	O	
minimo	O	O	O	O	
di	O	O	O	O	
storie	O	O	O	O	
occorrente	O	O	O	O	
per	O	O	O	O	
infiammarsi	O	O	O	O	
o	O	O	O	O	
per	O	O	O	O	
riscaldarsi	O	O	O	O	
a	O	O	O	O	
sua	O	O	O	O	
volta	O	O	O	O	
?	O	O	O	O	

--	O	O	O	O	
Io	O	O	O	O	
.	O	O	O	O	

Intenti	O	O	O	O	
a	O	O	O	O	
seguire	O	O	O	O	
le	O	O	O	O	
argomentazioni	O	O	O	O	
del	O	O	O	O	
facondo	B-PER	O	O	O	
oratore	I-PER	O	O	O	
,	O	O	O	O	
gli	B-PER	O	O	O	
astanti	I-PER	O	O	O	
si	O	O	O	O	
volsero	O	O	O	O	
,	O	O	O	O	
un	O	O	O	O	
poco	O	O	O	O	
stupiti	O	O	O	O	
,	O	O	O	O	
al	O	O	O	O	
suono	O	O	O	O	
della	O	O	O	O	
nuova	O	O	O	O	
voce	O	O	O	O	
.	O	O	O	O	

Aveva	O	O	O	O	
risposto	O	O	O	O	
Alberto	B-PER	O	O	O	
Mauri	I-PER	O	O	O	
.	O	O	O	O	

--	O	O	O	O	
Tu	O	O	O	O	
?	O	O	O	O	

I	O	O	O	O	
miei	O	O	O	O	
complimenti	O	O	O	O	
!	O	O	O	O	

Dove	O	O	O	O	
l	O	O	O	O	
'	O	O	O	O	
hai	O	O	O	O	
trovata	O	O	O	O	
?	O	O	O	O	

--	O	O	O	O	
In	O	O	O	O	
sogno	O	O	O	O	
.	O	O	O	O	

--	O	O	O	O	
Volevo	O	O	O	O	
ben	O	O	O	O	
dire	O	O	O	O	
!	O	O	O	O	

In	O	O	O	O	
sogno	O	O	O	O	
,	O	O	O	O	
anch	O	O	O	O	
'	O	O	O	O	
io	O	O	O	O	
.	O	O	O	O	

--	O	O	O	O	
Ma	O	O	O	O	
nessun	O	O	O	O	
sogno	O	O	O	O	
può	O	O	O	O	
paragonarsi	O	O	O	O	
al	O	O	O	O	
mio	O	O	O	O	
.	O	O	O	O	

--	O	O	O	O	
Proprio	O	O	O	O	
?	O	O	O	O	

...	O	O	O	O	
Ma	O	O	O	O	
proprio	O	O	O	O	
?	O	O	O	O	

...	O	O	O	O	
Narratelo	O	O	O	O	
allora	O	O	O	O	
!	O	O	O	O	

Sentiamo	O	O	O	O	
!	O	O	O	O	

...	O	O	O	O	
--	O	O	O	O	
dissero	O	O	O	O	
le	B-PER	O	O	O	
signore	I-PER	O	O	O	
.	O	O	O	O	

--	O	O	O	O	
Anselmi	B-PER	O	O	O	
--	O	O	O	O	
osservò	O	O	O	O	
Mauri	B-PER	O	O	O	
rivolto	O	O	O	O	
a	O	O	O	O	
donna	B-PER	O	O	O	
Maria	I-PER	O	O	O	
--	O	O	O	O	
non	O	O	O	O	
ha	O	O	O	O	
voluto	O	O	O	O	
riferirvi	O	O	O	O	
la	O	O	O	O	
storia	O	O	O	O	
della	O	O	O	O	
baronessa	O	B-PER	O	O	
di	O	I-PER	O	O	
Sclàfani	B-GPE	I-PER	O	O	
come	O	O	O	O	
troppo	O	O	O	O	
lunga	O	O	O	O	
per	O	O	O	O	
quest	O	O	O	O	
'	O	O	O	O	
ora	O	O	O	O	
:	O	O	O	O	
è	O	O	O	O	
il	O	O	O	O	
tocco	O	O	O	O	
e	O	O	O	O	
un	O	O	O	O	
quarto	O	O	O	O	
,	O	O	O	O	
e	O	O	O	O	
neppure	O	O	O	O	
il	O	O	O	O	
mio	O	O	O	O	
sogno	O	O	O	O	
è	O	O	O	O	
breve	O	O	O	O	
!	O	O	O	O	

--	O	O	O	O	
Il	O	O	O	O	
tocco	O	O	O	O	
e	O	O	O	O	
un	O	O	O	O	
quarto	O	O	O	O	
!	O	O	O	O	

...	O	O	O	O	
--	O	O	O	O	
esclamarono	O	O	O	O	
più	O	O	O	O	
voci	O	O	O	O	
femminili	O	O	O	O	
.	O	O	O	O	

--	O	O	O	O	
A	O	O	O	O	
casa	B-FAC	O	O	O	
,	O	O	O	O	
a	O	O	O	O	
casa	B-FAC	O	O	O	
....	O	O	O	O	
--	O	O	O	O	
intonarono	O	O	O	O	
poi	O	O	O	O	
,	O	O	O	O	
sull	O	O	O	O	
'	O	O	O	O	
aria	O	O	O	O	
della	O	O	O	O	
Cavalleria	O	O	O	O	
rusticana	O	O	O	O	
.	O	O	O	O	

La	B-PER	O	O	O	
comitiva	I-PER	O	O	O	
si	O	O	O	O	
sciolse	O	O	O	O	
;	O	O	O	O	
alcuni	B-PER	O	O	O	
montarono	O	O	O	O	
in	O	O	O	O	
legno	O	O	O	O	
,	O	O	O	O	
altri	B-PER	O	O	O	
si	O	O	O	O	
congedarono	O	O	O	O	
dirigendosi	O	O	O	O	
verso	O	O	O	O	
il	O	B-FAC	O	O	
centro	O	I-FAC	O	O	
della	O	I-FAC	O	O	
città	B-GPE	I-FAC	O	O	
;	O	O	O	O	
donna	B-PER	O	O	O	
Maria	I-PER	O	O	O	
,	O	O	O	O	
la	O	O	O	O	
signora	B-PER	O	O	O	
Graziani	I-PER	O	O	O	
,	O	O	O	O	
suo	B-PER	O	O	O	
fratello	I-PER	O	O	O	
,	O	O	O	O	
Anselmi	B-PER	O	O	O	
e	O	O	O	O	
Mauri	B-PER	O	O	O	
si	O	O	O	O	
avviarono	O	O	O	O	
lentamente	O	O	O	O	
verso	O	O	O	O	
i	B-FAC	O	O	O	
quartieri	I-FAC	O	O	O	
alti	I-FAC	O	O	O	
.	O	O	O	O	

--	O	O	O	O	
Se	O	O	O	O	
lo	O	O	O	O	
narraste	O	O	O	O	
ora	O	O	O	O	
,	O	O	O	O	
il	O	O	O	O	
vostro	O	O	O	O	
sogno	O	O	O	O	
?	O	O	O	O	

--	O	O	O	O	
propose	O	O	O	O	
la	O	O	O	O	
signora	O	B-PER	O	O	
di	O	I-PER	O	O	
Varga	B-GPE	I-PER	O	O	
.	O	O	O	O	

--	O	O	O	O	
Susanna	B-PER	O	O	O	
è	O	O	O	O	
nottambula	O	O	O	O	
come	O	O	O	O	
me	O	O	O	O	
,	O	O	O	O	
e	O	O	O	O	
non	O	O	O	O	
si	O	O	O	O	
dorrà	O	O	O	O	
di	O	O	O	O	
rincasare	O	O	O	O	
mezz	O	O	O	O	
'	O	O	O	O	
ora	O	O	O	O	
più	O	O	O	O	
tardi	O	O	O	O	
:	O	O	O	O	
è	O	O	O	O	
vero	O	O	O	O	
?	O	O	O	O	

--	O	O	O	O	
Mauri	B-PER	O	O	O	
!	O	O	O	O	

--	O	O	O	O	
rispose	O	O	O	O	
l	B-PER	O	O	O	
'	I-PER	O	O	O	
interrogata	I-PER	O	O	O	
volgendosi	O	O	O	O	
al	O	O	O	O	
giovane	B-PER	O	O	O	
.	O	O	O	O	

--	O	O	O	O	
Ve	O	O	O	O	
ne	O	O	O	O	
preghiamo	O	O	O	O	
!	O	O	O	O	

...	O	O	O	O	
E	O	O	O	O	
per	O	O	O	O	
le	B-LOC	O	O	O	
vie	I-LOC	O	O	O	
deserte	I-LOC	O	O	O	
,	O	O	O	O	
a	O	O	O	O	
tratti	O	O	O	O	
avvolte	O	O	O	O	
nella	O	O	O	O	
penombra	O	O	O	O	
,	O	O	O	O	
a	O	O	O	O	
tratti	O	O	O	O	
fortemente	O	O	O	O	
rischiarate	O	O	O	O	
dalle	O	O	O	O	
lampade	O	O	O	O	
ancora	O	O	O	O	
veglianti	O	O	O	O	
nella	O	O	O	O	
notte	O	O	O	O	
alta	O	O	O	O	
,	O	O	O	O	
Mauri	B-PER	O	O	O	
,	O	O	O	O	
in	O	O	O	O	
mezzo	O	O	O	O	
alle	O	O	O	O	
due	B-PER	O	O	O	
dame	I-PER	O	O	O	
che	O	O	O	O	
gli	B-PER	O	O	O	
altri	I-PER	O	O	O	
cavalieri	I-PER	O	O	O	
circondavano	O	O	O	O	
dagli	O	O	O	O	
altri	O	O	O	O	
lati	O	O	O	O	
,	O	O	O	O	
narrò	O	O	O	O	
.	O	O	O	O	

--	O	O	O	O	
....	O	O	O	O	
È	O	O	O	O	
alquanto	O	O	O	O	
difficile	O	O	O	O	
significare	O	O	O	O	
le	O	O	O	O	
impressioni	O	O	O	O	
del	O	O	O	O	
sogno	O	O	O	O	
:	O	O	O	O	
voi	O	O	O	O	
sapete	O	O	O	O	
che	O	O	O	O	
si	O	O	O	O	
distinguono	O	O	O	O	
da	O	O	O	O	
quelle	O	O	O	O	
della	O	O	O	O	
veglia	O	O	O	O	
per	O	O	O	O	
qualche	O	O	O	O	
cosa	O	O	O	O	
,	O	O	O	O	
appunto	O	O	O	O	
,	O	O	O	O	
di	O	O	O	O	
ambiguo	O	O	O	O	
,	O	O	O	O	
di	O	O	O	O	
indefinibile	O	O	O	O	
,	O	O	O	O	
di	O	O	O	O	
evanescente	O	O	O	O	
.	O	O	O	O	

Talvolta	O	O	O	O	
,	O	O	O	O	
è	O	O	O	O	
vero	O	O	O	O	
,	O	O	O	O	
sono	O	O	O	O	
d	O	O	O	O	
'	O	O	O	O	
una	O	O	O	O	
vivacità	O	O	O	O	
straordinaria	O	O	O	O	
,	O	O	O	O	
da	O	O	O	O	
superare	O	O	O	O	
le	O	O	O	O	
più	O	O	O	O	
gagliarde	O	O	O	O	
e	O	O	O	O	
profonde	O	O	O	O	
della	O	O	O	O	
vita	O	O	O	O	
reale	O	O	O	O	
;	O	O	O	O	
ma	O	O	O	O	
,	O	O	O	O	
subito	O	O	O	O	
dopo	O	O	O	O	
,	O	O	O	O	
al	O	O	O	O	
dischiudersi	O	O	O	O	
degli	O	O	O	O	
occhi	O	O	O	O	
,	O	O	O	O	
il	O	O	O	O	
ricordo	O	O	O	O	
se	O	O	O	O	
ne	O	O	O	O	
attenua	O	O	O	O	
e	O	O	O	O	
sbiadisce	O	O	O	O	
e	O	O	O	O	
sfuma	O	O	O	O	
.	O	O	O	O	

Sogni	O	O	O	O	
deliziosi	O	O	O	O	
o	O	O	O	O	
terribili	O	O	O	O	
,	O	O	O	O	
tutti	B-PER	O	O	O	
ne	O	O	O	O	
abbiamo	O	O	O	O	
fatti	O	O	O	O	
e	O	O	O	O	
ne	O	O	O	O	
facciamo	O	O	O	O	
;	O	O	O	O	
ma	O	O	O	O	
di	O	O	O	O	
quanti	O	O	O	O	
serbiamo	O	O	O	O	
memoria	O	O	O	O	
?	O	O	O	O	

...	O	O	O	O	
Io	O	O	O	O	
ero	O	O	O	O	
nel	O	O	O	O	
più	O	B-GPE	O	O	
bel	O	I-GPE	O	O	
paese	O	I-GPE	O	O	
del	O	I-GPE	O	O	
mondo	B-LOC	I-GPE	O	O	
,	O	O	O	O	
una	B-LOC	O	O	O	
spiaggia	I-LOC	O	O	O	
tutta	I-LOC	O	O	O	
frondosa	I-LOC	O	O	O	
e	I-LOC	O	O	O	
fiorita	I-LOC	O	O	O	
,	O	O	O	O	
dinanzi	O	O	O	O	
a	O	O	O	O	
un	B-LOC	O	O	O	
mare	I-LOC	O	O	O	
azzurro	I-LOC	O	O	O	
aleggiato	I-LOC	O	O	O	
da	I-LOC	O	O	O	
tepide	I-LOC	O	O	O	
brezze	I-LOC	O	O	O	
,	O	O	O	O	
veleggiato	O	O	O	O	
da	O	O	O	O	
candide	O	O	O	O	
ali	O	O	O	O	
.	O	O	O	O	

Un	B-FAC	O	O	O	
tempio	I-FAC	O	O	O	
marmoreo	I-FAC	O	O	O	
sorgeva	O	O	O	O	
dinanzi	O	O	O	O	
al	O	O	O	O	
mare	B-LOC	O	O	O	
,	O	O	O	O	
ed	O	O	O	O	
era	O	O	O	O	
dedicato	O	O	O	O	
alla	O	O	O	O	
Fortuna	B-PER	O	O	O	
.	O	O	O	O	

Giorno	O	O	O	O	
e	O	O	O	O	
notte	O	O	O	O	
la	B-PER	O	O	O	
gente	I-PER	O	O	O	
vi	O	O	O	O	
traeva	O	O	O	O	
da	O	O	O	O	
ogni	O	O	O	O	
parte	O	O	O	O	
,	O	O	O	O	
per	O	O	O	O	
tentarla	O	O	O	O	
,	O	O	O	O	
e	O	O	O	O	
coloro	O	O	O	O	
che	O	O	O	O	
la	B-PER	O	O	O	
mutevole	I-PER	O	O	O	
Dea	I-PER	O	O	O	
favoriva	O	O	O	O	
ne	O	O	O	O	
uscivano	O	O	O	O	
carichi	O	O	O	O	
d	O	O	O	O	
'	O	O	O	O	
oro	O	O	O	O	
,	O	O	O	O	
e	O	O	O	O	
quelli	B-PER	O	O	O	
che	I-PER	O	O	O	
osteggiava	I-PER	O	O	O	
si	O	O	O	O	
precipitavano	O	O	O	O	
,	O	O	O	O	
ridotti	O	O	O	O	
alla	O	O	O	O	
miseria	O	O	O	O	
e	O	O	O	O	
alla	O	O	O	O	
disperazione	O	O	O	O	
,	O	O	O	O	
da	O	O	O	O	
altissime	B-LOC	O	O	O	
rupi	I-LOC	O	O	O	
sopra	O	O	O	O	
irte	B-LOC	O	O	O	
scogliere	I-LOC	O	O	O	
.	O	O	O	O	

Il	O	O	O	O	
tintinnio	O	O	O	O	
dell	O	O	O	O	
'	O	O	O	O	
oro	O	O	O	O	
scandeva	O	O	O	O	
le	O	O	O	O	
musiche	O	O	O	O	
echeggianti	O	O	O	O	
sotto	O	O	O	O	
le	O	O	O	O	
vôlte	O	O	O	O	
del	O	O	O	O	
tempio	B-FAC	O	O	O	
;	O	O	O	O	
creature	O	O	O	O	
di	O	O	O	O	
favolosa	O	O	O	O	
bellezza	O	O	O	O	
vi	O	O	O	O	
si	O	O	O	O	
aggiravano	O	O	O	O	
,	O	O	O	O	
affascinanti	O	O	O	O	
come	O	O	O	O	
sirene	O	O	O	O	
.	O	O	O	O	

La	B-PER	O	O	O	
donna	I-PER	O	O	O	
dalla	O	O	O	O	
cui	O	O	O	O	
vista	O	O	O	O	
rimasi	O	O	O	O	
abbagliato	O	O	O	O	
non	O	O	O	O	
era	O	O	O	O	
la	B-PER	O	O	O	
più	I-PER	O	O	O	
desiderata	I-PER	O	O	O	
:	O	O	O	O	
altre	B-PER	O	O	O	
si	O	O	O	O	
traevano	O	O	O	O	
dietro	O	O	O	O	
codazzi	B-PER	O	O	O	
di	I-PER	O	O	O	
spasimanti	I-PER	O	O	O	
;	O	O	O	O	
ed	O	O	O	O	
io	O	O	O	O	
sentivo	O	O	O	O	
il	O	O	O	O	
bisogno	O	O	O	O	
di	O	O	O	O	
render	O	O	O	O	
conto	O	O	O	O	
a	O	O	O	O	
me	O	O	O	O	
stesso	O	O	O	O	
della	O	O	O	O	
mia	O	O	O	O	
scelta	O	O	O	O	
,	O	O	O	O	
pensando	O	O	O	O	
a	O	O	O	O	
quel	O	O	O	O	
che	O	O	O	O	
ci	O	O	O	O	
accade	O	O	O	O	
quando	O	O	O	O	
siamo	O	O	O	O	
dinanzi	O	O	O	O	
alla	O	O	O	O	
mostra	O	O	O	O	
d	O	O	O	O	
'	O	O	O	O	
un	B-PER	O	O	O	
gioielliere	I-PER	O	O	O	
.	O	O	O	O	

Anche	O	O	O	O	
se	O	O	O	O	
non	O	O	O	O	
abbiamo	O	O	O	O	
da	O	O	O	O	
comprar	O	O	O	O	
nulla	O	O	O	O	
,	O	O	O	O	
se	O	O	O	O	
fantastichiamo	O	O	O	O	
che	O	O	O	O	
qualcuno	B-PER	O	O	O	
,	O	O	O	O	
un	B-PER	O	O	O	
amico	I-PER	O	O	O	
straricco	I-PER	O	O	O	
e	I-PER	O	O	O	
generoso	I-PER	O	O	O	
,	O	O	O	O	
o	O	O	O	O	
lo	B-PER	O	O	O	
stesso	I-PER	O	O	O	
mercante	I-PER	O	O	O	
,	O	O	O	O	
ci	O	O	O	O	
offra	O	O	O	O	
di	O	O	O	O	
portar	O	O	O	O	
via	O	O	O	O	
un	O	O	O	O	
oggetto	O	O	O	O	
di	O	O	O	O	
nostro	O	O	O	O	
gusto	O	O	O	O	
,	O	O	O	O	
noi	O	O	O	O	
non	O	O	O	O	
preferiamo	O	O	O	O	
il	O	O	O	O	
più	O	O	O	O	
vistoso	O	O	O	O	
,	O	O	O	O	
ma	O	O	O	O	
il	O	O	O	O	
più	O	O	O	O	
squisito	O	O	O	O	
.	O	O	O	O	

Come	O	O	O	O	
dire	O	O	O	O	
la	O	O	O	O	
squisitezza	O	O	O	O	
,	O	O	O	O	
la	O	O	O	O	
leggiadria	O	O	O	O	
,	O	O	O	O	
la	O	O	O	O	
grazia	O	O	O	O	
,	O	O	O	O	
l	O	O	O	O	
'	O	O	O	O	
incanto	O	O	O	O	
,	O	O	O	O	
il	O	O	O	O	
fascino	O	O	O	O	
di	O	O	O	O	
quella	O	O	O	O	
creatura	O	O	O	O	
?	O	O	O	O	

Mai	O	O	O	O	
ne	O	O	O	O	
avevo	O	O	O	O	
vista	O	O	O	O	
un	O	O	O	O	
'	O	O	O	O	
altra	O	O	O	O	
altrettanto	O	O	O	O	
espressiva	O	O	O	O	
.	O	O	O	O	

Il	O	O	O	O	
fervore	O	O	O	O	
della	O	O	O	O	
sua	O	O	O	O	
intima	O	O	O	O	
vita	O	O	O	O	
non	O	O	O	O	
si	O	O	O	O	
rivelava	O	O	O	O	
solamente	O	O	O	O	
dagli	O	O	O	O	
occhi	O	O	O	O	
profondi	O	O	O	O	
,	O	O	O	O	
mutevoli	O	O	O	O	
,	O	O	O	O	
languidi	O	O	O	O	
e	O	O	O	O	
sfavillanti	O	O	O	O	
,	O	O	O	O	
limpidi	O	O	O	O	
e	O	O	O	O	
tenebrosi	O	O	O	O	
,	O	O	O	O	
ma	O	O	O	O	
da	O	O	O	O	
ogni	O	O	O	O	
tratto	O	O	O	O	
del	O	O	O	O	
viso	O	O	O	O	
,	O	O	O	O	
da	O	O	O	O	
ogni	O	O	O	O	
atteggiamento	O	O	O	O	
della	O	O	O	O	
persona	B-PER	O	O	O	
.	O	O	O	O	

La	O	O	O	O	
chioma	O	O	O	O	
bionda	O	O	O	O	
e	O	O	O	O	
ricciuta	O	O	O	O	
era	O	O	O	O	
tutta	O	O	O	O	
ardore	O	O	O	O	
,	O	O	O	O	
tutta	O	O	O	O	
capricci	O	O	O	O	
;	O	O	O	O	
le	O	O	O	O	
guance	O	O	O	O	
avvampavano	O	O	O	O	
come	O	O	O	O	
per	O	O	O	O	
baci	O	O	O	O	
che	O	O	O	O	
invisibili	O	O	O	O	
labbra	O	O	O	O	
vi	O	O	O	O	
stampassero	O	O	O	O	
o	O	O	O	O	
si	O	O	O	O	
sbiancavano	O	O	O	O	
come	O	O	O	O	
per	O	O	O	O	
parole	O	O	O	O	
mortali	O	O	O	O	
che	O	O	O	O	
ella	O	O	O	O	
sola	O	O	O	O	
udisse	O	O	O	O	
;	O	O	O	O	
nei	O	O	O	O	
fremiti	O	O	O	O	
delle	O	O	O	O	
sue	O	O	O	O	
proprie	O	O	O	O	
labbra	O	O	O	O	
,	O	O	O	O	
delle	O	O	O	O	
mobili	O	O	O	O	
nari	O	O	O	O	
,	O	O	O	O	
delle	O	O	O	O	
mani	O	O	O	O	
nervose	O	O	O	O	
,	O	O	O	O	
passavano	O	O	O	O	
baci	O	O	O	O	
,	O	O	O	O	
sorrisi	O	O	O	O	
,	O	O	O	O	
carezze	O	O	O	O	
,	O	O	O	O	
repulse	O	O	O	O	
,	O	O	O	O	
disdegni	O	O	O	O	
,	O	O	O	O	
meraviglie	O	O	O	O	
,	O	O	O	O	
desideri	O	O	O	O	
,	O	O	O	O	
cupidigie	O	O	O	O	
,	O	O	O	O	
tutti	O	O	O	O	
i	O	O	O	O	
moti	O	O	O	O	
d	O	O	O	O	
'	O	O	O	O	
un	O	O	O	O	
'	O	O	O	O	
anima	O	O	O	O	
sincera	O	O	O	O	
,	O	O	O	O	
tutti	O	O	O	O	
gli	O	O	O	O	
atteggiamenti	O	O	O	O	
d	O	O	O	O	
'	O	O	O	O	
una	O	O	O	O	
vita	O	O	O	O	
intensa	O	O	O	O	
.	O	O	O	O	

Era	O	O	O	O	
straniera	B-PER	O	O	O	
,	I-PER	O	O	O	
principessa	I-PER	O	O	O	
,	I-PER	O	O	O	
ricca	I-PER	O	O	O	
a	I-PER	O	O	O	
milioni	I-PER	O	O	O	
;	O	O	O	O	
ma	O	O	O	O	
non	O	O	O	O	
sfoggiava	O	O	O	O	
la	O	O	O	O	
sua	O	O	O	O	
ricchezza	O	O	O	O	
:	O	O	O	O	
in	O	O	O	O	
mezzo	O	O	O	O	
a	O	O	O	O	
gente	B-PER	O	O	O	
che	O	O	O	O	
ostentava	O	O	O	O	
il	O	O	O	O	
lusso	O	O	O	O	
più	O	O	O	O	
ricercato	O	O	O	O	
,	O	O	O	O	
era	O	O	O	O	
semplice	O	O	O	O	
,	O	O	O	O	
disadorna	O	O	O	O	
,	O	O	O	O	
quasi	O	O	O	O	
dimessa	O	O	O	O	
;	O	O	O	O	
ma	O	O	O	O	
nella	O	O	O	O	
sua	O	O	O	O	
semplicità	O	O	O	O	
nessuna	B-PER	O	O	O	
riusciva	O	O	O	O	
altrettanto	O	O	O	O	
elegante	O	O	O	O	
,	O	O	O	O	
d	O	O	O	O	
'	O	O	O	O	
una	O	O	O	O	
eleganza	O	O	O	O	
così	O	O	O	O	
discreta	O	O	O	O	
,	O	O	O	O	
istintiva	O	O	O	O	
,	O	O	O	O	
connaturata	O	O	O	O	
,	O	O	O	O	
la	O	O	O	O	
più	O	O	O	O	
rara	O	O	O	O	
,	O	O	O	O	
la	O	O	O	O	
più	O	O	O	O	
invidiata	O	O	O	O	
,	O	O	O	O	
quella	O	O	O	O	
che	O	O	O	O	
non	O	O	O	O	
si	O	O	O	O	
acquista	O	O	O	O	
.	O	O	O	O	

Suo	B-PER	O	O	O	
marito	I-PER	O	O	O	
,	I-PER	O	O	O	
gigantesco	I-PER	O	O	O	
,	I-PER	O	O	O	
soldatesco	I-PER	O	O	O	
,	O	O	O	O	
poteva	O	O	O	O	
esserle	O	O	O	O	
padre	B-PER	O	O	O	
.	O	O	O	O	

Tentava	O	O	O	O	
costui	O	O	O	O	
assiduamente	O	O	O	O	
la	O	O	O	O	
fortuna	O	O	O	O	
alle	O	O	O	O	
tavole	O	O	O	O	
del	O	O	O	O	
giuoco	O	O	O	O	
,	O	O	O	O	
con	O	O	O	O	
singolare	O	O	O	O	
freddezza	O	O	O	O	
,	O	O	O	O	
con	O	O	O	O	
perfetta	O	O	O	O	
padronanza	O	O	O	O	
di	O	O	O	O	
sè	O	O	O	O	
stesso	O	O	O	O	
;	O	O	O	O	
mentre	O	O	O	O	
,	O	O	O	O	
intorno	O	O	O	O	
a	O	O	O	O	
lui	O	O	O	O	
,	O	O	O	O	
non	O	O	O	O	
vedevo	O	O	O	O	
se	O	O	O	O	
non	O	O	O	O	
facce	O	O	O	O	
pallide	O	O	O	O	
o	O	O	O	O	
accese	O	O	O	O	
,	O	O	O	O	
occhi	O	O	O	O	
spalancati	O	O	O	O	
,	O	O	O	O	
avide	O	O	O	O	
bocche	O	O	O	O	
,	O	O	O	O	
mani	O	O	O	O	
frementi	O	O	O	O	
.	O	O	O	O	

Ella	O	O	O	O	
non	O	O	O	O	
giocava	O	O	O	O	
:	O	O	O	O	
leggeva	O	O	O	O	
,	O	O	O	O	
ricamava	O	O	O	O	
,	O	O	O	O	
passeggiava	O	O	O	O	
nei	O	O	O	O	
giardini	B-FAC	O	O	O	
incantati	I-FAC	O	O	O	
,	O	O	O	O	
lungo	O	O	O	O	
il	B-LOC	O	O	O	
placido	I-LOC	O	O	O	
mare	I-LOC	O	O	O	
;	O	O	O	O	
ed	O	O	O	O	
io	O	O	O	O	
non	O	O	O	O	
sapevo	O	O	O	O	
in	O	O	O	O	
che	O	O	O	O	
modo	O	O	O	O	
accostarla	O	O	O	O	
per	O	O	O	O	
dirle	O	O	O	O	
il	O	O	O	O	
prodigioso	O	O	O	O	
effetto	O	O	O	O	
che	O	O	O	O	
la	O	O	O	O	
sua	O	O	O	O	
vista	O	O	O	O	
aveva	O	O	O	O	
prodotto	O	O	O	O	
in	O	O	O	O	
me	O	O	O	O	
.	O	O	O	O	

