--	O	O	O	O	
Ecco	O	O	O	O	
,	O	O	O	O	
veda	O	O	O	O	
,	O	O	O	O	
io	O	O	O	O	
non	O	O	O	O	
domando	O	O	O	O	
di	O	O	O	O	
far	O	O	O	O	
carriera	O	O	O	O	
:	O	O	O	O	
io	O	O	O	O	
domando	O	O	O	O	
,	O	O	O	O	
prima	O	O	O	O	
che	O	O	O	O	
questa	O	O	O	O	
barba	O	O	O	O	
diventi	O	O	O	O	
grigia	O	O	O	O	
,	O	O	O	O	
di	O	O	O	O	
poter	O	O	O	O	
respirare	O	O	O	O	
un	O	O	O	O	
poco	O	O	O	O	
d	O	O	O	O	
'	O	O	O	O	
aria	O	O	O	O	
igienica	O	O	O	O	
.	O	O	O	O	

E	O	O	O	O	
il	O	O	O	O	
signor	B-PER	O	O	O	
Foresti	I-PER	O	O	O	
mi	O	O	O	O	
presentava	O	O	O	O	
sul	O	O	O	O	
dorso	O	O	O	O	
della	O	O	O	O	
mano	O	O	O	O	
,	O	O	O	O	
dall	O	O	O	O	
'	O	O	O	O	
alto	O	O	O	O	
della	O	O	O	O	
sua	O	O	O	O	
statura	O	O	O	O	
atletica	O	O	O	O	
,	O	O	O	O	
la	O	O	O	O	
sua	O	O	O	O	
barba	O	O	O	O	
,	O	O	O	O	
dove	O	O	O	O	
il	O	O	O	O	
grigio	O	O	O	O	
già	O	O	O	O	
minacciava	O	O	O	O	
una	O	O	O	O	
invasione	O	O	O	O	
generale	O	O	O	O	
:	O	O	O	O	
ed	O	O	O	O	
io	O	O	O	O	
credo	O	O	O	O	
che	O	O	O	O	
fosse	O	O	O	O	
questo	O	O	O	O	
grigio	O	O	O	O	
,	O	O	O	O	
in	O	O	O	O	
aumento	O	O	O	O	
,	O	O	O	O	
combinato	O	O	O	O	
con	O	O	O	O	
la	O	O	O	O	
speranza	O	O	O	O	
,	O	O	O	O	
sempre	O	O	O	O	
più	O	O	O	O	
in	O	O	O	O	
diminuzione	O	O	O	O	
,	O	O	O	O	
di	O	O	O	O	
potere	O	O	O	O	
respirare	O	O	O	O	
un	O	O	O	O	
poco	O	O	O	O	
d	O	O	O	O	
'	O	O	O	O	
aria	O	O	O	O	
igienica	O	O	O	O	
,	O	O	O	O	
che	O	O	O	O	
rendeva	O	O	O	O	
il	O	O	O	O	
signor	B-PER	O	O	O	
Foresti	I-PER	O	O	O	
piuttosto	O	O	O	O	
irritabile	O	O	O	O	
,	O	O	O	O	
anzi	O	O	O	O	
molto	O	O	O	O	
irritabile	O	O	O	O	
,	O	O	O	O	
nel	O	O	O	O	
suo	O	B-FAC	O	O	
ufficio	O	I-FAC	O	O	
di	O	I-FAC	O	O	
capo	O	I-FAC	O	O	
-	O	I-FAC	O	O	
stazione	O	I-FAC	O	O	
della	O	I-FAC	O	O	
piccola	B-FAC	I-FAC	O	O	
stazione	I-FAC	I-FAC	O	O	
di	I-FAC	I-FAC	O	O	
S	I-FAC	I-FAC	O	O	
...	O	O	O	O	
Egli	O	O	O	O	
era	O	O	O	O	
capace	O	O	O	O	
di	O	O	O	O	
avvertire	O	O	O	O	
dal	O	O	O	O	
suo	O	O	O	O	
buco	O	O	O	O	
di	O	O	O	O	
distribuzione	O	O	O	O	
dei	O	O	O	O	
biglietti	O	O	O	O	
:	O	O	O	O	
Questa	B-FAC	O	O	O	
bottega	I-FAC	O	O	O	
è	O	O	O	O	
diversa	O	O	O	O	
dalle	O	O	O	O	
altre	O	O	O	O	
:	O	O	O	O	
meno	B-PER	O	O	O	
avventori	I-PER	O	O	O	
vengono	O	O	O	O	
,	O	O	O	O	
più	O	O	O	O	
piacere	O	O	O	O	
mi	O	O	O	O	
fanno	O	O	O	O	
!	O	O	O	O	

;	O	O	O	O	
era	O	O	O	O	
capace	O	O	O	O	
di	O	O	O	O	
dire	O	O	O	O	
,	O	O	O	O	
percorrendo	O	O	O	O	
il	B-VEH	O	O	O	
treno	I-VEH	O	O	O	
con	O	O	O	O	
le	O	O	O	O	
braccia	O	O	O	O	
aperte	O	O	O	O	
e	O	O	O	O	
con	O	O	O	O	
un	O	O	O	O	
sorriso	O	O	O	O	
tremendamente	O	O	O	O	
ironico	O	O	O	O	
:	O	O	O	O	
Ma	O	O	O	O	
quei	O	O	O	O	
baci	O	O	O	O	
,	O	O	O	O	
ma	O	O	O	O	
quei	O	O	O	O	
saluti	O	O	O	O	
,	O	O	O	O	
ma	O	O	O	O	
se	O	O	O	O	
li	O	O	O	O	
distribuiscano	O	O	O	O	
prima	O	O	O	O	
!	O	O	O	O	

Capace	O	O	O	O	
,	O	O	O	O	
nella	O	O	O	O	
spedizione	O	O	O	O	
delle	O	O	O	O	
merci	O	O	O	O	
,	O	O	O	O	
di	O	O	O	O	
attaccarsi	O	O	O	O	
a	O	O	O	O	
tutti	O	O	O	O	
i	O	O	O	O	
rampini	O	O	O	O	
di	O	O	O	O	
quei	O	O	O	O	
regolamenti	O	O	O	O	
che	O	O	O	O	
odiava	O	O	O	O	
di	O	O	O	O	
un	O	O	O	O	
odio	O	O	O	O	
così	O	O	O	O	
profondo	O	O	O	O	
.	O	O	O	O	

Un	O	O	O	O	
orco	O	O	O	O	
!	O	O	O	O	

La	O	O	O	O	
più	O	O	O	O	
docile	O	O	O	O	
ed	O	O	O	O	
umile	O	O	O	O	
pasta	O	O	O	O	
di	O	O	O	O	
questo	B-LOC	O	O	O	
mondo	I-LOC	O	O	O	
:	O	O	O	O	
tanto	O	O	O	O	
è	O	O	O	O	
vero	O	O	O	O	
che	O	O	O	O	
non	O	O	O	O	
aveva	O	O	O	O	
fatto	O	O	O	O	
carriera	O	O	O	O	
.	O	O	O	O	

Certo	O	O	O	O	
,	O	O	O	O	
in	O	O	O	O	
quei	O	O	O	O	
momenti	O	O	O	O	
,	O	O	O	O	
era	O	O	O	O	
bene	O	O	O	O	
non	O	O	O	O	
avvicinarlo	O	O	O	O	
,	O	O	O	O	
non	O	O	O	O	
parlargli	O	O	O	O	
.	O	O	O	O	

Ma	O	O	O	O	
io	O	O	O	O	
avevo	O	O	O	O	
trovato	O	O	O	O	
un	O	O	O	O	
mezzo	O	O	O	O	
per	O	O	O	O	
esasperarlo	O	O	O	O	
in	O	O	O	O	
modo	O	O	O	O	
soave	O	O	O	O	
ed	O	O	O	O	
atroce	O	O	O	O	
.	O	O	O	O	

Chiudevo	O	O	O	O	
le	O	O	O	O	
pupille	O	O	O	O	
dolcemente	O	O	O	O	
,	O	O	O	O	
dicevo	O	O	O	O	
con	O	O	O	O	
voce	O	O	O	O	
sentimentale	O	O	O	O	
:	O	O	O	O	
--	O	O	O	O	
Ecco	O	O	O	O	
qui	O	O	O	O	
il	B-FAC	O	O	O	
suo	I-FAC	O	O	O	
piccolo	I-FAC	O	O	O	
giardino	I-FAC	O	O	O	
,	O	O	O	O	
i	O	O	O	O	
garofani	O	O	O	O	
,	O	O	O	O	
l	O	O	O	O	
'	O	O	O	O	
insalata	O	O	O	O	
;	O	O	O	O	
ecco	O	O	O	O	
la	B-FAC	O	O	O	
sua	I-FAC	O	O	O	
piccola	I-FAC	O	O	O	
stazione	I-FAC	O	O	O	
,	O	O	O	O	
beata	O	O	O	O	
come	O	O	O	O	
un	B-FAC	O	O	O	
eremo	I-FAC	O	O	O	
,	O	O	O	O	
baciata	O	O	O	O	
dal	O	O	O	O	
primo	O	O	O	O	
raggio	O	O	O	O	
del	O	O	O	O	
sole	O	O	O	O	
e	O	O	O	O	
salutata	O	O	O	O	
dalle	O	O	O	O	
rondini	O	O	O	O	
...	O	O	O	O	
Ah	O	O	O	O	
,	O	O	O	O	
se	O	O	O	O	
io	O	O	O	O	
fossi	O	O	O	O	
come	O	O	O	O	
lei	O	O	O	O	
,	O	O	O	O	
capo	B-PER	O	O	O	
-	I-PER	O	O	O	
stazione	I-PER	O	O	O	
,	O	O	O	O	
come	O	O	O	O	
lo	O	O	O	O	
terrei	O	O	O	O	
coltivato	O	O	O	O	
,	O	O	O	O	
inaffiato	O	O	O	O	
,	O	O	O	O	
fiorito	O	O	O	O	
,	O	O	O	O	
il	B-FAC	O	O	O	
piccolo	I-FAC	O	O	O	
giardino	I-FAC	O	O	O	
:	O	O	O	O	
e	O	O	O	O	
come	O	O	O	O	
ci	O	O	O	O	
farei	O	O	O	O	
una	B-FAC	O	O	O	
capannetta	I-FAC	O	O	O	
per	O	O	O	O	
leggere	O	O	O	O	
,	O	O	O	O	
per	O	O	O	O	
istudiare	O	O	O	O	
...	O	O	O	O	
--	O	O	O	O	
Badi	O	O	O	O	
bene	O	O	O	O	
come	O	O	O	O	
parla	O	O	O	O	
,	O	O	O	O	
sa	O	O	O	O	
!	O	O	O	O	

Non	O	O	O	O	
si	O	O	O	O	
prenda	O	O	O	O	
mica	O	O	O	O	
giuoco	O	O	O	O	
di	O	O	O	O	
me	O	O	O	O	
!	O	O	O	O	

...	O	O	O	O	
--	O	O	O	O	
Scusi	O	O	O	O	
,	O	O	O	O	
capo	B-PER	O	O	O	
,	O	O	O	O	
io	O	O	O	O	
dico	O	O	O	O	
sul	O	O	O	O	
serio	O	O	O	O	
.	O	O	O	O	

Per	O	O	O	O	
me	O	O	O	O	
,	O	O	O	O	
costretto	O	O	O	O	
a	O	O	O	O	
vivere	O	O	O	O	
in	O	O	O	O	
una	B-GPE	O	O	O	
grande	I-GPE	O	O	O	
città	I-GPE	O	O	O	
,	O	O	O	O	
questa	O	O	O	O	
vita	O	O	O	O	
idillica	O	O	O	O	
sarebbe	O	O	O	O	
l	O	O	O	O	
'	O	O	O	O	
ideale	O	O	O	O	
...	O	O	O	O	
Lei	O	O	O	O	
qui	O	O	O	O	
,	O	O	O	O	
intanto	O	O	O	O	
,	O	O	O	O	
è	O	O	O	O	
padrone	B-PER	O	O	O	
assoluto	I-PER	O	O	O	
...	O	O	O	O	
In	O	O	O	O	
verità	O	O	O	O	
,	O	O	O	O	
in	O	O	O	O	
verità	O	O	O	O	
,	O	O	O	O	
era	O	O	O	O	
un	B-FAC	O	O	O	
reclusorio	I-FAC	O	O	O	
quella	B-FAC	O	O	O	
piccola	I-FAC	O	O	O	
stazione	I-FAC	O	O	O	
:	O	O	O	O	
e	O	O	O	O	
lui	O	O	O	O	
,	O	O	O	O	
il	B-PER	O	O	O	
capo	I-PER	O	O	O	
,	O	O	O	O	
un	O	O	O	O	
coatto	O	O	O	O	
,	O	O	O	O	
costretto	O	O	O	O	
a	O	O	O	O	
vivere	O	O	O	O	
fra	O	O	O	O	
un	O	O	O	O	
disco	O	O	O	O	
al	O	O	O	O	
nord	B-LOC	O	O	O	
e	O	O	O	O	
un	O	O	O	O	
disco	O	O	O	O	
al	O	O	O	O	
sud	B-LOC	O	O	O	
;	O	O	O	O	
giacchè	O	O	O	O	
l	O	O	O	O	
'	O	O	O	O	
amministrazione	O	O	O	O	
lo	O	O	O	O	
aveva	O	O	O	O	
bensì	O	O	O	O	
elevato	O	O	O	O	
al	O	O	O	O	
grado	O	O	O	O	
di	O	O	O	O	
signore	B-PER	O	O	O	
assoluto	I-PER	O	O	O	
,	O	O	O	O	
essendo	O	O	O	O	
egli	O	O	O	O	
,	O	O	O	O	
bigliettaio	B-PER	O	O	O	
,	O	O	O	O	
spedizioniere	B-PER	O	O	O	
,	O	O	O	O	
telegrafista	B-PER	O	O	O	
;	O	O	O	O	
ma	O	O	O	O	
non	O	O	O	O	
aveva	O	O	O	O	
chi	O	O	O	O	
lo	O	O	O	O	
sostituisse	O	O	O	O	
o	O	O	O	O	
lo	O	O	O	O	
aiutasse	O	O	O	O	
fuorchè	O	O	O	O	
uno	B-PER	O	O	O	
scambista	I-PER	O	O	O	
e	O	O	O	O	
un	B-PER	O	O	O	
facchino	I-PER	O	O	O	
.	O	O	O	O	

--	O	O	O	O	
Quanto	O	O	O	O	
ai	O	O	O	O	
libri	O	O	O	O	
da	O	O	O	O	
leggere	O	O	O	O	
,	O	O	O	O	
eccoli	O	O	O	O	
qui	O	O	O	O	
!	O	O	O	O	

--	O	O	O	O	
e	O	O	O	O	
prese	O	O	O	O	
un	O	O	O	O	
ammasso	O	O	O	O	
enorme	O	O	O	O	
di	O	O	O	O	
libri	O	O	O	O	
e	O	O	O	O	
carte	O	O	O	O	
.	O	O	O	O	

Io	O	O	O	O	
temetti	O	O	O	O	
che	O	O	O	O	
me	O	O	O	O	
li	O	O	O	O	
scaraventasse	O	O	O	O	
sulla	O	O	O	O	
testa	O	O	O	O	
:	O	O	O	O	
si	O	O	O	O	
accontentò	O	O	O	O	
di	O	O	O	O	
accatastarmeli	O	O	O	O	
davanti	O	O	O	O	
:	O	O	O	O	
erano	O	O	O	O	
regolamenti	O	O	O	O	
,	O	O	O	O	
circolari	O	O	O	O	
,	O	O	O	O	
istruzioni	O	O	O	O	
.	O	O	O	O	

--	O	O	O	O	
Questa	O	O	O	O	
è	O	O	O	O	
la	O	O	O	O	
mia	O	O	O	O	
letteratura	O	O	O	O	
!	O	O	O	O	

--	O	O	O	O	
Aveva	O	O	O	O	
gli	O	O	O	O	
occhi	O	O	O	O	
feroci	O	O	O	O	
.	O	O	O	O	

--	O	O	O	O	
Creda	O	O	O	O	
--	O	O	O	O	
mi	O	O	O	O	
diceva	O	O	O	O	
poi	O	O	O	O	
acquietandosi	O	O	O	O	
con	O	O	O	O	
la	O	O	O	O	
subitaneità	O	O	O	O	
della	O	O	O	O	
sua	O	O	O	O	
indole	O	O	O	O	
buona	O	O	O	O	
--	O	O	O	O	
io	O	O	O	O	
odio	O	O	O	O	
questo	O	O	O	O	
sole	O	O	O	O	
,	O	O	O	O	
io	O	O	O	O	
odio	O	O	O	O	
quest	O	O	O	O	
'	O	O	O	O	
aria	O	O	O	O	
balsamica	O	O	O	O	
;	O	O	O	O	
io	O	O	O	O	
,	O	O	O	O	
democratico	B-PER	O	O	O	
,	O	O	O	O	
considero	O	O	O	O	
questa	O	O	O	O	
sudicia	O	O	O	O	
umanità	O	O	O	O	
di	O	O	O	O	
campagna	B-LOC	O	O	O	
come	O	O	O	O	
una	O	O	O	O	
razza	O	O	O	O	
inferiore	O	O	O	O	
.	O	O	O	O	

Persino	O	O	O	O	
le	B-PER	O	O	O	
donne	I-PER	O	O	O	
,	O	O	O	O	
capisce	O	O	O	O	
lei	O	O	O	O	
?	O	O	O	O	

persino	O	O	O	O	
le	B-PER	O	O	O	
donne	I-PER	O	O	O	
non	O	O	O	O	
mi	O	O	O	O	
sembrano	O	O	O	O	
donne	B-PER	O	O	O	
!	O	O	O	O	

L	O	O	O	O	
'	O	O	O	O	
aria	O	O	O	O	
balsamica	O	O	O	O	
,	O	O	O	O	
l	O	O	O	O	
'	O	O	O	O	
aria	O	O	O	O	
igienica	O	O	O	O	
pel	O	O	O	O	
signor	B-PER	O	O	O	
capo	I-PER	O	O	O	
era	O	O	O	O	
quella	O	O	O	O	
che	O	O	O	O	
si	O	O	O	O	
respira	O	O	O	O	
nel	O	O	O	O	
fondo	O	O	O	O	
di	O	O	O	O	
quei	B-FAC	O	O	O	
pozzi	I-FAC	O	O	O	
grigi	I-FAC	O	O	O	
che	O	O	O	O	
sono	O	O	O	O	
le	O	B-LOC	O	O	
vie	O	I-LOC	O	O	
,	O	I-LOC	O	O	
le	O	I-LOC	O	O	
piazze	O	I-LOC	O	O	
di	O	I-LOC	O	O	
una	B-GPE	I-LOC	O	O	
grande	I-GPE	I-LOC	O	O	
città	I-GPE	I-LOC	O	O	
.	O	O	O	O	

Ah	O	O	O	O	
,	O	O	O	O	
a	O	O	O	O	
mezzanotte	O	O	O	O	
--	O	O	O	O	
sospirava	O	O	O	O	
--	O	O	O	O	
un	B-FAC	O	O	O	
teatro	I-FAC	O	O	O	
illuminato	I-FAC	O	O	O	
!	O	O	O	O	

per	O	O	O	O	
le	O	B-LOC	O	O	
vie	O	I-LOC	O	O	
lucide	O	I-LOC	O	O	
dei	O	I-LOC	O	O	
tram	B-VEH	I-LOC	O	O	
lucidi	I-VEH	I-LOC	O	O	
!	O	O	O	O	

uomini	B-PER	O	O	O	
col	I-PER	O	O	O	
colletto	I-PER	O	O	O	
pulito	I-PER	O	O	O	
,	O	O	O	O	
donne	B-PER	O	O	O	
all	I-PER	O	O	O	
'	I-PER	O	O	O	
ultima	I-PER	O	O	O	
moda	I-PER	O	O	O	
;	O	O	O	O	
donne	B-PER	O	O	O	
autentiche	I-PER	O	O	O	
,	I-PER	O	O	O	
lavate	I-PER	O	O	O	
;	O	O	O	O	
bars	O	O	O	O	
,	O	O	O	O	
buvettes	O	O	O	O	
,	O	O	O	O	
scintillanti	O	O	O	O	
di	O	O	O	O	
luce	O	O	O	O	
elettrica	O	O	O	O	
,	O	O	O	O	
vetrine	O	O	O	O	
messe	O	O	O	O	
con	O	O	O	O	
gusto	O	O	O	O	
:	O	O	O	O	
lavorare	O	O	O	O	
sì	O	O	O	O	
anche	O	O	O	O	
,	O	O	O	O	
ma	O	O	O	O	
almeno	O	O	O	O	
potere	O	O	O	O	
un	O	O	O	O	
'	O	O	O	O	
ora	O	O	O	O	
al	O	O	O	O	
giorno	O	O	O	O	
sedere	O	O	O	O	
entro	O	O	O	O	
un	B-FAC	O	O	O	
caffè	I-FAC	O	O	O	
,	O	O	O	O	
godere	O	O	O	O	
lo	O	O	O	O	
spettacolo	O	O	O	O	
dell	O	O	O	O	
'	O	O	O	O	
umanità	O	O	O	O	
che	O	O	O	O	
passa	O	O	O	O	
davanti	O	O	O	O	
al	O	O	O	O	
vostro	O	O	O	O	
tavolino	O	O	O	O	
,	O	O	O	O	
al	O	O	O	O	
vostro	O	O	O	O	
calice	O	O	O	O	
di	O	O	O	O	
birra	O	O	O	O	
autentica	O	O	O	O	
!	O	O	O	O	

Macchè	O	O	O	O	
sole	O	O	O	O	
,	O	O	O	O	
macchè	O	O	O	O	
mare	B-LOC	O	O	O	
,	O	O	O	O	
macchè	O	O	O	O	
alberi	O	O	O	O	
,	O	O	O	O	
fiori	O	O	O	O	
,	O	O	O	O	
verdura	O	O	O	O	
,	O	O	O	O	
insalata	O	O	O	O	
,	O	O	O	O	
garofani	O	O	O	O	
!	O	O	O	O	

Oh	O	O	O	O	
,	O	O	O	O	
allora	O	O	O	O	
sì	O	O	O	O	
,	O	O	O	O	
il	B-PER	O	O	O	
signor	I-PER	O	O	O	
capo	I-PER	O	O	O	
si	O	O	O	O	
sarebbe	O	O	O	O	
arrangiata	O	O	O	O	
la	O	O	O	O	
barba	O	O	O	O	
che	O	O	O	O	
oramai	O	O	O	O	
diventava	O	O	O	O	
grigia	O	O	O	O	
,	O	O	O	O	
ed	O	O	O	O	
avrebbe	O	O	O	O	
speso	O	O	O	O	
allegramente	O	O	O	O	
il	O	O	O	O	
capitale	O	O	O	O	
esuberante	O	O	O	O	
della	O	O	O	O	
salute	O	O	O	O	
che	O	O	O	O	
rifioriva	O	O	O	O	
nel	O	O	O	O	
suo	O	O	O	O	
corpo	O	O	O	O	
.	O	O	O	O	

Da	O	O	O	O	
anni	O	O	O	O	
ed	O	O	O	O	
anni	O	O	O	O	
tempestava	O	O	O	O	
la	O	O	O	O	
direzione	O	O	O	O	
per	O	O	O	O	
un	O	O	O	O	
trasferimento	O	O	O	O	
in	O	O	O	O	
una	B-GPE	O	O	O	
città	I-GPE	O	O	O	
grande	I-GPE	O	O	O	
:	O	O	O	O	
era	O	O	O	O	
lì	O	O	O	O	
,	O	O	O	O	
rimaneva	O	O	O	O	
lì	O	O	O	O	
,	O	O	O	O	
e	O	O	O	O	
non	O	O	O	O	
aveva	O	O	O	O	
più	O	O	O	O	
altra	O	O	O	O	
speranza	O	O	O	O	
che	O	O	O	O	
quella	O	O	O	O	
di	O	O	O	O	
ammalarsi	O	O	O	O	
sul	O	O	O	O	
serio	O	O	O	O	
e	O	O	O	O	
poter	O	O	O	O	
ottenere	O	O	O	O	
un	O	O	O	O	
congedo	O	O	O	O	
.	O	O	O	O	

Ma	O	O	O	O	
come	O	O	O	O	
fare	O	O	O	O	
ad	O	O	O	O	
ammalarsi	O	O	O	O	
?	O	O	O	O	

In	O	O	O	O	
quella	B-FAC	O	O	O	
piccola	I-FAC	O	O	O	
stazione	I-FAC	O	O	O	
dall	O	O	O	O	
'	O	O	O	O	
aria	O	O	O	O	
balsamica	O	O	O	O	
,	O	O	O	O	
la	B-PER	O	O	O	
gente	I-PER	O	O	O	
ci	O	O	O	O	
veniva	O	O	O	O	
per	O	O	O	O	
salute	O	O	O	O	
all	O	O	O	O	
'	O	O	O	O	
estate	O	O	O	O	
,	O	O	O	O	
ed	O	O	O	O	
egli	O	O	O	O	
aveva	O	O	O	O	
la	O	O	O	O	
soddisfazione	O	O	O	O	
di	O	O	O	O	
vedere	O	O	O	O	
bensì	O	O	O	O	
in	O	O	O	O	
quel	O	O	O	O	
tempo	O	O	O	O	
aumentato	O	O	O	O	
il	O	O	O	O	
suo	O	O	O	O	
lavoro	O	O	O	O	
,	O	O	O	O	
ma	O	O	O	O	
senza	O	O	O	O	
potere	O	O	O	O	
avere	O	O	O	O	
la	O	O	O	O	
consolazione	O	O	O	O	
di	O	O	O	O	
ammalarsi	O	O	O	O	
.	O	O	O	O	

Una	O	O	O	O	
mattina	O	O	O	O	
di	O	O	O	O	
luglio	O	O	O	O	
,	O	O	O	O	
una	O	O	O	O	
ben	O	O	O	O	
calda	O	O	O	O	
e	O	O	O	O	
serena	O	O	O	O	
mattina	O	O	O	O	
,	O	O	O	O	
io	O	O	O	O	
presenziavo	O	O	O	O	
l	O	O	O	O	
'	O	O	O	O	
arrivo	O	O	O	O	
di	O	O	O	O	
un	B-VEH	O	O	O	
piccolo	I-VEH	O	O	O	
treno	I-VEH	O	O	O	
,	O	O	O	O	
che	O	O	O	O	
usurpa	O	O	O	O	
il	O	O	O	O	
nome	O	O	O	O	
di	O	O	O	O	
diretto	B-VEH	O	O	O	
.	O	O	O	O	

Il	O	O	O	O	
signor	B-PER	O	O	O	
Capo	I-PER	O	O	O	
,	O	O	O	O	
tra	O	O	O	O	
spedizione	O	O	O	O	
merci	O	O	O	O	
e	O	O	O	O	
spedizione	O	O	O	O	
viaggiatori	B-PER	O	O	O	
,	O	O	O	O	
ne	O	O	O	O	
aveva	O	O	O	O	
sino	O	O	O	O	
oltre	O	O	O	O	
al	O	O	O	O	
berretto	O	O	O	O	
paonazzo	O	O	O	O	
.	O	O	O	O	

Tempo	O	O	O	O	
di	O	O	O	O	
villeggiatura	O	O	O	O	
per	O	O	O	O	
la	O	O	O	O	
restante	O	O	O	O	
umanità	O	O	O	O	
!	O	O	O	O	

Un	O	O	O	O	
piccolo	O	O	O	O	
rossore	O	O	O	O	
alla	O	O	O	O	
fronte	O	O	O	O	
,	O	O	O	O	
un	O	O	O	O	
parlar	O	O	O	O	
secco	O	O	O	O	
allo	O	O	O	O	
sportello	O	O	O	O	
dei	O	O	O	O	
biglietti	O	O	O	O	
,	O	O	O	O	
un	O	O	O	O	
saluto	O	O	O	O	
glaciale	O	O	O	O	
a	O	O	O	O	
me	O	O	O	O	
,	O	O	O	O	
mi	O	O	O	O	
avevano	O	O	O	O	
fatto	O	O	O	O	
capire	O	O	O	O	
che	O	O	O	O	
quella	O	O	O	O	
mattina	O	O	O	O	
la	O	O	O	O	
caldaia	O	O	O	O	
cerebrale	O	O	O	O	
del	O	O	O	O	
signor	B-PER	O	O	O	
Capo	I-PER	O	O	O	
era	O	O	O	O	
in	O	O	O	O	
uno	O	O	O	O	
stato	O	O	O	O	
di	O	O	O	O	
ebollizione	O	O	O	O	
pericolosa	O	O	O	O	
.	O	O	O	O	

Il	B-VEH	O	O	O	
treno	I-VEH	O	O	O	
si	O	O	O	O	
era	O	O	O	O	
appena	O	O	O	O	
fermato	O	O	O	O	
che	O	O	O	O	
un	B-PER	O	O	O	
piccolo	I-PER	O	O	O	
signore	I-PER	O	O	O	
,	O	O	O	O	
da	O	O	O	O	
uno	B-FAC	O	O	O	
scompartimento	I-FAC	O	O	O	
di	I-FAC	O	O	O	
prima	I-FAC	O	O	O	
classe	I-FAC	O	O	O	
,	O	O	O	O	
si	O	O	O	O	
era	O	O	O	O	
affrettato	O	O	O	O	
a	O	O	O	O	
chiamare	O	O	O	O	
:	O	O	O	O	
--	O	O	O	O	
Aprite	O	O	O	O	
,	O	O	O	O	
presto	O	O	O	O	
,	O	O	O	O	
presto	O	O	O	O	
!	O	O	O	O	

--	O	O	O	O	
Poi	O	O	O	O	
si	O	O	O	O	
era	O	O	O	O	
calato	O	O	O	O	
da	O	O	O	O	
sè	O	O	O	O	
,	O	O	O	O	
come	O	O	O	O	
se	O	O	O	O	
la	B-VEH	O	O	O	
carrozza	I-VEH	O	O	O	
fosse	O	O	O	O	
in	O	O	O	O	
fiamme	O	O	O	O	
:	O	O	O	O	
ma	O	O	O	O	
un	O	O	O	O	
po	O	O	O	O	
'	O	O	O	O	
impediva	O	O	O	O	
il	O	O	O	O	
ventre	O	O	O	O	
che	O	O	O	O	
sporgeva	O	O	O	O	
dagli	O	O	O	O	
svolazzi	O	O	O	O	
di	O	O	O	O	
un	O	O	O	O	
giacchetto	O	O	O	O	
di	O	O	O	O	
orléans	O	O	O	O	
nero	O	O	O	O	
;	O	O	O	O	
un	O	O	O	O	
poco	O	O	O	O	
era	O	O	O	O	
colpa	O	O	O	O	
delle	O	O	O	O	
gambine	O	O	O	O	
esili	O	O	O	O	
,	O	O	O	O	
che	O	O	O	O	
non	O	O	O	O	
riuscivano	O	O	O	O	
a	O	O	O	O	
toccare	O	O	O	O	
il	O	O	O	O	
predellino	O	O	O	O	
.	O	O	O	O	

--	O	O	O	O	
Dove	O	O	O	O	
sono	O	O	O	O	
i	B-PER	O	O	O	
carabinieri	I-PER	O	O	O	
?	O	O	O	O	

i	B-PER	O	O	O	
due	I-PER	O	O	O	
carabinieri	I-PER	O	O	O	
regolamentari	I-PER	O	O	O	
?	O	O	O	O	

Le	B-PER	O	O	O	
guardie	I-PER	O	O	O	
del	I-PER	O	O	O	
treno	I-PER	O	O	O	
,	O	O	O	O	
la	B-PER	O	O	O	
gente	I-PER	O	O	O	
si	O	O	O	O	
affollò	O	O	O	O	
subito	O	O	O	O	
d	O	O	O	O	
'	O	O	O	O	
intorno	O	O	O	O	
a	O	O	O	O	
quel	B-PER	O	O	O	
signore	I-PER	O	O	O	
,	O	O	O	O	
invocante	O	O	O	O	
l	O	O	O	O	
'	O	O	O	O	
intervento	O	O	O	O	
di	O	O	O	O	
quegli	B-PER	O	O	O	
uomini	I-PER	O	O	O	
neri	I-PER	O	O	O	
e	I-PER	O	O	O	
rossi	I-PER	O	O	O	
,	O	O	O	O	
i	O	O	O	O	
quali	O	O	O	O	
,	O	O	O	O	
benchè	O	O	O	O	
siano	O	O	O	O	
da	O	O	O	O	
alcuni	B-PER	O	O	O	
considerati	O	O	O	O	
come	O	O	O	O	
un	O	O	O	O	
arcaismo	O	O	O	O	
nella	O	O	O	O	
società	B-ORG	O	O	O	
moderna	I-ORG	O	O	O	
,	O	O	O	O	
tuttavia	O	O	O	O	
costituiscono	O	O	O	O	
la	O	O	O	O	
più	O	O	O	O	
visibile	O	O	O	O	
manifestazione	O	O	O	O	
della	O	O	O	O	
giustizia	O	O	O	O	
umana	O	O	O	O	
.	O	O	O	O	

Essi	O	O	O	O	
però	O	O	O	O	
erano	O	O	O	O	
assenti	O	O	O	O	
.	O	O	O	O	

--	O	O	O	O	
Ma	O	O	O	O	
non	O	O	O	O	
si	O	O	O	O	
faccia	O	O	O	O	
compatire	O	O	O	O	
;	O	O	O	O	
ma	O	O	O	O	
non	O	O	O	O	
faccia	O	O	O	O	
ridere	O	O	O	O	
il	B-PER	O	O	O	
pubblico	I-PER	O	O	O	
--	O	O	O	O	
gli	O	O	O	O	
gridava	O	O	O	O	
dal	O	O	O	O	
treno	B-VEH	O	O	O	
,	O	O	O	O	
come	O	O	O	O	
dall	O	O	O	O	
'	O	O	O	O	
alto	O	O	O	O	
di	O	O	O	O	
una	B-FAC	O	O	O	
tribuna	I-FAC	O	O	O	
,	O	O	O	O	
un	B-PER	O	O	O	
giovane	I-PER	O	O	O	
signore	I-PER	O	O	O	
,	I-PER	O	O	O	
tutto	I-PER	O	O	O	
vestito	I-PER	O	O	O	
di	I-PER	O	O	O	
bianco	I-PER	O	O	O	
che	I-PER	O	O	O	
pareva	I-PER	O	O	O	
un	I-PER	O	O	O	
sorbetto	I-PER	O	O	O	
vanigliato	I-PER	O	O	O	
.	O	O	O	O	

--	O	O	O	O	
Lei	O	O	O	O	
ha	O	O	O	O	
violato	O	O	O	O	
la	O	O	O	O	
mia	O	O	O	O	
personalità	O	O	O	O	
!	O	O	O	O	

Quel	B-PER	O	O	O	
signore	I-PER	O	O	O	
ha	O	O	O	O	
violato	O	O	O	O	
la	O	O	O	O	
mia	O	O	O	O	
personalità	O	O	O	O	
!	O	O	O	O	

--	O	O	O	O	
denunciava	O	O	O	O	
il	B-PER	O	O	O	
piccolo	I-PER	O	O	O	
signore	I-PER	O	O	O	
nero	I-PER	O	O	O	
con	I-PER	O	O	O	
gli	I-PER	O	O	O	
occhi	I-PER	O	O	O	
fuori	I-PER	O	O	O	
dalla	I-PER	O	O	O	
testa	I-PER	O	O	O	
,	O	O	O	O	
con	O	O	O	O	
una	O	O	O	O	
voce	O	O	O	O	
così	O	O	O	O	
irosa	O	O	O	O	
,	O	O	O	O	
che	O	O	O	O	
guai	O	O	O	O	
per	O	O	O	O	
l	B-PER	O	O	O	
'	I-PER	O	O	O	
elegante	I-PER	O	O	O	
giovinotto	I-PER	O	O	O	
se	O	O	O	O	
il	B-PER	O	O	O	
vecchiotto	I-PER	O	O	O	
avesse	O	O	O	O	
avuto	O	O	O	O	
il	O	O	O	O	
resto	O	O	O	O	
del	O	O	O	O	
suo	O	O	O	O	
fisico	O	O	O	O	
così	O	O	O	O	
bellicoso	O	O	O	O	
come	O	O	O	O	
la	O	O	O	O	
voce	O	O	O	O	
.	O	O	O	O	

Un	B-PER	O	O	O	
professionista	I-PER	O	O	O	
del	I-PER	O	O	O	
furto	I-PER	O	O	O	
nei	O	O	O	O	
treni	B-VEH	O	O	O	
?	O	O	O	O	

Mai	O	O	O	O	
più	O	O	O	O	
!	O	O	O	O	

L	B-PER	O	O	O	
'	I-PER	O	O	O	
elegantissimo	I-PER	O	O	O	
giovane	I-PER	O	O	O	
scese	O	O	O	O	
anche	O	O	O	O	
lui	O	O	O	O	
per	O	O	O	O	
dare	O	O	O	O	
spiegazione	O	O	O	O	
al	O	O	O	O	
pubblico	B-PER	O	O	O	
che	O	O	O	O	
si	O	O	O	O	
affollava	O	O	O	O	
.	O	O	O	O	

Semplicemente	O	O	O	O	
uno	B-PER	O	O	O	
che	O	O	O	O	
voleva	O	O	O	O	
chiuso	O	O	O	O	
il	O	O	O	O	
finestrino	O	O	O	O	
.	O	O	O	O	

Invece	O	O	O	O	
il	B-PER	O	O	O	
vecchio	I-PER	O	O	O	
signore	I-PER	O	O	O	
lo	O	O	O	O	
voleva	O	O	O	O	
aperto	O	O	O	O	
.	O	O	O	O	

--	O	O	O	O	
Soffro	O	O	O	O	
d	O	O	O	O	
'	O	O	O	O	
asma	O	O	O	O	
!	O	O	O	O	

--	O	O	O	O	
diceva	O	O	O	O	
,	O	O	O	O	
e	O	O	O	O	
questo	O	O	O	O	
era	O	O	O	O	
evidente	O	O	O	O	
,	O	O	O	O	
chè	O	O	O	O	
pareva	O	O	O	O	
minacciato	O	O	O	O	
da	O	O	O	O	
una	O	O	O	O	
congestione	O	O	O	O	
.	O	O	O	O	

--	O	O	O	O	
E	O	O	O	O	
se	O	O	O	O	
soffre	O	O	O	O	
d	O	O	O	O	
'	O	O	O	O	
asma	O	O	O	O	
?	O	O	O	O	

Io	O	O	O	O	
non	O	O	O	O	
posso	O	O	O	O	
mica	O	O	O	O	
sacrificare	O	O	O	O	
il	O	O	O	O	
mio	O	O	O	O	
vestito	O	O	O	O	
e	O	O	O	O	
il	O	O	O	O	
mio	O	O	O	O	
panama	O	O	O	O	
(	O	O	O	O	
il	O	O	O	O	
panama	O	O	O	O	
che	O	O	O	O	
il	O	O	O	O	
giovane	O	O	O	O	
aveva	O	O	O	O	
in	O	O	O	O	
testa	O	O	O	O	
era	O	O	O	O	
veramente	O	O	O	O	
bellissimo	O	O	O	O	
ed	O	O	O	O	
immacolato	O	O	O	O	
)	O	O	O	O	
alla	O	O	O	O	
sua	O	O	O	O	
asma	O	O	O	O	
!	O	O	O	O	

Così	O	O	O	O	
si	O	O	O	O	
riaccese	O	O	O	O	
la	O	O	O	O	
disputa	O	O	O	O	
lì	O	O	O	O	
sul	O	O	O	O	
marciapiede	O	O	O	O	
,	O	O	O	O	
con	O	O	O	O	
l	O	O	O	O	
'	O	O	O	O	
intervento	O	O	O	O	
giuridico	O	O	O	O	
dei	O	O	O	O	
signori	B-PER	O	O	O	
ferrovieri	I-PER	O	O	O	
e	O	O	O	O	
dei	O	O	O	O	
signori	B-PER	O	O	O	
viaggiatori	I-PER	O	O	O	
.	O	O	O	O	

La	O	O	O	O	
questione	O	O	O	O	
giuridica	O	O	O	O	
sui	O	O	O	O	
finestrini	O	O	O	O	
aperti	O	O	O	O	
o	O	O	O	O	
chiusi	O	O	O	O	
fu	O	O	O	O	
dibattuta	O	O	O	O	
con	O	O	O	O	
quell	O	O	O	O	
'	O	O	O	O	
entusiasmo	O	O	O	O	
del	O	O	O	O	
tutto	O	O	O	O	
italico	O	O	O	O	
per	O	O	O	O	
le	O	O	O	O	
questioni	O	O	O	O	
bizantine	O	O	O	O	
.	O	O	O	O	

Esiste	O	O	O	O	
un	O	O	O	O	
articolo	O	O	O	O	
del	O	O	O	O	
regolamento	O	O	O	O	
...	O	O	O	O	
!	O	O	O	O	

Non	O	O	O	O	
esiste	O	O	O	O	
niente	O	O	O	O	
,	O	O	O	O	
invece	O	O	O	O	
!	O	O	O	O	

Chi	O	O	O	O	
è	O	O	O	O	
immediatamente	O	O	O	O	
vicino	O	O	O	O	
al	O	O	O	O	
finestrino	O	O	O	O	
,	O	O	O	O	
è	O	O	O	O	
padrone	B-PER	O	O	O	
del	I-PER	O	O	O	
medesimo	I-PER	O	O	O	
.	O	O	O	O	

Sì	O	O	O	O	
,	O	O	O	O	
ma	O	O	O	O	
i	O	O	O	O	
finestrini	O	O	O	O	
laterali	O	O	O	O	
sono	O	O	O	O	
piombati	O	O	O	O	
.	O	O	O	O	

Esiste	O	O	O	O	
solo	O	O	O	O	
il	O	O	O	O	
finestrino	O	O	O	O	
di	O	O	O	O	
mezzo	O	O	O	O	
.	O	O	O	O	

Quello	O	O	O	O	
di	O	O	O	O	
mezzo	O	O	O	O	
è	O	O	O	O	
collettivo	O	O	O	O	
!	O	O	O	O	

Ma	O	O	O	O	
nel	O	O	O	O	
caso	O	O	O	O	
specifico	O	O	O	O	
erano	O	O	O	O	
due	B-PER	O	O	O	
soli	I-PER	O	O	O	
nello	O	O	O	O	
scompartimento	B-FAC	O	O	O	
e	O	O	O	O	
perciò	O	O	O	O	
non	O	O	O	O	
si	O	O	O	O	
poteva	O	O	O	O	
invocare	O	O	O	O	
l	O	O	O	O	
'	O	O	O	O	
appello	O	O	O	O	
alla	O	O	O	O	
collettività	O	O	O	O	
.	O	O	O	O	

Esisteva	O	O	O	O	
però	O	O	O	O	
sotto	O	O	O	O	
la	B-ORG	O	O	O	
vecchia	I-ORG	O	O	O	
Mediterranea	I-ORG	O	O	O	
un	O	O	O	O	
articolo	O	O	O	O	
che	O	O	O	O	
dava	O	O	O	O	
diritto	O	O	O	O	
di	O	O	O	O	
chiudere	O	O	O	O	
dalla	O	O	O	O	
parte	O	O	O	O	
del	O	O	O	O	
vento	O	O	O	O	
!	O	O	O	O	

Ma	O	O	O	O	
oggi	O	O	O	O	
la	B-ORG	O	O	O	
Mediterranea	I-ORG	O	O	O	
è	O	O	O	O	
scomparsa	O	O	O	O	
:	O	O	O	O	
non	O	O	O	O	
esiste	O	O	O	O	
che	O	O	O	O	
lo	B-ORG	O	O	O	
Stato	I-ORG	O	O	O	
.	O	O	O	O	

Le	O	B-ORG	O	O	
ferrovie	O	I-ORG	O	O	
di	O	I-ORG	O	O	
Stato	B-ORG	I-ORG	O	O	
hanno	O	O	O	O	
creato	O	O	O	O	
un	O	O	O	O	
subbisso	O	O	O	O	
di	O	O	O	O	
regolamenti	O	O	O	O	
:	O	O	O	O	
ma	O	O	O	O	
nessuna	O	O	O	O	
regola	O	O	O	O	
specifica	O	O	O	O	
oggi	O	O	O	O	
esiste	O	O	O	O	
in	O	O	O	O	
relazione	O	O	O	O	
ai	O	O	O	O	
finestrini	O	O	O	O	
aperti	O	O	O	O	
o	O	O	O	O	
chiusi	O	O	O	O	
.	O	O	O	O	

L	B-PER	O	O	O	
'	I-PER	O	O	O	
elegantissimo	I-PER	O	O	O	
giovane	I-PER	O	O	O	
con	O	O	O	O	
calma	O	O	O	O	
imperturbabile	O	O	O	O	
dimostrava	O	O	O	O	
la	O	O	O	O	
assoluta	O	O	O	O	
inferiorità	O	O	O	O	
delle	O	O	O	O	
ferrovie	O	B-ORG	O	O	
di	O	I-ORG	O	O	
Stato	B-ORG	I-ORG	O	O	
italiane	O	I-ORG	O	O	
,	O	O	O	O	
rispetto	O	O	O	O	
alle	O	O	O	O	
ferrovie	B-ORG	O	O	O	
estere	I-ORG	O	O	O	
.	O	O	O	O	

Chi	O	O	O	O	
ha	O	O	O	O	
viaggiato	O	O	O	O	
all	O	O	O	O	
'	O	O	O	O	
estero	B-LOC	O	O	O	
,	O	O	O	O	
sa	O	O	O	O	
che	O	O	O	O	
nei	O	O	O	O	
vagoni	B-FAC	O	O	O	
-	I-FAC	O	O	O	
salons	I-FAC	O	O	O	
è	O	O	O	O	
diffusa	O	O	O	O	
l	O	O	O	O	
'	O	O	O	O	
abitudine	O	O	O	O	
di	O	O	O	O	
tenere	O	O	O	O	
chiusi	O	O	O	O	
i	O	O	O	O	
finestrini	O	O	O	O	
in	O	O	O	O	
qualunque	O	O	O	O	
stagione	O	O	O	O	
;	O	O	O	O	
e	O	O	O	O	
se	O	O	O	O	
quel	B-PER	O	O	O	
signore	I-PER	O	O	O	
non	O	O	O	O	
sa	O	O	O	O	
fare	O	O	O	O	
a	O	O	O	O	
viaggiare	O	O	O	O	
...	O	O	O	O	
Io	O	O	O	O	
non	O	O	O	O	
so	O	O	O	O	
fare	O	O	O	O	
a	O	O	O	O	
viaggiare	O	O	O	O	
?	O	O	O	O	

È	O	O	O	O	
il	O	O	O	O	
mio	O	O	O	O	
mestiere	O	O	O	O	
viaggiare	O	O	O	O	
...	O	O	O	O	
--	O	O	O	O	
fremeva	O	O	O	O	
il	B-PER	O	O	O	
vecchio	I-PER	O	O	O	
signore	I-PER	O	O	O	
.	O	O	O	O	

--	O	O	O	O	
Del	O	O	O	O	
resto	O	O	O	O	
,	O	O	O	O	
qui	O	O	O	O	
è	O	O	O	O	
unicamente	O	O	O	O	
questione	O	O	O	O	
di	O	O	O	O	
essere	O	O	O	O	
gentiluomini	B-PER	O	O	O	
o	I-PER	O	O	O	
mascalzoni	I-PER	O	O	O	
.	O	O	O	O	

--	O	O	O	O	
Be	O	O	O	O	
'	O	O	O	O	
--	O	O	O	O	
disse	O	O	O	O	
il	B-PER	O	O	O	
capo	I-PER	O	O	O	
-	I-PER	O	O	O	
stazione	I-PER	O	O	O	
intervenendo	O	O	O	O	
--	O	O	O	O	
a	O	O	O	O	
che	O	O	O	O	
punto	O	O	O	O	
siamo	O	O	O	O	
?	O	O	O	O	

Sciocchezze	O	O	O	O	
,	O	O	O	O	
sciocchezze	O	O	O	O	
!	O	O	O	O	

Capo	B-PER	O	O	O	
-	I-PER	O	O	O	
treno	I-PER	O	O	O	
,	O	O	O	O	
dia	O	O	O	O	
la	O	O	O	O	
partenza	O	O	O	O	
.	O	O	O	O	

--	O	O	O	O	
Io	O	O	O	O	
rimango	O	O	O	O	
--	O	O	O	O	
disse	O	O	O	O	
il	B-PER	O	O	O	
vecchio	I-PER	O	O	O	
,	O	O	O	O	
immobile	O	O	O	O	
,	O	O	O	O	
lì	O	O	O	O	
,	O	O	O	O	
coi	O	O	O	O	
suoi	O	O	O	O	
occhietti	O	O	O	O	
irosi	O	O	O	O	
fissi	O	O	O	O	
sull	O	O	O	O	
'	O	O	O	O	
avversario	B-PER	O	O	O	
.	O	O	O	O	

--	O	O	O	O	
Io	O	O	O	O	
parto	O	O	O	O	
--	O	O	O	O	
disse	O	O	O	O	
il	B-PER	O	O	O	
giovane	I-PER	O	O	O	
,	O	O	O	O	
arrampicandosi	O	O	O	O	
,	O	O	O	O	
ma	O	O	O	O	
con	O	O	O	O	
la	O	O	O	O	
testa	O	O	O	O	
rivolta	O	O	O	O	
all	O	O	O	O	
'	O	O	O	O	
avversario	B-PER	O	O	O	
.	O	O	O	O	

--	O	O	O	O	
Del	O	O	O	O	
resto	O	O	O	O	
,	O	O	O	O	
sa	O	O	O	O	
,	O	O	O	O	
se	O	O	O	O	
vuole	O	O	O	O	
riparazione	O	O	O	O	
...	O	O	O	O	
Squillò	O	O	O	O	
la	O	O	O	O	
cornetta	O	O	O	O	
;	O	O	O	O	
e	O	O	O	O	
il	B-VEH	O	O	O	
treno	I-VEH	O	O	O	
si	O	O	O	O	
mosse	O	O	O	O	
;	O	O	O	O	
e	O	O	O	O	
il	B-PER	O	O	O	
vecchio	I-PER	O	O	O	
signore	I-PER	O	O	O	
già	O	O	O	O	
emetteva	O	O	O	O	
,	O	O	O	O	
con	O	O	O	O	
tutto	O	O	O	O	
il	O	O	O	O	
suo	O	O	O	O	
fiato	O	O	O	O	
disponibile	O	O	O	O	
:	O	O	O	O	
Prepotente	O	O	O	O	
!	O	O	O	O	

,	O	O	O	O	
quando	O	O	O	O	
l	B-PER	O	O	O	
'	I-PER	O	O	O	
elegante	I-PER	O	O	O	
giovane	I-PER	O	O	O	
signore	I-PER	O	O	O	
fu	O	O	O	O	
colto	O	O	O	O	
da	O	O	O	O	
un	O	O	O	O	
fremito	O	O	O	O	
di	O	O	O	O	
spavento	O	O	O	O	
.	O	O	O	O	

Che	O	O	O	O	
era	O	O	O	O	
accaduto	O	O	O	O	
?	O	O	O	O	

Il	O	O	O	O	
suo	O	O	O	O	
abito	O	O	O	O	
candido	O	O	O	O	
,	O	O	O	O	
il	O	O	O	O	
suo	O	O	O	O	
cappello	O	O	O	O	
splendido	O	O	O	O	
non	O	O	O	O	
erano	O	O	O	O	
più	O	O	O	O	
bianchi	O	O	O	O	
che	O	O	O	O	
davanti	O	O	O	O	
.	O	O	O	O	

L	B-PER	O	O	O	
'	I-PER	O	O	O	
uomo	I-PER	O	O	O	
era	O	O	O	O	
diventato	O	O	O	O	
bicromatico	O	O	O	O	
.	O	O	O	O	

Durante	O	O	O	O	
la	O	O	O	O	
sosta	O	O	O	O	
e	O	O	O	O	
la	O	O	O	O	
disputa	O	O	O	O	
,	O	O	O	O	
la	B-VEH	O	O	O	
macchina	I-VEH	O	O	O	
,	O	O	O	O	
seccata	O	O	O	O	
,	O	O	O	O	
aveva	O	O	O	O	
fumato	O	O	O	O	
vigorosamente	O	O	O	O	
,	O	O	O	O	
e	O	O	O	O	
tutto	O	O	O	O	
il	O	O	O	O	
fumo	O	O	O	O	
aveva	O	O	O	O	
investito	O	O	O	O	
in	O	O	O	O	
modo	O	O	O	O	
irreparabile	O	O	O	O	
l	O	O	O	O	
'	O	O	O	O	
abito	O	O	O	O	
bianco	O	O	O	O	
.	O	O	O	O	

Non	O	O	O	O	
era	O	O	O	O	
il	B-PER	O	O	O	
giovane	I-PER	O	O	O	
signore	I-PER	O	O	O	
più	O	O	O	O	
presentabile	O	O	O	O	
alla	O	O	O	O	
prossima	B-FAC	O	O	O	
stazione	I-FAC	O	O	O	
balnearia	I-FAC	O	O	O	
,	O	O	O	O	
dove	O	O	O	O	
era	O	O	O	O	
diretto	O	O	O	O	
e	O	O	O	O	
dove	O	O	O	O	
probabilmente	O	O	O	O	
gli	O	O	O	O	
stava	O	O	O	O	
a	O	O	O	O	
cuore	O	O	O	O	
di	O	O	O	O	
giungere	O	O	O	O	
perfettamente	O	O	O	O	
candido	O	O	O	O	
.	O	O	O	O	

Già	O	O	O	O	
il	B-VEH	O	O	O	
treno	I-VEH	O	O	O	
era	O	O	O	O	
in	O	O	O	O	
moto	O	O	O	O	
,	O	O	O	O	
ed	O	O	O	O	
egli	O	O	O	O	
,	O	O	O	O	
aperto	O	O	O	O	
lo	O	O	O	O	
sportello	O	O	O	O	
,	O	O	O	O	
era	O	O	O	O	
balzato	O	O	O	O	
a	O	O	O	O	
terra	O	O	O	O	
con	O	O	O	O	
la	O	O	O	O	
sua	O	O	O	O	
valigetta	O	O	O	O	
.	O	O	O	O	

Il	B-PER	O	O	O	
vecchio	I-PER	O	O	O	
signore	I-PER	O	O	O	
,	O	O	O	O	
all	O	O	O	O	
'	O	O	O	O	
improvvisa	O	O	O	O	
discesa	O	O	O	O	
del	O	O	O	O	
suo	B-PER	O	O	O	
avversario	I-PER	O	O	O	
,	O	O	O	O	
galoppò	O	O	O	O	
,	O	O	O	O	
come	O	O	O	O	
potè	O	O	O	O	
veloce	O	O	O	O	
,	O	O	O	O	
nella	O	O	O	O	
sala	B-FAC	O	O	O	
d	I-FAC	O	O	O	
'	I-FAC	O	O	O	
aspetto	I-FAC	O	O	O	
.	O	O	O	O	

Senonchè	O	O	O	O	
il	B-PER	O	O	O	
giovane	I-PER	O	O	O	
non	O	O	O	O	
lo	O	O	O	O	
inseguì	O	O	O	O	
.	O	O	O	O	

Affrontò	O	O	O	O	
alteramente	O	O	O	O	
il	O	O	O	O	
capo	B-PER	O	O	O	
-	I-PER	O	O	O	
stazione	I-PER	O	O	O	
Foresti	I-PER	O	O	O	
,	O	O	O	O	
dicendo	O	O	O	O	
:	O	O	O	O	
--	O	O	O	O	
Favorisca	O	O	O	O	
presentarmi	O	O	O	O	
il	O	O	O	O	
libro	O	O	O	O	
dei	O	O	O	O	
Reclami	O	O	O	O	
.	O	O	O	O	

--	O	O	O	O	
Cosa	O	O	O	O	
vuol	O	O	O	O	
reclamare	O	O	O	O	
?	O	O	O	O	

--	O	O	O	O	
domandò	O	O	O	O	
il	O	O	O	O	
Capo	B-PER	O	O	O	
,	O	O	O	O	
con	O	O	O	O	
un	O	O	O	O	
certo	O	O	O	O	
fare	O	O	O	O	
un	O	O	O	O	
po	O	O	O	O	
'	O	O	O	O	
bonario	O	O	O	O	
,	O	O	O	O	
un	O	O	O	O	
po	O	O	O	O	
'	O	O	O	O	
canzonatorio	O	O	O	O	
all	O	O	O	O	
'	O	O	O	O	
aspetto	O	O	O	O	
bicromatico	O	O	O	O	
del	O	O	O	O	
signore	B-PER	O	O	O	
.	O	O	O	O	

--	O	O	O	O	
Io	O	O	O	O	
piuttosto	O	O	O	O	
potrei	O	O	O	O	
reclamare	O	O	O	O	
contro	O	O	O	O	
di	O	O	O	O	
lei	O	O	O	O	
che	O	O	O	O	
è	O	O	O	O	
sceso	O	O	O	O	
dal	O	O	O	O	
treno	B-VEH	O	O	O	
in	O	O	O	O	
moto	O	O	O	O	
.	O	O	O	O	

--	O	O	O	O	
La	B-VEH	O	O	O	
sua	I-VEH	O	O	O	
macchina	I-VEH	O	O	O	
mi	O	O	O	O	
ha	O	O	O	O	
rovinato	O	O	O	O	
!	O	O	O	O	

--	O	O	O	O	
esclamò	O	O	O	O	
il	B-PER	O	O	O	
giovane	I-PER	O	O	O	
con	O	O	O	O	
voce	O	O	O	O	
esasperata	O	O	O	O	
.	O	O	O	O	

Il	B-PER	O	O	O	
capo	I-PER	O	O	O	
-	I-PER	O	O	O	
stazione	I-PER	O	O	O	
lo	O	O	O	O	
guardò	O	O	O	O	
:	O	O	O	O	
le	O	O	O	O	
sue	O	O	O	O	
labbra	O	O	O	O	
sorrisero	O	O	O	O	
,	O	O	O	O	
tutta	O	O	O	O	
la	O	O	O	O	
barba	O	O	O	O	
sorrise	O	O	O	O	
.	O	O	O	O	

--	O	O	O	O	
Infatti	O	O	O	O	
--	O	O	O	O	
disse	O	O	O	O	
--	O	O	O	O	
è	O	O	O	O	
un	O	O	O	O	
pochino	O	O	O	O	
sudicio	O	O	O	O	
.	O	O	O	O	

--	O	O	O	O	
E	O	O	O	O	
lo	O	O	O	O	
dice	O	O	O	O	
in	O	O	O	O	
questo	O	O	O	O	
tono	O	O	O	O	
?	O	O	O	O	

--	O	O	O	O	
Pretende	O	O	O	O	
forse	O	O	O	O	
che	O	O	O	O	
mi	O	O	O	O	
metta	O	O	O	O	
a	O	O	O	O	
piangere	O	O	O	O	
?	O	O	O	O	

--	O	O	O	O	
Pretendo	O	O	O	O	
che	O	O	O	O	
lei	O	O	O	O	
faccia	O	O	O	O	
il	O	O	O	O	
suo	O	O	O	O	
dovere	O	O	O	O	
.	O	O	O	O	

Intendo	O	O	O	O	
elevare	O	O	O	O	
formale	O	O	O	O	
reclamo	O	O	O	O	
contro	O	O	O	O	
la	B-VEH	O	O	O	
sua	I-VEH	O	O	O	
macchina	I-VEH	O	O	O	
,	O	O	O	O	
intendo	O	O	O	O	
domandare	O	O	O	O	
risarcimento	O	O	O	O	
del	O	O	O	O	
danno	O	O	O	O	
subìto	O	O	O	O	
...	O	O	O	O	
Esiste	O	O	O	O	
un	O	O	O	O	
articolo	O	O	O	O	
del	O	O	O	O	
regolamento	O	O	O	O	
ferroviario	O	O	O	O	
che	O	O	O	O	
vieta	O	O	O	O	
alle	O	O	O	O	
macchine	B-VEH	O	O	O	
di	O	O	O	O	
fare	O	O	O	O	
fumo	O	O	O	O	
...	O	O	O	O	
--	O	O	O	O	
Infatti	O	O	O	O	
--	O	O	O	O	
disse	O	O	O	O	
il	B-PER	O	O	O	
signor	I-PER	O	O	O	
Capo	I-PER	O	O	O	
--	O	O	O	O	
articolo	O	O	O	O	
decimo	O	O	O	O	
,	O	O	O	O	
paragrafo	O	O	O	O	
sesto	O	O	O	O	
delle	O	O	O	O	
Istruzioni	O	O	O	O	
pel	O	O	O	O	
servizio	O	O	O	O	
dei	O	O	O	O	
macchinisti	B-PER	O	O	O	
e	I-PER	O	O	O	
fuochisti	I-PER	O	O	O	
:	O	O	O	O	
i	B-PER	O	O	O	
macchinisti	I-PER	O	O	O	
devono	O	O	O	O	
astenersi	O	O	O	O	
da	O	O	O	O	
qualsiasi	O	O	O	O	
operazione	O	O	O	O	
che	O	O	O	O	
possa	O	O	O	O	
produrre	O	O	O	O	
fumo	O	O	O	O	
,	O	O	O	O	
o	O	O	O	O	
,	O	O	O	O	
comunque	O	O	O	O	
,	O	O	O	O	
riuscire	O	O	O	O	
molesta	O	O	O	O	
od	O	O	O	O	
incomoda	O	O	O	O	
ai	O	O	O	O	
viaggiatori	B-PER	O	O	O	
,	O	O	O	O	
come	O	O	O	O	
...	O	O	O	O	
--	O	O	O	O	
Perfettamente	O	O	O	O	
,	O	O	O	O	
e	O	O	O	O	
allora	O	O	O	O	
perchè	O	O	O	O	
lei	O	O	O	O	
rifiuta	O	O	O	O	
di	O	O	O	O	
accogliere	O	O	O	O	
il	O	O	O	O	
mio	O	O	O	O	
reclamo	O	O	O	O	
?	O	O	O	O	

--	O	O	O	O	
Perchè	O	O	O	O	
è	O	O	O	O	
stupido	O	O	O	O	
--	O	O	O	O	
disse	O	O	O	O	
il	B-PER	O	O	O	
capo	I-PER	O	O	O	
-	I-PER	O	O	O	
stazione	I-PER	O	O	O	
accendendo	O	O	O	O	
in	O	O	O	O	
tutta	O	O	O	O	
pace	O	O	O	O	
una	O	O	O	O	
sigaretta	O	O	O	O	
.	O	O	O	O	

--	O	O	O	O	
Ma	O	O	O	O	
chi	O	O	O	O	
,	O	O	O	O	
stupido	O	O	O	O	
?	O	O	O	O	

--	O	O	O	O	
Il	O	O	O	O	
reclamo	O	O	O	O	
,	O	O	O	O	
il	O	O	O	O	
regolamento	O	O	O	O	
,	O	O	O	O	
la	O	O	O	O	
causa	O	O	O	O	
per	O	O	O	O	
il	O	O	O	O	
risarcimento	O	O	O	O	
dei	O	O	O	O	
danni	O	O	O	O	
...	O	O	O	O	
Il	B-LOC	O	O	O	
mondo	I-LOC	O	O	O	
è	O	O	O	O	
pieno	O	O	O	O	
di	O	O	O	O	
cose	O	O	O	O	
stupide	O	O	O	O	
...	O	O	O	O	
--	O	O	O	O	
Ma	O	O	O	O	
io	O	O	O	O	
le	O	O	O	O	
posso	O	O	O	O	
citare	O	O	O	O	
--	O	O	O	O	
disse	O	O	O	O	
il	B-PER	O	O	O	
giovane	I-PER	O	O	O	
signore	I-PER	O	O	O	
eccitandosi	O	O	O	O	
visibilmente	O	O	O	O	
--	O	O	O	O	
il	O	O	O	O	
caso	O	O	O	O	
del	O	O	O	O	
barone	O	B-PER	O	O	
Y	O	I-PER	O	O	
...	O	I-PER	O	O	
,	O	I-PER	O	O	
segretario	O	I-PER	O	O	
dell	O	I-PER	O	O	
'	O	I-PER	O	O	
ambasciata	B-PER	I-PER	O	O	
germanica	I-PER	I-PER	O	O	
,	O	O	O	O	
mio	B-PER	O	O	O	
buon	I-PER	O	O	O	
amico	I-PER	O	O	O	
,	O	O	O	O	
che	O	O	O	O	
fece	O	O	O	O	
causa	O	O	O	O	
ed	O	O	O	O	
ottenne	O	O	O	O	
un	O	O	O	O	
risarcimento	O	O	O	O	
dignitoso	O	O	O	O	
dallo	O	O	O	O	
Stato	B-ORG	O	O	O	
perchè	O	O	O	O	
una	B-VEH	O	O	O	
macchina	I-VEH	O	O	O	
aveva	O	O	O	O	
,	O	O	O	O	
come	O	O	O	O	
nel	O	O	O	O	
caso	O	O	O	O	
mio	O	O	O	O	
,	O	O	O	O	
rovinato	O	O	O	O	
una	O	O	O	O	
toilette	O	O	O	O	
della	O	O	O	O	
sua	B-PER	O	O	O	
signora	I-PER	O	O	O	
...	O	O	O	O	
--	O	O	O	O	
Ma	O	O	O	O	
cosa	O	O	O	O	
vuole	O	O	O	O	
che	O	O	O	O	
me	O	O	O	O	
ne	O	O	O	O	
importi	O	O	O	O	
del	O	O	O	O	
suo	B-PER	O	O	O	
barone	I-PER	O	O	O	
,	O	O	O	O	
della	O	O	O	O	
toilette	O	O	O	O	
di	O	O	O	O	
quella	B-PER	O	O	O	
signora	I-PER	O	O	O	
?	O	O	O	O	

Bella	O	O	O	O	
novità	O	O	O	O	
che	O	O	O	O	
lo	B-ORG	O	O	O	
Stato	I-ORG	O	O	O	
paga	O	O	O	O	
!	O	O	O	O	

Non	O	O	O	O	
paga	O	O	O	O	
mica	O	O	O	O	
,	O	O	O	O	
però	O	O	O	O	
,	O	O	O	O	
chi	O	O	O	O	
dovrebbe	O	O	O	O	
essere	O	O	O	O	
pagato	O	O	O	O	
!	O	O	O	O	

Oh	O	O	O	O	
,	O	O	O	O	
vada	O	O	O	O	
a	O	O	O	O	
farsi	O	O	O	O	
benedire	O	O	O	O	
e	O	O	O	O	
favorisca	O	O	O	O	
di	O	O	O	O	
lasciarmi	O	O	O	O	
libero	O	O	O	O	
...	O	O	O	O	
Il	B-PER	O	O	O	
giovane	I-PER	O	O	O	
signore	I-PER	O	O	O	
,	O	O	O	O	
invece	O	O	O	O	
,	O	O	O	O	
gli	O	O	O	O	
sbarrò	O	O	O	O	
il	O	O	O	O	
passo	O	O	O	O	
e	O	O	O	O	
con	O	O	O	O	
voce	O	O	O	O	
insolente	O	O	O	O	
esclamò	O	O	O	O	
:	O	O	O	O	
--	O	O	O	O	
E	O	O	O	O	
chi	O	O	O	O	
crede	O	O	O	O	
di	O	O	O	O	
essere	O	O	O	O	
lei	O	O	O	O	
?	O	O	O	O	

Un	O	B-PER	O	O	
tirapiedi	O	I-PER	O	O	
del	O	I-PER	O	O	
Governo	B-ORG	I-PER	O	O	
,	O	O	O	O	
forse	O	O	O	O	
?	O	O	O	O	

La	O	O	O	O	
parola	O	O	O	O	
tirapiedi	O	O	O	O	
ebbe	O	O	O	O	
la	O	O	O	O	
virtù	O	O	O	O	
di	O	O	O	O	
trasformare	O	O	O	O	
il	O	O	O	O	
signor	B-PER	O	O	O	
Foresti	I-PER	O	O	O	
.	O	O	O	O	

--	O	O	O	O	
Le	O	O	O	O	
pare	O	O	O	O	
che	O	O	O	O	
io	O	O	O	O	
abbia	O	O	O	O	
una	O	O	O	O	
faccia	O	O	O	O	
di	O	O	O	O	
tirapiedi	B-PER	O	O	O	
?	O	O	O	O	

Si	O	O	O	O	
era	O	O	O	O	
drizzato	O	O	O	O	
sulla	O	O	O	O	
persona	B-PER	O	O	O	
,	O	O	O	O	
aveva	O	O	O	O	
buttato	O	O	O	O	
via	O	O	O	O	
la	O	O	O	O	
sigaretta	O	O	O	O	
.	O	O	O	O	

--	O	O	O	O	
Tirapiedi	O	B-PER	O	O	
del	O	I-PER	O	O	
Governo	B-ORG	I-PER	O	O	
,	O	O	O	O	
--	O	O	O	O	
confermò	O	O	O	O	
il	B-PER	O	O	O	
giovane	I-PER	O	O	O	
signore	I-PER	O	O	O	
andandogli	O	O	O	O	
col	O	O	O	O	
viso	O	O	O	O	
contro	O	O	O	O	
il	O	O	O	O	
viso	O	O	O	O	
--	O	O	O	O	
la	O	O	O	O	
metterò	O	O	O	O	
io	O	O	O	O	
a	O	O	O	O	
posto	O	O	O	O	
!	O	O	O	O	

--	O	O	O	O	
Ma	O	O	O	O	
non	O	O	O	O	
lo	O	O	O	O	
dica	O	O	O	O	
neanche	O	O	O	O	
per	O	O	O	O	
ridere	O	O	O	O	
!	O	O	O	O	

...	O	O	O	O	
--	O	O	O	O	
e	O	O	O	O	
proferendo	O	O	O	O	
queste	O	O	O	O	
parole	O	O	O	O	
,	O	O	O	O	
distese	O	O	O	O	
quella	O	O	O	O	
sua	O	O	O	O	
larga	O	O	O	O	
mano	O	O	O	O	
,	O	O	O	O	
prese	O	O	O	O	
tutto	B-PER	O	O	O	
il	I-PER	O	O	O	
disgraziato	I-PER	O	O	O	
signore	I-PER	O	O	O	
per	O	O	O	O	
l	O	O	O	O	
'	O	O	O	O	
abito	O	O	O	O	
e	O	O	O	O	
con	O	O	O	O	
violenza	O	O	O	O	
inaudita	O	O	O	O	
lo	O	O	O	O	
tirò	O	O	O	O	
a	O	O	O	O	
sè	O	O	O	O	
;	O	O	O	O	
poi	O	O	O	O	
lo	O	O	O	O	
allontanò	O	O	O	O	
usando	O	O	O	O	
del	O	O	O	O	
braccio	O	O	O	O	
come	O	O	O	O	
fosse	O	O	O	O	
stato	O	O	O	O	
un	O	O	O	O	
'	O	O	O	O	
asta	O	O	O	O	
di	O	O	O	O	
stantuffo	O	O	O	O	
;	O	O	O	O	
quindi	O	O	O	O	
lo	O	O	O	O	
proiettò	O	O	O	O	
sconciamente	O	O	O	O	
lontano	O	O	O	O	
.	O	O	O	O	

Per	O	O	O	O	
sua	O	O	O	O	
mala	O	O	O	O	
sorte	O	O	O	O	
lì	O	O	O	O	
presso	O	O	O	O	
c	O	O	O	O	
'	O	O	O	O	
era	O	O	O	O	
un	O	O	O	O	
carretto	O	O	O	O	
delle	O	O	O	O	
merci	O	O	O	O	
,	O	O	O	O	
e	O	O	O	O	
il	B-PER	O	O	O	
giovane	I-PER	O	O	O	
vi	O	O	O	O	
urtò	O	O	O	O	
in	O	O	O	O	
malo	O	O	O	O	
modo	O	O	O	O	
,	O	O	O	O	
cadendo	O	O	O	O	
.	O	O	O	O	

Sanguinava	O	O	O	O	
.	O	O	O	O	

Il	B-PER	O	O	O	
facchino	I-PER	O	O	O	
accorse	O	O	O	O	
e	O	O	O	O	
lo	O	O	O	O	
rizzò	O	O	O	O	
a	O	O	O	O	
stento	O	O	O	O	
.	O	O	O	O	

Fu	O	O	O	O	
condotto	O	O	O	O	
al	O	O	O	O	
pozzo	B-FAC	O	O	O	
:	O	O	O	O	
rimase	O	O	O	O	
lì	O	O	O	O	
un	O	O	O	O	
po	O	O	O	O	
'	O	O	O	O	
,	O	O	O	O	
fra	O	O	O	O	
un	O	O	O	O	
secchio	O	O	O	O	
d	O	O	O	O	
'	O	O	O	O	
acqua	O	O	O	O	
e	O	O	O	O	
un	O	O	O	O	
asciugamano	O	O	O	O	
.	O	O	O	O	

--	O	O	O	O	
La	O	B-FAC	O	O	
caserma	O	I-FAC	O	O	
dei	O	I-FAC	O	O	
carabinieri	B-PER	I-FAC	O	O	
?	O	O	O	O	

dov	O	O	O	O	
'	O	O	O	O	
è	O	O	O	O	
la	O	B-FAC	O	O	
caserma	O	I-FAC	O	O	
dei	O	I-FAC	O	O	
carabinieri	B-PER	I-FAC	O	O	
?	O	O	O	O	

--	O	O	O	O	
domandava	O	O	O	O	
angosciosamente	O	O	O	O	
.	O	O	O	O	

Gli	O	O	O	O	
fu	O	O	O	O	
indicata	O	O	O	O	
.	O	O	O	O	

Due	O	O	O	O	
chilometri	O	O	O	O	
di	O	O	O	O	
distanza	O	O	O	O	
.	O	O	O	O	

Il	O	O	O	O	
signor	B-PER	O	O	O	
Capo	I-PER	O	O	O	
,	O	O	O	O	
intanto	O	O	O	O	
,	O	O	O	O	
aveva	O	O	O	O	
riaccesa	O	O	O	O	
la	O	O	O	O	
sigaretta	O	O	O	O	
:	O	O	O	O	
andava	O	O	O	O	
fra	O	O	O	O	
un	O	O	O	O	
disco	O	O	O	O	
e	O	O	O	O	
l	O	O	O	O	
'	O	O	O	O	
altro	O	O	O	O	
:	O	O	O	O	
la	B-FAC	O	O	O	
sua	I-FAC	O	O	O	
galera	I-FAC	O	O	O	
.	O	O	O	O	

--	O	O	O	O	
Ci	O	O	O	O	
rivedremo	O	O	O	O	
in	O	O	O	O	
tribunale	B-FAC	O	O	O	
!	O	O	O	O	

--	O	O	O	O	
gli	O	O	O	O	
disse	O	O	O	O	
il	B-PER	O	O	O	
gentiluomo	I-PER	O	O	O	
salendo	O	O	O	O	
in	O	O	O	O	
una	B-VEH	O	O	O	
carrozzella	I-VEH	O	O	O	
.	O	O	O	O	

Il	O	O	O	O	
Capo	B-PER	O	O	O	
non	O	O	O	O	
voltò	O	O	O	O	
nemmeno	O	O	O	O	
la	O	O	O	O	
testa	O	O	O	O	
.	O	O	O	O	

Ma	O	O	O	O	
vide	O	O	O	O	
me	O	O	O	O	
che	O	O	O	O	
attendevo	O	O	O	O	
,	O	O	O	O	
e	O	O	O	O	
allora	O	O	O	O	
,	O	O	O	O	
un	O	O	O	O	
po	O	O	O	O	
'	O	O	O	O	
ridendo	O	O	O	O	
,	O	O	O	O	
un	O	O	O	O	
po	O	O	O	O	
'	O	O	O	O	
fremendo	O	O	O	O	
:	O	O	O	O	
--	O	O	O	O	
Bel	O	O	O	O	
mestiere	O	O	O	O	
il	B-PER	O	O	O	
capo	I-PER	O	O	O	
-	I-PER	O	O	O	
stazione	I-PER	O	O	O	
!	O	O	O	O	

--	O	O	O	O	
disse	O	O	O	O	
.	O	O	O	O	

--	O	O	O	O	
Bravo	O	O	O	O	
Capo	B-PER	O	O	O	
!	O	O	O	O	

Bel	O	O	O	O	
colpo	O	O	O	O	
!	O	O	O	O	

Ma	O	O	O	O	
lei	O	O	O	O	
ha	O	O	O	O	
una	O	O	O	O	
forza	O	O	O	O	
...	O	O	O	O	
--	O	O	O	O	
Da	O	O	O	O	
facchino	B-PER	O	O	O	
,	O	O	O	O	
caro	O	O	O	O	
.	O	O	O	O	

Doveva	O	O	O	O	
vedermi	O	O	O	O	
dieci	O	O	O	O	
anni	O	O	O	O	
fa	O	O	O	O	
!	O	O	O	O	

Povero	B-PER	O	O	O	
giovane	I-PER	O	O	O	
,	O	O	O	O	
mi	O	O	O	O	
dispiace	O	O	O	O	
,	O	O	O	O	
ma	O	O	O	O	
che	O	O	O	O	
vuole	O	O	O	O	
?	O	O	O	O	

Ho	O	O	O	O	
perso	O	O	O	O	
il	O	O	O	O	
lume	O	O	O	O	
degli	O	O	O	O	
occhi	O	O	O	O	
.	O	O	O	O	

Mi	O	O	O	O	
poteva	O	O	O	O	
dire	O	O	O	O	
tutte	O	O	O	O	
le	O	O	O	O	
brutte	O	O	O	O	
parole	O	O	O	O	
che	O	O	O	O	
voleva	O	O	O	O	
:	O	O	O	O	
è	O	O	O	O	
un	O	O	O	O	
corollario	O	O	O	O	
del	O	O	O	O	
mestiere	O	O	O	O	
:	O	O	O	O	
non	O	O	O	O	
ci	O	O	O	O	
bado	O	O	O	O	
più	O	O	O	O	
.	O	O	O	O	

Andò	O	O	O	O	
proprio	O	O	O	O	
a	O	O	O	O	
trovare	O	O	O	O	
quella	O	O	O	O	
parola	O	O	O	O	
tirapiedi	O	O	O	O	
.	O	O	O	O	

Io	O	O	O	O	
tirapiedi	O	B-PER	O	O	
del	O	I-PER	O	O	
Governo	B-ORG	I-PER	O	O	
!	O	O	O	O	

Io	O	O	O	O	
che	O	O	O	O	
per	O	O	O	O	
dire	O	O	O	O	
a	O	O	O	O	
tutti	B-PER	O	O	O	
,	O	O	O	O	
superiori	B-PER	O	O	O	
e	I-PER	O	O	O	
inferiori	I-PER	O	O	O	
,	O	O	O	O	
quello	O	O	O	O	
che	O	O	O	O	
va	O	O	O	O	
detto	O	O	O	O	
,	O	O	O	O	
ho	O	O	O	O	
fatto	O	O	O	O	
questa	O	O	O	O	
bella	O	O	O	O	
carriera	O	O	O	O	
dopo	O	O	O	O	
venti	O	O	O	O	
anni	O	O	O	O	
di	O	O	O	O	
servizio	O	O	O	O	
!	O	O	O	O	

Adesso	O	O	O	O	
il	O	O	O	O	
meno	O	O	O	O	
che	O	O	O	O	
mi	O	O	O	O	
possa	O	O	O	O	
capitare	O	O	O	O	
è	O	O	O	O	
una	O	O	O	O	
sospensione	O	O	O	O	
.	O	O	O	O	

Ma	O	O	O	O	
non	O	O	O	O	
fu	O	O	O	O	
propriamente	O	O	O	O	
così	O	O	O	O	
.	O	O	O	O	

Mezz	O	O	O	O	
'	O	O	O	O	
ora	O	O	O	O	
dopo	O	O	O	O	
,	O	O	O	O	
il	O	O	O	O	
signor	B-PER	O	O	O	
Capo	I-PER	O	O	O	
stava	O	O	O	O	
consumando	O	O	O	O	
la	O	O	O	O	
sua	O	O	O	O	
modesta	O	O	O	O	
colazione	O	O	O	O	
fra	O	O	O	O	
un	B-VEH	O	O	O	
treno	I-VEH	O	O	O	
e	O	O	O	O	
l	O	O	O	O	
'	O	O	O	O	
altro	O	O	O	O	
,	O	O	O	O	
in	O	O	O	O	
una	B-FAC	O	O	O	
piccola	I-FAC	O	O	O	
osteria	I-FAC	O	O	O	
,	O	O	O	O	
vicina	O	O	O	O	
al	O	O	O	O	
disco	O	O	O	O	
,	O	O	O	O	
quando	O	O	O	O	
precipitò	O	O	O	O	
nella	O	O	O	O	
stanzetta	B-FAC	O	O	O	
quel	B-PER	O	O	O	
signore	I-PER	O	O	O	
vestito	I-PER	O	O	O	
di	I-PER	O	O	O	
nero	I-PER	O	O	O	
.	O	O	O	O	

