La	B-PER	O	O	O	
signora	I-PER	O	O	O	
entrò	O	O	O	O	
in	O	O	O	O	
casa	B-FAC	O	O	O	
,	O	O	O	O	
si	O	O	O	O	
gettò	O	O	O	O	
sul	O	O	O	O	
sofà	O	O	O	O	
,	O	O	O	O	
tacque	O	O	O	O	
,	O	O	O	O	
cioè	O	O	O	O	
no	O	O	O	O	
;	O	O	O	O	
si	O	O	O	O	
preparò	O	O	O	O	
a	O	O	O	O	
parlare	O	O	O	O	
:	O	O	O	O	
invocò	O	O	O	O	
il	O	O	O	O	
nome	O	O	O	O	
di	O	O	O	O	
Dio	B-PER	O	O	O	
--	O	O	O	O	
riservato	O	O	O	O	
così	O	O	O	O	
spesso	O	O	O	O	
,	O	O	O	O	
ohimè	O	O	O	O	
!	O	O	O	O	

per	O	O	O	O	
gli	O	O	O	O	
attacchi	O	O	O	O	
d	O	O	O	O	
'	O	O	O	O	
emicrania	O	O	O	O	
--	O	O	O	O	
si	O	O	O	O	
levò	O	O	O	O	
di	O	O	O	O	
scatto	O	O	O	O	
,	O	O	O	O	
spalancò	O	O	O	O	
due	O	O	O	O	
o	O	O	O	O	
tre	O	O	O	O	
porte	O	O	O	O	
a	O	O	O	O	
vetri	O	O	O	O	
,	O	O	O	O	
e	O	O	O	O	
si	O	O	O	O	
precipitò	O	O	O	O	
,	O	O	O	O	
cioè	O	O	O	O	
scoppiò	O	O	O	O	
nello	O	O	O	O	
studio	O	B-FAC	O	O	
di	O	I-FAC	O	O	
suo	B-PER	I-FAC	O	O	
marito	I-PER	I-FAC	O	O	
.	O	O	O	O	

--	O	O	O	O	
Io	O	O	O	O	
non	O	O	O	O	
ne	O	O	O	O	
posso	O	O	O	O	
più	O	O	O	O	
,	O	O	O	O	
più	O	O	O	O	
,	O	O	O	O	
più	O	O	O	O	
!	O	O	O	O	

Capisci	O	O	O	O	
tu	O	O	O	O	
?	O	O	O	O	

intendi	O	O	O	O	
?	O	O	O	O	

fai	O	O	O	O	
il	O	O	O	O	
sordo	O	O	O	O	
?	O	O	O	O	

l	O	O	O	O	
'	O	O	O	O	
oca	O	O	O	O	
?	O	O	O	O	

lo	B-PER	O	O	O	
stupido	I-PER	O	O	O	
?	O	O	O	O	

il	B-PER	O	O	O	
superuomo	I-PER	O	O	O	
?	O	O	O	O	

Io	O	O	O	O	
soffro	O	O	O	O	
,	O	O	O	O	
ho	O	O	O	O	
dei	O	O	O	O	
dolori	O	O	O	O	
atroci	O	O	O	O	
,	O	O	O	O	
mi	O	O	O	O	
sento	O	O	O	O	
come	O	O	O	O	
svenire	O	O	O	O	
;	O	O	O	O	
non	O	O	O	O	
mangio	O	O	O	O	
più	O	O	O	O	
,	O	O	O	O	
non	O	O	O	O	
dormo	O	O	O	O	
più	O	O	O	O	
,	O	O	O	O	
non	O	O	O	O	
digerisco	O	O	O	O	
più	O	O	O	O	
.	O	O	O	O	

Sono	O	O	O	O	
diminuita	O	O	O	O	
di	O	O	O	O	
tre	O	O	O	O	
chili	O	O	O	O	
e	O	O	O	O	
mezzo	O	O	O	O	
.	O	O	O	O	

Capisci	O	O	O	O	
tu	O	O	O	O	
cosa	O	O	O	O	
vuol	O	O	O	O	
dire	O	O	O	O	
diminuita	O	O	O	O	
di	O	O	O	O	
tre	O	O	O	O	
chili	O	O	O	O	
e	O	O	O	O	
mezzo	O	O	O	O	
?	O	O	O	O	

Ho	O	O	O	O	
delle	O	O	O	O	
vampe	O	O	O	O	
,	O	O	O	O	
delle	O	O	O	O	
fiamme	O	O	O	O	
;	O	O	O	O	
poi	O	O	O	O	
un	O	O	O	O	
gran	O	O	O	O	
freddo	O	O	O	O	
,	O	O	O	O	
un	O	O	O	O	
gran	O	O	O	O	
gelo	O	O	O	O	
;	O	O	O	O	
poi	O	O	O	O	
tutto	O	O	O	O	
un	O	O	O	O	
formicolìo	O	O	O	O	
;	O	O	O	O	
il	O	O	O	O	
cuore	O	O	O	O	
si	O	O	O	O	
ferma	O	O	O	O	
,	O	O	O	O	
dà	O	O	O	O	
dei	O	O	O	O	
colpi	O	O	O	O	
,	O	O	O	O	
poi	O	O	O	O	
mi	O	O	O	O	
sfugge	O	O	O	O	
,	O	O	O	O	
non	O	O	O	O	
lo	O	O	O	O	
sento	O	O	O	O	
più	O	O	O	O	
,	O	O	O	O	
lo	O	O	O	O	
sento	O	O	O	O	
in	O	O	O	O	
gola	O	O	O	O	
:	O	O	O	O	
mi	O	O	O	O	
chiude	O	O	O	O	
,	O	O	O	O	
mi	O	O	O	O	
soffoca	O	O	O	O	
!	O	O	O	O	

Ho	O	O	O	O	
un	O	O	O	O	
vizio	O	O	O	O	
di	O	O	O	O	
circolazione	O	O	O	O	
,	O	O	O	O	
l	O	O	O	O	
'	O	O	O	O	
arteriosclerosi	O	O	O	O	
,	O	O	O	O	
capisci	O	O	O	O	
?	O	O	O	O	

È	O	O	O	O	
orribile	O	O	O	O	
l	O	O	O	O	
'	O	O	O	O	
arteriosclerosi	O	O	O	O	
,	O	O	O	O	
capisci	O	O	O	O	
?	O	O	O	O	

Orribile	O	O	O	O	
!	O	O	O	O	

E	O	O	O	O	
quest	B-PER	O	O	O	
'	I-PER	O	O	O	
uomo	I-PER	O	O	O	
,	I-PER	O	O	O	
questo	I-PER	O	O	O	
marito	I-PER	O	O	O	
,	I-PER	O	O	O	
questo	I-PER	O	O	O	
esseraccio	I-PER	O	O	O	
spregevole	I-PER	O	O	O	
che	I-PER	O	O	O	
si	I-PER	O	O	O	
chiama	I-PER	O	O	O	
marito	I-PER	O	O	O	
,	O	O	O	O	
si	O	O	O	O	
riempie	O	O	O	O	
l	O	O	O	O	
'	O	O	O	O	
epa	O	O	O	O	
,	O	O	O	O	
beve	O	O	O	O	
come	O	O	O	O	
un	B-PER	O	O	O	
facchino	I-PER	O	O	O	
,	O	O	O	O	
dorme	O	O	O	O	
come	O	O	O	O	
una	O	O	O	O	
talpa	O	O	O	O	
,	O	O	O	O	
va	O	O	O	O	
a	O	O	O	O	
spasso	O	O	O	O	
,	O	O	O	O	
digerisce	O	O	O	O	
stupendamente	O	O	O	O	
e	O	O	O	O	
non	O	O	O	O	
s	O	O	O	O	
'	O	O	O	O	
accorge	O	O	O	O	
d	O	O	O	O	
'	O	O	O	O	
una	B-PER	O	O	O	
povera	I-PER	O	O	O	
donna	I-PER	O	O	O	
che	I-PER	O	O	O	
soffre	I-PER	O	O	O	
,	I-PER	O	O	O	
che	I-PER	O	O	O	
sta	I-PER	O	O	O	
male	I-PER	O	O	O	
,	I-PER	O	O	O	
che	I-PER	O	O	O	
muore	I-PER	O	O	O	
;	O	O	O	O	
una	B-PER	O	O	O	
donna	I-PER	O	O	O	
tanto	I-PER	O	O	O	
gentile	I-PER	O	O	O	
,	I-PER	O	O	O	
elegante	I-PER	O	O	O	
,	I-PER	O	O	O	
fine	I-PER	O	O	O	
,	I-PER	O	O	O	
buona	I-PER	O	O	O	
,	I-PER	O	O	O	
intelligente	I-PER	O	O	O	
,	O	O	O	O	
sì	O	O	O	O	
,	O	O	O	O	
intelligente	O	O	O	O	
per	O	O	O	O	
un	B-PER	O	O	O	
uomo	I-PER	O	O	O	
che	O	O	O	O	
mi	O	O	O	O	
sappia	O	O	O	O	
intendere	O	O	O	O	
,	O	O	O	O	
una	B-PER	O	O	O	
donna	I-PER	O	O	O	
che	O	O	O	O	
avrebbe	O	O	O	O	
fatta	O	O	O	O	
la	O	O	O	O	
felicità	O	O	O	O	
di	O	O	O	O	
qualunque	B-PER	O	O	O	
altro	I-PER	O	O	O	
che	I-PER	O	O	O	
non	I-PER	O	O	O	
si	I-PER	O	O	O	
chiamasse	I-PER	O	O	O	
Marx	I-PER	O	O	O	
Giraldi	I-PER	O	O	O	
!	O	O	O	O	

Ah	O	O	O	O	
,	O	O	O	O	
la	O	O	O	O	
mia	O	O	O	O	
personalità	O	O	O	O	
,	O	O	O	O	
il	O	O	O	O	
mio	O	O	O	O	
io	O	O	O	O	
,	O	O	O	O	
ah	O	O	O	O	
,	O	O	O	O	
questo	O	O	O	O	
voi	O	O	O	O	
vorreste	O	O	O	O	
distruggere	O	O	O	O	
,	O	O	O	O	
annientare	O	O	O	O	
,	O	O	O	O	
calpestare	O	O	O	O	
;	O	O	O	O	
voi	O	O	O	O	
mi	O	O	O	O	
vorreste	O	O	O	O	
ridurre	O	O	O	O	
alla	O	O	O	O	
moglie	B-PER	O	O	O	
che	O	O	O	O	
bada	O	O	O	O	
al	O	O	O	O	
soffritto	O	O	O	O	
e	O	O	O	O	
sorveglia	O	O	O	O	
i	O	O	O	O	
buchi	O	O	O	O	
delle	O	O	O	O	
vostre	O	O	O	O	
calze	O	O	O	O	
e	O	O	O	O	
serve	O	O	O	O	
per	O	O	O	O	
gli	O	O	O	O	
usi	O	O	O	O	
intimi	O	O	O	O	
!	O	O	O	O	

L	O	O	O	O	
'	O	O	O	O	
avete	O	O	O	O	
trovata	O	O	O	O	
,	O	O	O	O	
il	B-PER	O	O	O	
mio	I-PER	O	O	O	
uomo	I-PER	O	O	O	
,	O	O	O	O	
la	B-PER	O	O	O	
donna	I-PER	O	O	O	
che	O	O	O	O	
si	O	O	O	O	
lascia	O	O	O	O	
calpestare	O	O	O	O	
!	O	O	O	O	

Vendicatevi	O	O	O	O	
,	O	O	O	O	
ora	O	O	O	O	
,	O	O	O	O	
fate	O	O	O	O	
la	O	O	O	O	
mummia	O	O	O	O	
,	O	O	O	O	
il	O	O	O	O	
papa	O	O	O	O	
di	O	O	O	O	
gesso	O	O	O	O	
,	O	O	O	O	
l	O	O	O	O	
'	O	O	O	O	
indifferente	O	O	O	O	
.	O	O	O	O	

Vi	O	O	O	O	
sveglierò	O	O	O	O	
io	O	O	O	O	
,	O	O	O	O	
vi	O	O	O	O	
sveglierò	O	O	O	O	
!	O	O	O	O	

Mi	O	O	O	O	
voglio	O	O	O	O	
distrarre	O	O	O	O	
,	O	O	O	O	
capite	O	O	O	O	
?	O	O	O	O	

Distrarre	O	O	O	O	
!	O	O	O	O	

Aspettate	O	O	O	O	
,	O	O	O	O	
aspettate	O	O	O	O	
che	O	O	O	O	
stia	O	O	O	O	
un	O	O	O	O	
po	O	O	O	O	
'	O	O	O	O	
meglio	O	O	O	O	
!	O	O	O	O	

Intanto	O	O	O	O	
fuori	O	O	O	O	
i	O	O	O	O	
soldi	O	O	O	O	
:	O	O	O	O	
cento	O	O	O	O	
lire	O	O	O	O	
!	O	O	O	O	

Chi	O	O	O	O	
rompe	O	O	O	O	
paga	O	O	O	O	
.	O	O	O	O	

Domani	O	O	O	O	
altra	O	O	O	O	
visita	O	O	O	O	
.	O	O	O	O	

Il	O	O	O	O	
professor	B-PER	O	O	O	
Marchi	I-PER	O	O	O	
non	O	O	O	O	
visita	O	O	O	O	
per	O	O	O	O	
meno	O	O	O	O	
.	O	O	O	O	

Se	O	O	O	O	
mi	O	O	O	O	
volete	O	O	O	O	
accompagnare	O	O	O	O	
,	O	O	O	O	
è	O	O	O	O	
al	O	O	O	O	
Grande	B-FAC	O	O	O	
Hôtel	I-FAC	O	O	O	
,	O	O	O	O	
se	O	O	O	O	
pure	O	O	O	O	
non	O	O	O	O	
riparte	O	O	O	O	
stasera	O	O	O	O	
.	O	O	O	O	

Qui	O	O	O	O	
si	O	O	O	O	
fermò	O	O	O	O	
,	O	O	O	O	
e	O	O	O	O	
allora	O	O	O	O	
una	O	O	O	O	
voce	O	O	O	O	
rispose	O	O	O	O	
dietro	O	O	O	O	
i	O	O	O	O	
cumuli	O	O	O	O	
delle	O	O	O	O	
carte	O	O	O	O	
della	O	O	O	O	
scrivania	O	O	O	O	
:	O	O	O	O	
--	O	O	O	O	
Io	O	O	O	O	
credo	O	O	O	O	
che	O	O	O	O	
cinquanta	O	O	O	O	
lire	O	O	O	O	
siano	O	O	O	O	
sufficienti	O	O	O	O	
.	O	O	O	O	

--	O	O	O	O	
Le	O	O	O	O	
figure	O	O	O	O	
grette	O	O	O	O	
,	O	O	O	O	
meschine	O	O	O	O	
,	O	O	O	O	
esose	O	O	O	O	
,	O	O	O	O	
le	O	O	O	O	
lascio	O	O	O	O	
tutte	O	O	O	O	
a	O	O	O	O	
voi	O	O	O	O	
.	O	O	O	O	

Allora	O	O	O	O	
si	O	O	O	O	
udì	O	O	O	O	
una	O	O	O	O	
chiavetta	O	O	O	O	
aprire	O	O	O	O	
un	O	O	O	O	
cassetto	O	O	O	O	
ed	O	O	O	O	
una	O	O	O	O	
mano	O	O	O	O	
porse	O	O	O	O	
un	O	O	O	O	
biglietto	O	O	O	O	
da	O	O	O	O	
cento	O	O	O	O	
lire	O	O	O	O	
.	O	O	O	O	

--	O	O	O	O	
Imbecille	B-PER	O	O	O	
!	O	O	O	O	

--	O	O	O	O	
e	O	O	O	O	
la	O	O	O	O	
mano	O	O	O	O	
della	O	O	O	O	
signora	B-PER	O	O	O	
prese	O	O	O	O	
il	O	O	O	O	
biglietto	O	O	O	O	
e	O	O	O	O	
rovesciò	O	O	O	O	
tutte	O	O	O	O	
le	O	O	O	O	
carte	O	O	O	O	
.	O	O	O	O	

Dietro	O	O	O	O	
di	O	O	O	O	
esse	O	O	O	O	
apparve	O	O	O	O	
un	B-PER	O	O	O	
uomo	I-PER	O	O	O	
di	I-PER	O	O	O	
mezza	I-PER	O	O	O	
età	I-PER	O	O	O	
,	I-PER	O	O	O	
barbuto	I-PER	O	O	O	
,	I-PER	O	O	O	
con	I-PER	O	O	O	
la	I-PER	O	O	O	
fronte	I-PER	O	O	O	
posata	I-PER	O	O	O	
in	I-PER	O	O	O	
calma	I-PER	O	O	O	
sulla	I-PER	O	O	O	
mano	I-PER	O	O	O	
:	O	O	O	O	
il	B-PER	O	O	O	
marito	I-PER	O	O	O	
.	O	O	O	O	

La	B-PER	O	O	O	
signora	I-PER	O	O	O	
uscì	O	O	O	O	
sbattendo	O	O	O	O	
l	O	O	O	O	
'	O	O	O	O	
uscio	O	O	O	O	
.	O	O	O	O	

Allora	O	O	O	O	
,	O	O	O	O	
dietro	O	O	O	O	
una	O	O	O	O	
specie	O	O	O	O	
di	O	O	O	O	
paravento	O	O	O	O	
,	O	O	O	O	
venne	O	O	O	O	
fuori	O	O	O	O	
un	B-PER	O	O	O	
omarino	I-PER	O	O	O	
mezzo	I-PER	O	O	O	
spelato	I-PER	O	O	O	
e	I-PER	O	O	O	
con	I-PER	O	O	O	
barbetta	I-PER	O	O	O	
caprina	I-PER	O	O	O	
,	O	O	O	O	
il	O	O	O	O	
quale	O	O	O	O	
subito	O	O	O	O	
si	O	O	O	O	
rivelava	O	O	O	O	
come	O	O	O	O	
appartenente	O	O	O	O	
alla	O	O	O	O	
nobile	O	O	O	O	
,	O	O	O	O	
antica	B-ORG	O	O	O	
classe	I-ORG	O	O	O	
degli	I-ORG	O	O	O	
scrivani	I-ORG	O	O	O	
,	O	O	O	O	
che	O	O	O	O	
le	O	O	O	O	
macchine	O	O	O	O	
da	O	O	O	O	
scrivere	O	O	O	O	
e	O	O	O	O	
le	B-PER	O	O	O	
dattilografe	I-PER	O	O	O	
vanno	O	O	O	O	
distruggendo	O	O	O	O	
in	O	O	O	O	
modo	O	O	O	O	
spietato	O	O	O	O	
.	O	O	O	O	

Pareva	O	O	O	O	
abituato	O	O	O	O	
a	O	O	O	O	
questa	O	O	O	O	
specie	O	O	O	O	
di	O	O	O	O	
cicloni	O	O	O	O	
familiari	O	O	O	O	
,	O	O	O	O	
perchè	O	O	O	O	
si	O	O	O	O	
mise	O	O	O	O	
senz	O	O	O	O	
'	O	O	O	O	
altro	O	O	O	O	
a	O	O	O	O	
raccogliere	O	O	O	O	
le	O	O	O	O	
carte	O	O	O	O	
e	O	O	O	O	
i	O	O	O	O	
libri	O	O	O	O	
.	O	O	O	O	

--	O	O	O	O	
Per	O	O	O	O	
un	B-PER	O	O	O	
uomo	I-PER	O	O	O	
d	I-PER	O	O	O	
'	I-PER	O	O	O	
affari	I-PER	O	O	O	
però	O	O	O	O	
--	O	O	O	O	
osservava	O	O	O	O	
--	O	O	O	O	
è	O	O	O	O	
grave	O	O	O	O	
questo	O	O	O	O	
modo	O	O	O	O	
di	O	O	O	O	
sfogarsi	O	O	O	O	
con	O	O	O	O	
le	O	O	O	O	
carte	O	O	O	O	
.	O	O	O	O	

Pare	O	O	O	O	
,	O	O	O	O	
vero	O	O	O	O	
signor	B-PER	O	O	O	
Giraldi	I-PER	O	O	O	
?	O	O	O	O	

che	O	O	O	O	
vi	O	O	O	O	
sia	O	O	O	O	
nella	O	O	O	O	
signora	B-PER	O	O	O	
una	O	O	O	O	
specie	O	O	O	O	
di	O	O	O	O	
crescendo	O	O	O	O	
.	O	O	O	O	

Ogni	O	O	O	O	
parola	O	O	O	O	
si	O	O	O	O	
accumula	O	O	O	O	
con	O	O	O	O	
l	O	O	O	O	
'	O	O	O	O	
altra	O	O	O	O	
,	O	O	O	O	
come	O	O	O	O	
in	O	O	O	O	
una	O	O	O	O	
pila	O	O	O	O	
elettrica	O	O	O	O	
,	O	O	O	O	
finchè	O	O	O	O	
avviene	O	O	O	O	
l	O	O	O	O	
'	O	O	O	O	
esplosione	O	O	O	O	
.	O	O	O	O	

--	O	O	O	O	
State	O	O	O	O	
buono	O	O	O	O	
--	O	O	O	O	
rispose	O	O	O	O	
il	B-PER	O	O	O	
signore	I-PER	O	O	O	
,	O	O	O	O	
aiutando	O	O	O	O	
anche	O	O	O	O	
lui	O	O	O	O	
a	O	O	O	O	
raccogliere	O	O	O	O	
le	O	O	O	O	
carte	O	O	O	O	
--	O	O	O	O	
oggi	O	O	O	O	
è	O	O	O	O	
andata	O	O	O	O	
abbastanza	O	O	O	O	
bene	O	O	O	O	
.	O	O	O	O	

È	O	O	O	O	
quando	O	O	O	O	
comincia	O	O	O	O	
dalle	O	O	O	O	
origini	O	O	O	O	
,	O	O	O	O	
dai	O	O	O	O	
tempi	O	O	O	O	
precedenti	O	O	O	O	
il	O	O	O	O	
matrimonio	O	O	O	O	
,	O	O	O	O	
quando	O	O	O	O	
prende	O	O	O	O	
a	O	O	O	O	
rivangare	O	O	O	O	
i	B-PER	O	O	O	
vivi	I-PER	O	O	O	
ed	I-PER	O	O	O	
i	I-PER	O	O	O	
morti	I-PER	O	O	O	
.	O	O	O	O	

A	O	O	O	O	
proposito	O	O	O	O	
,	O	O	O	O	
cos	O	O	O	O	
'	O	O	O	O	
ha	O	O	O	O	
nominato	O	O	O	O	
?	O	O	O	O	

il	B-PER	O	O	O	
prof	I-PER	O	O	O	
.	I-PER	O	O	O	

Marchi	B-PER	O	O	O	
?	O	O	O	O	

Grande	B-FAC	O	O	O	
Hôtel	I-FAC	O	O	O	
?	O	O	O	O	

Che	O	O	O	O	
sia	O	O	O	O	
il	O	O	O	O	
Marchi	B-PER	O	O	O	
,	I-PER	O	O	O	
professore	I-PER	O	O	O	
dell	I-PER	O	O	O	
'	I-PER	O	O	O	
Università	I-PER	O	O	O	
di	I-PER	O	O	O	
...	I-PER	O	O	O	
?	O	O	O	O	

Voi	O	O	O	O	
che	O	O	O	O	
avete	O	O	O	O	
la	O	O	O	O	
specialità	O	O	O	O	
dei	O	O	O	O	
nomi	O	O	O	O	
,	O	O	O	O	
ve	O	O	O	O	
ne	O	O	O	O	
ricordate	O	O	O	O	
?	O	O	O	O	

--	O	O	O	O	
Sì	O	O	O	O	
,	O	O	O	O	
certo	O	O	O	O	
:	O	O	O	O	
Gian	B-PER	O	O	O	
Franco	I-PER	O	O	O	
Marchi	I-PER	O	O	O	
,	I-PER	O	O	O	
specialista	I-PER	O	O	O	
per	I-PER	O	O	O	
le	I-PER	O	O	O	
malattie	I-PER	O	O	O	
del	I-PER	O	O	O	
cervello	I-PER	O	O	O	
.	O	O	O	O	

Deve	O	O	O	O	
essere	O	O	O	O	
venuto	O	O	O	O	
qui	O	O	O	O	
apposta	O	O	O	O	
per	O	O	O	O	
un	O	O	O	O	
consulto	O	O	O	O	
al	O	O	O	O	
senatore	B-PER	O	O	O	
X	I-PER	O	O	O	
.	O	O	O	O	

Sarà	O	O	O	O	
una	O	O	O	O	
visita	O	O	O	O	
in	O	O	O	O	
extremis	O	O	O	O	
,	O	O	O	O	
ma	O	O	O	O	
era	O	O	O	O	
d	O	O	O	O	
'	O	O	O	O	
obbligo	O	O	O	O	
.	O	O	O	O	

--	O	O	O	O	
Allora	O	O	O	O	
--	O	O	O	O	
disse	O	O	O	O	
il	B-PER	O	O	O	
signore	I-PER	O	O	O	
--	O	O	O	O	
noi	O	O	O	O	
ci	O	O	O	O	
siamo	O	O	O	O	
conosciuti	O	O	O	O	
,	O	O	O	O	
e	O	O	O	O	
molto	O	O	O	O	
bene	O	O	O	O	
,	O	O	O	O	
in	O	O	O	O	
collegio	B-FAC	O	O	O	
.	O	O	O	O	

Egli	O	O	O	O	
era	O	O	O	O	
di	O	O	O	O	
due	O	O	O	O	
corsi	O	O	O	O	
avanti	O	O	O	O	
di	O	O	O	O	
me	O	O	O	O	
.	O	O	O	O	

Un	B-PER	O	O	O	
giovane	I-PER	O	O	O	
di	I-PER	O	O	O	
valore	I-PER	O	O	O	
,	O	O	O	O	
ricordo	O	O	O	O	
benissimo	O	O	O	O	
:	O	O	O	O	
uno	B-PER	O	O	O	
dei	I-PER	O	O	O	
pochi	I-PER	O	O	O	
che	I-PER	O	O	O	
si	I-PER	O	O	O	
son	I-PER	O	O	O	
fatti	I-PER	O	O	O	
strada	I-PER	O	O	O	
senza	I-PER	O	O	O	
ciarlataneria	I-PER	O	O	O	
.	O	O	O	O	

Sapete	O	O	O	O	
,	O	O	O	O	
amico	B-PER	O	O	O	
mio	I-PER	O	O	O	
,	O	O	O	O	
che	O	O	O	O	
è	O	O	O	O	
una	O	O	O	O	
cosa	O	O	O	O	
curiosa	O	O	O	O	
?	O	O	O	O	

--	O	O	O	O	
e	O	O	O	O	
pareva	O	O	O	O	
un	O	O	O	O	
po	O	O	O	O	
'	O	O	O	O	
rasserenato	O	O	O	O	
.	O	O	O	O	

--	O	O	O	O	
Noi	O	O	O	O	
nella	O	O	O	O	
vita	O	O	O	O	
moderna	O	O	O	O	
ci	O	O	O	O	
perdiamo	O	O	O	O	
spesso	O	O	O	O	
di	O	O	O	O	
vista	O	O	O	O	
,	O	O	O	O	
di	O	O	O	O	
nome	O	O	O	O	
,	O	O	O	O	
di	O	O	O	O	
tutto	O	O	O	O	
,	O	O	O	O	
peggio	O	O	O	O	
che	O	O	O	O	
nel	O	O	O	O	
deserto	B-LOC	O	O	O	
.	O	O	O	O	

Accade	O	O	O	O	
poi	O	O	O	O	
,	O	O	O	O	
un	O	O	O	O	
bel	O	O	O	O	
giorno	O	O	O	O	
,	O	O	O	O	
di	O	O	O	O	
vedere	O	O	O	O	
nel	O	O	O	O	
giornale	O	O	O	O	
un	O	O	O	O	
necrologio	O	O	O	O	
e	O	O	O	O	
allora	O	O	O	O	
diciamo	O	O	O	O	
:	O	O	O	O	
Io	O	O	O	O	
l	O	O	O	O	
'	O	O	O	O	
ho	O	O	O	O	
conosciuto	O	O	O	O	
quell	B-PER	O	O	O	
'	I-PER	O	O	O	
uomo	I-PER	O	O	O	
!	O	O	O	O	

Ma	O	O	O	O	
non	O	O	O	O	
siamo	O	O	O	O	
più	O	O	O	O	
a	O	O	O	O	
tempo	O	O	O	O	
per	O	O	O	O	
andare	O	O	O	O	
a	O	O	O	O	
stringergli	O	O	O	O	
la	O	O	O	O	
mano	O	O	O	O	
.	O	O	O	O	

--	O	O	O	O	
Lo	O	O	O	O	
dica	O	O	O	O	
a	O	O	O	O	
me	O	O	O	O	
che	O	O	O	O	
sono	O	O	O	O	
rimasto	O	O	O	O	
solo	O	O	O	O	
come	O	O	O	O	
un	O	O	O	O	
fungo	O	O	O	O	
...	O	O	O	O	
;	O	O	O	O	
e	O	O	O	O	
non	O	O	O	O	
me	O	O	O	O	
ne	O	O	O	O	
pento	O	O	O	O	
ormai	O	O	O	O	
più	O	O	O	O	
--	O	O	O	O	
sorrise	O	O	O	O	
fra	O	O	O	O	
sè	O	O	O	O	
l	B-PER	O	O	O	
'	I-PER	O	O	O	
omarino	I-PER	O	O	O	
.	O	O	O	O	

--	O	O	O	O	
Vi	O	O	O	O	
dispiacerebbe	O	O	O	O	
di	O	O	O	O	
portare	O	O	O	O	
,	O	O	O	O	
ma	O	O	O	O	
subito	O	O	O	O	
,	O	O	O	O	
un	O	O	O	O	
biglietto	O	O	O	O	
al	O	O	O	O	
Grande	B-FAC	O	O	O	
Hôtel	I-FAC	O	O	O	
?	O	O	O	O	

Se	O	O	O	O	
il	O	O	O	O	
Marchi	B-PER	O	O	O	
non	O	O	O	O	
c	O	O	O	O	
'	O	O	O	O	
è	O	O	O	O	
,	O	O	O	O	
aspettate	O	O	O	O	
.	O	O	O	O	

Se	O	O	O	O	
domattina	O	O	O	O	
presto	O	O	O	O	
non	O	O	O	O	
può	O	O	O	O	
,	O	O	O	O	
mi	O	O	O	O	
fissi	O	O	O	O	
a	O	O	O	O	
che	O	O	O	O	
ora	O	O	O	O	
vuole	O	O	O	O	
,	O	O	O	O	
stasera	O	O	O	O	
,	O	O	O	O	
un	O	O	O	O	
appuntamento	O	O	O	O	
.	O	O	O	O	

Il	B-PER	O	O	O	
signore	I-PER	O	O	O	
si	O	O	O	O	
mise	O	O	O	O	
a	O	O	O	O	
scrivere	O	O	O	O	
.	O	O	O	O	

L	B-PER	O	O	O	
'	I-PER	O	O	O	
omarino	I-PER	O	O	O	
si	O	O	O	O	
levò	O	O	O	O	
la	O	O	O	O	
manica	O	O	O	O	
di	O	O	O	O	
lustrino	O	O	O	O	
e	O	O	O	O	
andò	O	O	O	O	
ad	O	O	O	O	
infilare	O	O	O	O	
il	O	O	O	O	
vecchio	O	O	O	O	
pastrano	O	O	O	O	
a	O	O	O	O	
pipistrello	O	O	O	O	
e	O	O	O	O	
ad	O	O	O	O	
avvolgere	O	O	O	O	
il	O	O	O	O	
collo	O	O	O	O	
,	O	O	O	O	
le	O	O	O	O	
orecchie	O	O	O	O	
,	O	O	O	O	
la	O	O	O	O	
nuca	O	O	O	O	
nella	O	O	O	O	
fascia	O	O	O	O	
di	O	O	O	O	
lana	O	O	O	O	
.	O	O	O	O	

--	O	O	O	O	
Si	O	O	O	O	
trova	O	O	O	O	
da	O	O	O	O	
per	O	O	O	O	
tutto	O	O	O	O	
quest	O	O	O	O	
'	O	O	O	O	
accidente	O	O	O	O	
!	O	O	O	O	

io	O	O	O	O	
domando	O	O	O	O	
come	O	O	O	O	
si	O	O	O	O	
fa	O	O	O	O	
a	O	O	O	O	
non	O	O	O	O	
avere	O	O	O	O	
male	O	O	O	O	
di	O	O	O	O	
testa	O	O	O	O	
con	O	O	O	O	
quest	O	O	O	O	
'	O	O	O	O	
accidente	O	O	O	O	
!	O	O	O	O	

Lo	O	O	O	O	
prese	O	O	O	O	
con	O	O	O	O	
delicatezza	O	O	O	O	
,	O	O	O	O	
come	O	O	O	O	
fosse	O	O	O	O	
stata	O	O	O	O	
una	O	O	O	O	
macchina	O	O	O	O	
infernale	O	O	O	O	
,	O	O	O	O	
diabolica	O	O	O	O	
.	O	O	O	O	

--	O	O	O	O	
Un	O	O	O	O	
chilo	O	O	O	O	
e	O	O	O	O	
mezzo	O	O	O	O	
deve	O	O	O	O	
pesare	O	O	O	O	
!	O	O	O	O	

Era	O	O	O	O	
il	O	O	O	O	
cappello	O	O	O	O	
della	O	O	O	O	
signora	B-PER	O	O	O	
.	O	O	O	O	

Alle	O	O	O	O	
ore	O	O	O	O	
undici	O	O	O	O	
,	O	O	O	O	
nel	O	O	O	O	
Grande	B-FAC	O	O	O	
Hôtel	I-FAC	O	O	O	
,	O	O	O	O	
il	B-PER	O	O	O	
prof	I-PER	O	O	O	
.	I-PER	O	O	O	

Gian	B-PER	O	O	O	
Franco	I-PER	O	O	O	
Marchi	I-PER	O	O	O	
parlava	O	O	O	O	
ancora	O	O	O	O	
con	O	O	O	O	
la	O	O	O	O	
signora	B-PER	O	O	O	
Giraldi	I-PER	O	O	O	
.	O	O	O	O	

La	B-PER	O	O	O	
signora	I-PER	O	O	O	
si	O	O	O	O	
veniva	O	O	O	O	
riallacciando	O	O	O	O	
l	O	O	O	O	
'	O	O	O	O	
abito	O	O	O	O	
con	O	O	O	O	
mano	O	O	O	O	
tremante	O	O	O	O	
.	O	O	O	O	

Era	O	O	O	O	
una	O	O	O	O	
cosa	O	O	O	O	
terribilmente	O	O	O	O	
piena	O	O	O	O	
di	O	O	O	O	
mortificazione	O	O	O	O	
per	O	O	O	O	
la	B-PER	O	O	O	
signora	I-PER	O	O	O	
:	O	O	O	O	
quell	B-PER	O	O	O	
'	I-PER	O	O	O	
uomo	I-PER	O	O	O	
,	I-PER	O	O	O	
il	I-PER	O	O	O	
prof	I-PER	O	O	O	
.	I-PER	O	O	O	

Marchi	B-PER	O	O	O	
,	O	O	O	O	
gelido	O	O	O	O	
,	O	O	O	O	
meccanico	O	O	O	O	
,	O	O	O	O	
irreprensibile	O	O	O	O	
nel	O	O	O	O	
vestito	O	O	O	O	
,	O	O	O	O	
aveva	O	O	O	O	
esercitato	O	O	O	O	
su	O	O	O	O	
di	O	O	O	O	
lei	O	O	O	O	
un	O	O	O	O	
'	O	O	O	O	
impressione	O	O	O	O	
di	O	O	O	O	
paura	O	O	O	O	
,	O	O	O	O	
di	O	O	O	O	
soggezione	O	O	O	O	
e	O	O	O	O	
di	O	O	O	O	
ammirazione	O	O	O	O	
insieme	O	O	O	O	
.	O	O	O	O	

Eppure	O	O	O	O	
quell	B-PER	O	O	O	
'	I-PER	O	O	O	
uomo	I-PER	O	O	O	
aveva	O	O	O	O	
parlato	O	O	O	O	
sempre	O	O	O	O	
con	O	O	O	O	
una	O	O	O	O	
voce	O	O	O	O	
soavissima	O	O	O	O	
,	O	O	O	O	
musicale	O	O	O	O	
,	O	O	O	O	
con	O	O	O	O	
un	O	O	O	O	
bellissimo	O	O	O	O	
accento	O	O	O	O	
italiano	O	O	O	O	
:	O	O	O	O	
appena	O	O	O	O	
,	O	O	O	O	
appena	O	O	O	O	
una	O	O	O	O	
sfumatura	O	O	O	O	
di	O	O	O	O	
amabile	O	O	O	O	
ironia	O	O	O	O	
.	O	O	O	O	

Aveva	O	O	O	O	
trattato	O	O	O	O	
con	O	O	O	O	
la	O	O	O	O	
verecondia	O	O	O	O	
di	O	O	O	O	
un	B-PER	O	O	O	
asceta	I-PER	O	O	O	
,	O	O	O	O	
con	O	O	O	O	
la	O	O	O	O	
delicatezza	O	O	O	O	
di	O	O	O	O	
una	B-PER	O	O	O	
suora	I-PER	O	O	O	
di	I-PER	O	O	O	
carità	I-PER	O	O	O	
.	O	O	O	O	

Oh	O	O	O	O	
,	O	O	O	O	
nulla	O	O	O	O	
di	O	O	O	O	
brutale	O	O	O	O	
,	O	O	O	O	
come	O	O	O	O	
certi	B-PER	O	O	O	
medici	I-PER	O	O	O	
;	O	O	O	O	
e	O	O	O	O	
nulla	O	O	O	O	
nemmeno	O	O	O	O	
di	O	O	O	O	
manierato	O	O	O	O	
,	O	O	O	O	
di	O	O	O	O	
dolcificato	O	O	O	O	
come	O	O	O	O	
altri	B-PER	O	O	O	
medici	I-PER	O	O	O	
alla	I-PER	O	O	O	
moda	I-PER	O	O	O	
.	O	O	O	O	

La	O	O	O	O	
signora	B-PER	O	O	O	
Giraldi	I-PER	O	O	O	
ne	O	O	O	O	
aveva	O	O	O	O	
fatti	O	O	O	O	
passare	O	O	O	O	
ormai	O	O	O	O	
parecchi	O	O	O	O	
di	O	O	O	O	
medici	B-PER	O	O	O	
,	O	O	O	O	
e	O	O	O	O	
invano	O	O	O	O	
!	O	O	O	O	

Ma	O	O	O	O	
era	O	O	O	O	
quella	O	O	O	O	
specie	O	O	O	O	
di	O	O	O	O	
gelidezza	O	O	O	O	
interiore	O	O	O	O	
ad	O	O	O	O	
ogni	O	O	O	O	
influsso	O	O	O	O	
di	O	O	O	O	
passione	O	O	O	O	
,	O	O	O	O	
che	O	O	O	O	
la	O	O	O	O	
soggiogava	O	O	O	O	
.	O	O	O	O	

La	B-PER	O	O	O	
signora	I-PER	O	O	O	
,	O	O	O	O	
nei	O	O	O	O	
preliminari	O	O	O	O	
della	O	O	O	O	
visita	O	O	O	O	
,	O	O	O	O	
aveva	O	O	O	O	
cercato	O	O	O	O	
,	O	O	O	O	
come	O	O	O	O	
soleva	O	O	O	O	
,	O	O	O	O	
di	O	O	O	O	
celiare	O	O	O	O	
un	O	O	O	O	
po	O	O	O	O	
'	O	O	O	O	
.	O	O	O	O	

Bella	B-PER	O	O	O	
donna	I-PER	O	O	O	
,	I-PER	O	O	O	
elegante	I-PER	O	O	O	
,	I-PER	O	O	O	
donna	I-PER	O	O	O	
di	I-PER	O	O	O	
spirito	I-PER	O	O	O	
,	O	O	O	O	
poteva	O	O	O	O	
concedersi	O	O	O	O	
questo	O	O	O	O	
privilegio	O	O	O	O	
.	O	O	O	O	

Non	O	O	O	O	
so	O	O	O	O	
,	O	O	O	O	
come	O	O	O	O	
chiedere	O	O	O	O	
:	O	O	O	O	
Lei	O	O	O	O	
ha	O	O	O	O	
moglie	B-PER	O	O	O	
,	O	O	O	O	
dottore	B-PER	O	O	O	
?	O	O	O	O	

ha	O	O	O	O	
provato	O	O	O	O	
mai	O	O	O	O	
questi	O	O	O	O	
incomodi	O	O	O	O	
?	O	O	O	O	

ha	O	O	O	O	
avuto	O	O	O	O	
casi	O	O	O	O	
consimili	O	O	O	O	
?	O	O	O	O	

Ma	O	O	O	O	
poi	O	O	O	O	
le	O	O	O	O	
si	O	O	O	O	
congelò	O	O	O	O	
la	O	O	O	O	
voce	O	O	O	O	
e	O	O	O	O	
si	O	O	O	O	
trovò	O	O	O	O	
paurosamente	O	O	O	O	
nello	O	O	O	O	
stato	O	O	O	O	
di	O	O	O	O	
materia	O	O	O	O	
inerte	O	O	O	O	
nelle	O	O	O	O	
mani	O	O	O	O	
del	O	O	O	O	
prof	B-PER	O	O	O	
.	I-PER	O	O	O	

Gian	B-PER	O	O	O	
Franco	I-PER	O	O	O	
Marchi	I-PER	O	O	O	
.	O	O	O	O	

La	B-PER	O	O	O	
signora	I-PER	O	O	O	
si	O	O	O	O	
veniva	O	O	O	O	
,	O	O	O	O	
dunque	O	O	O	O	
,	O	O	O	O	
riallacciando	O	O	O	O	
.	O	O	O	O	

Le	O	B-FAC	O	O	
stanze	O	I-FAC	O	O	
dell	O	I-FAC	O	O	
'	O	I-FAC	O	O	
Hôtel	B-FAC	I-FAC	O	O	
scintillavano	O	O	O	O	
di	O	O	O	O	
lampadine	O	O	O	O	
elettriche	O	O	O	O	
,	O	O	O	O	
perchè	O	O	O	O	
il	O	O	O	O	
sole	O	O	O	O	
esisteva	O	O	O	O	
forse	O	O	O	O	
ancora	O	O	O	O	
,	O	O	O	O	
benchè	O	O	O	O	
vedendo	O	O	O	O	
la	B-GPE	O	O	O	
città	I-GPE	O	O	O	
fasciata	O	O	O	O	
tuttora	O	O	O	O	
dalla	O	O	O	O	
caligine	O	O	O	O	
del	O	O	O	O	
dicembre	O	O	O	O	
,	O	O	O	O	
se	O	O	O	O	
ne	O	O	O	O	
potesse	O	O	O	O	
dubitare	O	O	O	O	
.	O	O	O	O	

Il	B-PER	O	O	O	
dottore	I-PER	O	O	O	
aveva	O	O	O	O	
escluso	O	O	O	O	
in	O	O	O	O	
modo	O	O	O	O	
assoluto	O	O	O	O	
l	O	O	O	O	
'	O	O	O	O	
arteriosclerosi	O	O	O	O	
,	O	O	O	O	
il	O	O	O	O	
vizio	O	O	O	O	
valvolare	O	O	O	O	
,	O	O	O	O	
il	O	O	O	O	
diabete	O	O	O	O	
,	O	O	O	O	
l	O	O	O	O	
'	O	O	O	O	
appendicite	O	O	O	O	
,	O	O	O	O	
il	O	O	O	O	
verme	O	O	O	O	
solitario	O	O	O	O	
ed	O	O	O	O	
altri	O	O	O	O	
mali	O	O	O	O	
proposti	O	O	O	O	
dalla	O	O	O	O	
signora	B-PER	O	O	O	
.	O	O	O	O	

--	O	O	O	O	
Isterismo	O	O	O	O	
allora	O	O	O	O	
,	O	O	O	O	
come	O	O	O	O	
dice	O	O	O	O	
mio	B-PER	O	O	O	
marito	I-PER	O	O	O	
?	O	O	O	O	

Il	B-PER	O	O	O	
dottore	I-PER	O	O	O	
fece	O	O	O	O	
un	O	O	O	O	
nobile	O	O	O	O	
gesto	O	O	O	O	
per	O	O	O	O	
allontanare	O	O	O	O	
questa	O	O	O	O	
parola	O	O	O	O	
,	O	O	O	O	
isterismo	O	O	O	O	
ed	O	O	O	O	
anche	O	O	O	O	
marito	O	O	O	O	
.	O	O	O	O	

--	O	O	O	O	
Ma	O	O	O	O	
allora	O	O	O	O	
cos	O	O	O	O	
'	O	O	O	O	
è	O	O	O	O	
il	O	O	O	O	
male	O	O	O	O	
che	O	O	O	O	
io	O	O	O	O	
ho	O	O	O	O	
?	O	O	O	O	

Almeno	O	O	O	O	
sapere	O	O	O	O	
il	O	O	O	O	
male	O	O	O	O	
che	O	O	O	O	
io	O	O	O	O	
ho	O	O	O	O	
.	O	O	O	O	

Perchè	O	O	O	O	
io	O	O	O	O	
sono	O	O	O	O	
ammalata	B-PER	O	O	O	
,	O	O	O	O	
vero	O	O	O	O	
?	O	O	O	O	

Il	B-PER	O	O	O	
dottore	I-PER	O	O	O	
si	O	O	O	O	
fece	O	O	O	O	
serio	O	O	O	O	
,	O	O	O	O	
terribilmente	O	O	O	O	
serio	O	O	O	O	
.	O	O	O	O	

--	O	O	O	O	
Non	O	O	O	O	
mi	O	O	O	O	
guardi	O	O	O	O	
così	O	O	O	O	
!	O	O	O	O	

no	O	O	O	O	
!	O	O	O	O	

Mi	O	O	O	O	
fa	O	O	O	O	
paura	O	O	O	O	
!	O	O	O	O	

Devo	O	O	O	O	
forse	O	O	O	O	
morire	O	O	O	O	
?	O	O	O	O	

Finalmente	O	O	O	O	
il	B-PER	O	O	O	
dottore	I-PER	O	O	O	
domandò	O	O	O	O	
con	O	O	O	O	
voce	O	O	O	O	
lenta	O	O	O	O	
:	O	O	O	O	
--	O	O	O	O	
La	B-PER	O	O	O	
signora	I-PER	O	O	O	
ha	O	O	O	O	
paura	O	O	O	O	
di	O	O	O	O	
morire	O	O	O	O	
?	O	O	O	O	

La	B-PER	O	O	O	
signora	I-PER	O	O	O	
impallidì	O	O	O	O	
...	O	O	O	O	
--	O	O	O	O	
Quando	O	O	O	O	
penso	O	O	O	O	
che	O	O	O	O	
anch	O	O	O	O	
'	O	O	O	O	
io	O	O	O	O	
dovrò	O	O	O	O	
,	O	O	O	O	
molto	O	O	O	O	
probabilmente	O	O	O	O	
,	O	O	O	O	
morire	O	O	O	O	
...	O	O	O	O	
Ah	O	O	O	O	
,	O	O	O	O	
no	O	O	O	O	
,	O	O	O	O	
signore	B-PER	O	O	O	
!	O	O	O	O	

E	O	O	O	O	
lei	O	O	O	O	
ride	O	O	O	O	
?	O	O	O	O	

...	O	O	O	O	
--	O	O	O	O	
Sorrido	O	O	O	O	
,	O	O	O	O	
signora	B-PER	O	O	O	
.	O	O	O	O	

--	O	O	O	O	
Agli	O	O	O	O	
Stati	B-GPE	O	O	O	
Uniti	I-GPE	O	O	O	
--	O	O	O	O	
disse	O	O	O	O	
la	B-PER	O	O	O	
signora	I-PER	O	O	O	
--	O	O	O	O	
i	B-PER	O	O	O	
medici	I-PER	O	O	O	
vietano	O	O	O	O	
assolutamente	O	O	O	O	
di	O	O	O	O	
pensare	O	O	O	O	
a	O	O	O	O	
morte	O	O	O	O	
,	O	O	O	O	
a	O	O	O	O	
disgrazie	O	O	O	O	
,	O	O	O	O	
a	O	O	O	O	
malattie	O	O	O	O	
;	O	O	O	O	
ma	O	O	O	O	
assolutamente	O	O	O	O	
.	O	O	O	O	

Ecco	O	O	O	O	
perchè	O	O	O	O	
le	B-PER	O	O	O	
Americane	I-PER	O	O	O	
sono	O	O	O	O	
sempre	O	O	O	O	
belle	O	O	O	O	
,	O	O	O	O	
allegre	O	O	O	O	
,	O	O	O	O	
piene	O	O	O	O	
di	O	O	O	O	
vitalità	O	O	O	O	
.	O	O	O	O	

--	O	O	O	O	
E	O	O	O	O	
invecchiare	O	O	O	O	
,	O	O	O	O	
signora	B-PER	O	O	O	
,	O	O	O	O	
è	O	O	O	O	
anche	O	O	O	O	
questo	O	O	O	O	
un	O	O	O	O	
pensiero	O	O	O	O	
che	O	O	O	O	
la	O	O	O	O	
turba	O	O	O	O	
?	O	O	O	O	

--	O	O	O	O	
domandò	O	O	O	O	
ancora	O	O	O	O	
il	B-PER	O	O	O	
dottore	I-PER	O	O	O	
,	O	O	O	O	
senza	O	O	O	O	
tener	O	O	O	O	
conto	O	O	O	O	
dell	O	O	O	O	
'	O	O	O	O	
America	B-GPE	O	O	O	
.	O	O	O	O	

Un	O	O	O	O	
fremito	O	O	O	O	
scosse	O	O	O	O	
la	B-PER	O	O	O	
signora	I-PER	O	O	O	
:	O	O	O	O	
--	O	O	O	O	
Mi	O	O	O	O	
pare	O	O	O	O	
impossibile	O	O	O	O	
di	O	O	O	O	
dovere	O	O	O	O	
invecchiare	O	O	O	O	
!	O	O	O	O	

Ogni	O	O	O	O	
sera	O	O	O	O	
,	O	O	O	O	
a	O	O	O	O	
letto	O	O	O	O	
,	O	O	O	O	
mi	O	O	O	O	
viene	O	O	O	O	
questo	O	O	O	O	
pensiero	O	O	O	O	
;	O	O	O	O	
ed	O	O	O	O	
allora	O	O	O	O	
il	O	O	O	O	
cuore	O	O	O	O	
comincia	O	O	O	O	
a	O	O	O	O	
precipitare	O	O	O	O	
.	O	O	O	O	

Faccio	O	O	O	O	
la	O	O	O	O	
luce	O	O	O	O	
:	O	O	O	O	
prego	O	O	O	O	
,	O	O	O	O	
--	O	O	O	O	
noti	O	O	O	O	
bene	O	O	O	O	
,	O	O	O	O	
prego	O	O	O	O	
--	O	O	O	O	
mio	B-PER	O	O	O	
marito	I-PER	O	O	O	
di	O	O	O	O	
sentirmi	O	O	O	O	
il	O	O	O	O	
cuore	O	O	O	O	
.	O	O	O	O	

Si	O	O	O	O	
rifiuta	O	O	O	O	
!	O	O	O	O	

Un	O	O	O	O	
brutale	O	O	O	O	
,	O	O	O	O	
mio	B-PER	O	O	O	
marito	I-PER	O	O	O	
!	O	O	O	O	

--	O	O	O	O	
I	B-PER	O	O	O	
mariti	I-PER	O	O	O	
sono	O	O	O	O	
quasi	O	O	O	O	
sempre	O	O	O	O	
brutali	O	O	O	O	
--	O	O	O	O	
sentenziò	O	O	O	O	
gravemente	O	O	O	O	
il	B-PER	O	O	O	
dottore	I-PER	O	O	O	
.	O	O	O	O	

--	O	O	O	O	
Ah	O	O	O	O	
,	O	O	O	O	
ecco	O	O	O	O	
un	B-PER	O	O	O	
medico	I-PER	O	O	O	
che	O	O	O	O	
capisce	O	O	O	O	
!	O	O	O	O	

--	O	O	O	O	
esclamò	O	O	O	O	
la	B-PER	O	O	O	
signora	I-PER	O	O	O	
.	O	O	O	O	

--	O	O	O	O	
Lei	O	O	O	O	
,	O	O	O	O	
invece	O	O	O	O	
--	O	O	O	O	
proseguì	O	O	O	O	
il	B-PER	O	O	O	
dottore	I-PER	O	O	O	
--	O	O	O	O	
è	O	O	O	O	
di	O	O	O	O	
indole	O	O	O	O	
dolce	O	O	O	O	
,	O	O	O	O	
amabile	O	O	O	O	
,	O	O	O	O	
ma	O	O	O	O	
ha	O	O	O	O	
la	O	O	O	O	
sua	O	O	O	O	
personalità	O	O	O	O	
...	O	O	O	O	
--	O	O	O	O	
Il	O	O	O	O	
mio	O	O	O	O	
io	O	O	O	O	
...	O	O	O	O	
Certamente	O	O	O	O	
!	O	O	O	O	

--	O	O	O	O	
Ella	O	O	O	O	
vede	O	O	O	O	
,	O	O	O	O	
per	O	O	O	O	
esempio	O	O	O	O	
,	O	O	O	O	
suo	B-PER	O	O	O	
marito	I-PER	O	O	O	
che	O	O	O	O	
divora	O	O	O	O	
beato	O	O	O	O	
una	O	O	O	O	
bistecca	O	O	O	O	
,	O	O	O	O	
mentre	O	O	O	O	
lei	O	O	O	O	
non	O	O	O	O	
può	O	O	O	O	
digerire	O	O	O	O	
,	O	O	O	O	
e	O	O	O	O	
allora	O	O	O	O	
in	O	O	O	O	
un	O	O	O	O	
impeto	O	O	O	O	
di	O	O	O	O	
giustificabile	O	O	O	O	
rivolta	O	O	O	O	
,	O	O	O	O	
scaglia	O	O	O	O	
la	O	O	O	O	
tovaglia	O	O	O	O	
per	O	O	O	O	
terra	O	O	O	O	
...	O	O	O	O	
--	O	O	O	O	
Come	O	O	O	O	
fa	O	O	O	O	
a	O	O	O	O	
saperlo	O	O	O	O	
?	O	O	O	O	

--	O	O	O	O	
Il	O	O	O	O	
suo	O	O	O	O	
male	O	O	O	O	
,	O	O	O	O	
signora	B-PER	O	O	O	
--	O	O	O	O	
disse	O	O	O	O	
blandamente	O	O	O	O	
il	B-PER	O	O	O	
dottore	I-PER	O	O	O	
,	O	O	O	O	
e	O	O	O	O	
proseguì	O	O	O	O	
:	O	O	O	O	
--	O	O	O	O	
Lei	O	O	O	O	
deve	O	O	O	O	
possedere	O	O	O	O	
una	O	O	O	O	
memoria	O	O	O	O	
di	O	O	O	O	
ferro	O	O	O	O	
e	O	O	O	O	
quindi	O	O	O	O	
deve	O	O	O	O	
ricordare	O	O	O	O	
,	O	O	O	O	
enumerare	O	O	O	O	
tutti	O	O	O	O	
i	O	O	O	O	
torti	O	O	O	O	
di	O	O	O	O	
suo	B-PER	O	O	O	
marito	I-PER	O	O	O	
.	O	O	O	O	

Questo	O	O	O	O	
elenco	O	O	O	O	
,	O	O	O	O	
fatto	O	O	O	O	
quasi	O	O	O	O	
ogni	O	O	O	O	
giorno	O	O	O	O	
,	O	O	O	O	
supponiamo	O	O	O	O	
,	O	O	O	O	
porta	O	O	O	O	
all	O	O	O	O	
'	O	O	O	O	
autosuggestione	O	O	O	O	
,	O	O	O	O	
all	O	O	O	O	
'	O	O	O	O	
esacerbazione	O	O	O	O	
della	O	O	O	O	
voce	O	O	O	O	
,	O	O	O	O	
agli	O	O	O	O	
atti	O	O	O	O	
--	O	O	O	O	
diremo	O	O	O	O	
così	O	O	O	O	
--	O	O	O	O	
incoscienti	O	O	O	O	
.	O	O	O	O	

Poi	O	O	O	O	
segue	O	O	O	O	
un	O	O	O	O	
abbattimento	O	O	O	O	
,	O	O	O	O	
nausee	O	O	O	O	
,	O	O	O	O	
palpiti	O	O	O	O	
,	O	O	O	O	
cefalee	O	O	O	O	
...	O	O	O	O	
--	O	O	O	O	
Ah	O	O	O	O	
,	O	O	O	O	
sì	O	O	O	O	
,	O	O	O	O	
mio	B-PER	O	O	O	
marito	I-PER	O	O	O	
è	O	O	O	O	
la	O	O	O	O	
causa	O	O	O	O	
di	O	O	O	O	
tutto	O	O	O	O	
!	O	O	O	O	

--	O	O	O	O	
esclamò	O	O	O	O	
la	B-PER	O	O	O	
signora	I-PER	O	O	O	
.	O	O	O	O	

--	O	O	O	O	
Oh	O	O	O	O	
,	O	O	O	O	
come	O	O	O	O	
capisce	O	O	O	O	
,	O	O	O	O	
dottore	B-PER	O	O	O	
!	O	O	O	O	

Ecco	O	O	O	O	
,	O	O	O	O	
bisognerebbe	O	O	O	O	
che	O	O	O	O	
lui	O	O	O	O	
si	O	O	O	O	
sopprimesse	O	O	O	O	
.	O	O	O	O	

--	O	O	O	O	
È	O	O	O	O	
un	O	O	O	O	
consiglio	O	O	O	O	
che	O	O	O	O	
non	O	O	O	O	
so	O	O	O	O	
se	O	O	O	O	
vorrà	O	O	O	O	
accettare	O	O	O	O	
,	O	O	O	O	
ed	O	O	O	O	
intanto	O	O	O	O	
veda	O	O	O	O	
,	O	O	O	O	
osservi	O	O	O	O	
gli	O	O	O	O	
effetti	O	O	O	O	
di	O	O	O	O	
questa	O	O	O	O	
iperestesia	O	O	O	O	
del	O	O	O	O	
suo	O	O	O	O	
io	O	O	O	O	
subcosciente	O	O	O	O	
.	O	O	O	O	

--	O	O	O	O	
Ha	O	O	O	O	
detto	O	O	O	O	
?	O	O	O	O	

...	O	O	O	O	
--	O	O	O	O	
Oh	O	O	O	O	
,	O	O	O	O	
non	O	O	O	O	
importa	O	O	O	O	
che	O	O	O	O	
lei	O	O	O	O	
impari	O	O	O	O	
il	O	O	O	O	
nome	O	O	O	O	
!	O	O	O	O	

Osservi	O	O	O	O	
gli	O	O	O	O	
effetti	O	O	O	O	
!	O	O	O	O	

La	O	O	O	O	
pupilla	O	O	O	O	
ha	O	O	O	O	
già	O	O	O	O	
acquistato	O	O	O	O	
una	O	O	O	O	
disposizione	O	O	O	O	
strabica	O	O	O	O	
;	O	O	O	O	
le	O	O	O	O	
corde	O	O	O	O	
laringee	O	O	O	O	
per	O	O	O	O	
lo	O	O	O	O	
sforzo	O	O	O	O	
abnorme	O	O	O	O	
della	O	O	O	O	
voce	O	O	O	O	
,	O	O	O	O	
stanno	O	O	O	O	
producendo	O	O	O	O	
le	O	O	O	O	
matasse	O	O	O	O	
del	O	O	O	O	
collo	O	O	O	O	
;	O	O	O	O	
il	O	O	O	O	
quinto	O	O	O	O	
paio	O	O	O	O	
nervoso	O	O	O	O	
stira	O	O	O	O	
le	O	O	O	O	
labbra	O	O	O	O	
fuori	O	O	O	O	
della	O	O	O	O	
linea	O	O	O	O	
normale	O	O	O	O	
e	O	O	O	O	
produce	O	O	O	O	
le	O	O	O	O	
così	O	O	O	O	
dette	O	O	O	O	
rughe	O	O	O	O	
;	O	O	O	O	
la	O	O	O	O	
digestione	O	O	O	O	
,	O	O	O	O	
resa	O	O	O	O	
impossibile	O	O	O	O	
,	O	O	O	O	
genera	O	O	O	O	
macchie	O	O	O	O	
,	O	O	O	O	
acni	O	O	O	O	
,	O	O	O	O	
rossori	O	O	O	O	
.	O	O	O	O	

--	O	O	O	O	
Orribile	O	O	O	O	
!	O	O	O	O	

Ma	O	O	O	O	
quale	O	O	O	O	
il	O	O	O	O	
rimedio	O	O	O	O	
?	O	O	O	O	

--	O	O	O	O	
La	O	O	O	O	
calma	O	O	O	O	
assoluta	O	O	O	O	
e	O	O	O	O	
perciò	O	O	O	O	
il	O	O	O	O	
silenzio	O	O	O	O	
,	O	O	O	O	
signora	B-PER	O	O	O	
.	O	O	O	O	

L	O	O	O	O	
'	O	O	O	O	
assoluto	O	O	O	O	
silenzio	O	O	O	O	
.	O	O	O	O	

--	O	O	O	O	
Allora	O	O	O	O	
,	O	O	O	O	
abolito	O	O	O	O	
l	O	O	O	O	
'	O	O	O	O	
io	O	O	O	O	
,	O	O	O	O	
la	O	O	O	O	
personalità	O	O	O	O	
,	O	O	O	O	
la	O	O	O	O	
volontà	O	O	O	O	
,	O	O	O	O	
la	O	O	O	O	
libertà	O	O	O	O	
,	O	O	O	O	
tutto	O	O	O	O	
...	O	O	O	O	
In	O	O	O	O	
politica	O	O	O	O	
,	O	O	O	O	
in	O	O	O	O	
morale	O	O	O	O	
,	O	O	O	O	
in	O	O	O	O	
arte	O	O	O	O	
,	O	O	O	O	
nell	O	O	O	O	
'	O	O	O	O	
economia	O	O	O	O	
della	O	O	O	O	
casa	B-FAC	O	O	O	
non	O	O	O	O	
dovrò	O	O	O	O	
più	O	O	O	O	
avere	O	O	O	O	
le	O	O	O	O	
mie	O	O	O	O	
idee	O	O	O	O	
?	O	O	O	O	

--	O	O	O	O	
Sì	O	O	O	O	
,	O	O	O	O	
signora	B-PER	O	O	O	
.	O	O	O	O	

Ma	O	O	O	O	
noi	O	O	O	O	
ne	O	O	O	O	
modifichiamo	O	O	O	O	
semplicemente	O	O	O	O	
le	O	O	O	O	
manifestazioni	O	O	O	O	
.	O	O	O	O	

Per	O	O	O	O	
esempio	O	O	O	O	
,	O	O	O	O	
invece	O	O	O	O	
di	O	O	O	O	
dire	O	O	O	O	
:	O	O	O	O	
Il	O	O	O	O	
giornale	O	O	O	O	
!	O	O	O	O	

il	O	O	O	O	
giornale	O	O	O	O	
!	O	O	O	O	

il	O	O	O	O	
giornale	O	O	O	O	
!	O	O	O	O	

lei	O	O	O	O	
dice	O	O	O	O	
:	O	O	O	O	
Favorisci	O	O	O	O	
il	O	O	O	O	
giornale	O	O	O	O	
?	O	O	O	O	

Invece	O	O	O	O	
di	O	O	O	O	
ricordare	O	O	O	O	
i	O	O	O	O	
torti	O	O	O	O	
passati	O	O	O	O	
di	O	O	O	O	
suo	B-PER	O	O	O	
marito	I-PER	O	O	O	
,	O	O	O	O	
lei	O	O	O	O	
ricorda	O	O	O	O	
soltanto	O	O	O	O	
i	O	O	O	O	
torti	O	O	O	O	
presenti	O	O	O	O	
.	O	O	O	O	

Anzi	O	O	O	O	
,	O	O	O	O	
faccia	O	O	O	O	
di	O	O	O	O	
meglio	O	O	O	O	
:	O	O	O	O	
glieli	O	O	O	O	
presenti	O	O	O	O	
in	O	O	O	O	
iscritto	O	O	O	O	
.	O	O	O	O	

Invece	O	O	O	O	
di	O	O	O	O	
dire	O	O	O	O	
:	O	O	O	O	
Voglio	O	O	O	O	
andare	O	O	O	O	
a	O	O	O	O	
teatro	B-FAC	O	O	O	
,	O	O	O	O	
lei	O	O	O	O	
dice	O	O	O	O	
:	O	O	O	O	
Avresti	O	O	O	O	
voglia	O	O	O	O	
questa	O	O	O	O	
sera	O	O	O	O	
,	O	O	O	O	
amico	B-PER	O	O	O	
mio	I-PER	O	O	O	
,	O	O	O	O	
di	O	O	O	O	
condurmi	O	O	O	O	
a	O	O	O	O	
teatro	B-FAC	O	O	O	
?	O	O	O	O	

--	O	O	O	O	
Anche	O	O	O	O	
amico	B-PER	O	O	O	
mio	I-PER	O	O	O	
?	O	O	O	O	

--	O	O	O	O	
Ma	O	O	O	O	
sì	O	O	O	O	
!	O	O	O	O	

Dopo	O	O	O	O	
tutto	O	O	O	O	
lo	O	O	O	O	
fa	O	O	O	O	
per	O	O	O	O	
la	O	O	O	O	
sua	O	O	O	O	
salute	O	O	O	O	
.	O	O	O	O	

Invece	O	O	O	O	
di	O	O	O	O	
domandare	O	O	O	O	
al	O	O	O	O	
cameriere	B-PER	O	O	O	
:	O	O	O	O	
C	O	O	O	O	
'	O	O	O	O	
è	O	O	O	O	
lui	O	O	O	O	
?	O	O	O	O	

lei	O	O	O	O	
domanda	O	O	O	O	
:	O	O	O	O	
Mio	B-PER	O	O	O	
marito	I-PER	O	O	O	
,	O	O	O	O	
oppure	O	O	O	O	
Giulio	B-PER	O	O	O	
,	O	O	O	O	
Jacopo	B-PER	O	O	O	
,	O	O	O	O	
come	O	O	O	O	
si	O	O	O	O	
chiama	O	O	O	O	
?	O	O	O	O	

--	O	O	O	O	
Marx	B-PER	O	O	O	
...	O	O	O	O	
pur	O	O	O	O	
troppo	O	O	O	O	
!	O	O	O	O	

--	O	O	O	O	
Ebbene	O	O	O	O	
,	O	O	O	O	
lei	O	O	O	O	
chiede	O	O	O	O	
:	O	O	O	O	
Marx	B-PER	O	O	O	
è	O	O	O	O	
in	O	O	O	O	
casa	B-FAC	O	O	O	
?	O	O	O	O	

Invece	O	O	O	O	
di	O	O	O	O	
dire	O	O	O	O	
:	O	O	O	O	
Ah	O	O	O	O	
,	O	O	O	O	
lo	O	O	O	O	
hanno	O	O	O	O	
impiccato	O	O	O	O	
quell	B-PER	O	O	O	
'	I-PER	O	O	O	
infame	I-PER	O	O	O	
di	I-PER	O	O	O	
...	I-PER	O	O	O	
Così	O	O	O	O	
dovrebbero	O	O	O	O	
fare	O	O	O	O	
anche	O	O	O	O	
di	O	O	O	O	
te	O	O	O	O	
!	O	O	O	O	

Lei	O	O	O	O	
si	O	O	O	O	
limita	O	O	O	O	
alla	O	O	O	O	
prima	O	O	O	O	
frase	O	O	O	O	
.	O	O	O	O	

Quanto	O	O	O	O	
alla	O	O	O	O	
politica	O	O	O	O	
,	O	O	O	O	
non	O	O	O	O	
se	O	O	O	O	
ne	O	O	O	O	
preoccupi	O	O	O	O	
.	O	O	O	O	

Io	O	O	O	O	
,	O	O	O	O	
per	O	O	O	O	
esempio	O	O	O	O	
,	O	O	O	O	
non	O	O	O	O	
me	O	O	O	O	
ne	O	O	O	O	
occupo	O	O	O	O	
affatto	O	O	O	O	
.	O	O	O	O	

--	O	O	O	O	
Allora	O	O	O	O	
tutta	O	O	O	O	
grazia	O	O	O	O	
,	O	O	O	O	
tutta	O	O	O	O	
gentilezza	O	O	O	O	
con	O	O	O	O	
un	O	O	O	O	
rospaccio	O	O	O	O	
,	O	O	O	O	
con	O	O	O	O	
un	O	O	O	O	
istrice	O	O	O	O	
,	O	O	O	O	
con	O	O	O	O	
un	O	O	O	O	
orso	O	O	O	O	
,	O	O	O	O	
un	B-PER	O	O	O	
villanaccio	I-PER	O	O	O	
di	O	O	O	O	
quella	O	O	O	O	
sorta	O	O	O	O	
.	O	O	O	O	

--	O	O	O	O	
Ecco	O	O	O	O	
,	O	O	O	O	
veda	O	O	O	O	
,	O	O	O	O	
troppe	O	O	O	O	
parole	O	O	O	O	
!	O	O	O	O	

rospetto	O	O	O	O	
,	O	O	O	O	
villanello	B-PER	O	O	O	
tutt	O	O	O	O	
'	O	O	O	O	
al	O	O	O	O	
più	O	O	O	O	
.	O	O	O	O	

Si	O	O	O	O	
guardi	O	O	O	O	
come	O	O	O	O	
subito	O	O	O	O	
le	O	O	O	O	
rughe	O	O	O	O	
tirano	O	O	O	O	
in	O	O	O	O	
giù	O	O	O	O	
il	O	O	O	O	
labbro	O	O	O	O	
.	O	O	O	O	

Che	O	O	O	O	
cosa	O	O	O	O	
è	O	O	O	O	
la	O	O	O	O	
vecchiezza	O	O	O	O	
?	O	O	O	O	

Sono	O	O	O	O	
gli	O	O	O	O	
anni	O	O	O	O	
?	O	O	O	O	

Mai	O	O	O	O	
più	O	O	O	O	
!	O	O	O	O	

Sono	O	O	O	O	
i	O	O	O	O	
nervi	O	O	O	O	
che	O	O	O	O	
subiscono	O	O	O	O	
una	O	O	O	O	
lenta	O	O	O	O	
,	O	O	O	O	
irreparabile	O	O	O	O	
alterazione	O	O	O	O	
.	O	O	O	O	

--	O	O	O	O	
Allora	O	O	O	O	
io	O	O	O	O	
dovrò	O	O	O	O	
essere	O	O	O	O	
una	B-PER	O	O	O	
moglie	I-PER	O	O	O	
come	I-PER	O	O	O	
una	I-PER	O	O	O	
di	I-PER	O	O	O	
quelle	I-PER	O	O	O	
che	I-PER	O	O	O	
esistevano	I-PER	O	O	O	
prima	I-PER	O	O	O	
della	I-PER	O	O	O	
proclamazione	I-PER	O	O	O	
dei	I-PER	O	O	O	
diritti	I-PER	O	O	O	
della	I-PER	O	O	O	
donna	I-PER	O	O	O	
?	O	O	O	O	

--	O	O	O	O	
Ecco	O	O	O	O	
,	O	O	O	O	
lei	O	O	O	O	
provi	O	O	O	O	
:	O	O	O	O	
e	O	O	O	O	
pensi	O	O	O	O	
che	O	O	O	O	
lo	O	O	O	O	
fa	O	O	O	O	
per	O	O	O	O	
suo	O	O	O	O	
bene	O	O	O	O	
e	O	O	O	O	
non	O	O	O	O	
per	O	O	O	O	
riguardo	O	O	O	O	
al	O	O	O	O	
marito	B-PER	O	O	O	
:	O	O	O	O	
ma	O	O	O	O	
silenzio	O	O	O	O	
,	O	O	O	O	
assoluto	O	O	O	O	
silenzio	O	O	O	O	
.	O	O	O	O	

E	O	O	O	O	
come	O	O	O	O	
cura	O	O	O	O	
,	O	O	O	O	
moto	O	O	O	O	
,	O	O	O	O	
aria	O	O	O	O	
aperta	O	O	O	O	
,	O	O	O	O	
passeggiate	O	O	O	O	
in	O	O	O	O	
campagna	B-LOC	O	O	O	
,	O	O	O	O	
alla	O	O	O	O	
buona	O	O	O	O	
.	O	O	O	O	

Lei	O	O	O	O	
dice	O	O	O	O	
:	O	O	O	O	
Marx	B-PER	O	O	O	
,	O	O	O	O	
mi	O	O	O	O	
conduci	O	O	O	O	
a	O	O	O	O	
spasso	O	O	O	O	
?	O	O	O	O	

--	O	O	O	O	
Ma	O	O	O	O	
se	O	O	O	O	
non	O	O	O	O	
è	O	O	O	O	
buono	O	O	O	O	
di	O	O	O	O	
cogliere	O	O	O	O	
un	O	O	O	O	
fiore	O	O	O	O	
,	O	O	O	O	
di	O	O	O	O	
aiutare	O	O	O	O	
a	O	O	O	O	
passare	O	O	O	O	
un	B-LOC	O	O	O	
fosso	I-LOC	O	O	O	
...	O	O	O	O	
--	O	O	O	O	
Glielo	O	O	O	O	
insegni	O	O	O	O	
,	O	O	O	O	
signora	B-PER	O	O	O	
.	O	O	O	O	

La	B-PER	O	O	O	
donna	I-PER	O	O	O	
in	O	O	O	O	
queste	O	O	O	O	
cose	O	O	O	O	
è	O	O	O	O	
nata	O	O	O	O	
maestra	B-PER	O	O	O	
.	O	O	O	O	

Sommessamente	O	O	O	O	
intanto	O	O	O	O	
il	O	B-PER	O	O	
paggetto	O	I-PER	O	O	
dell	O	I-PER	O	O	
'	O	I-PER	O	O	
hôtel	B-FAC	I-PER	O	O	
aveva	O	O	O	O	
avvertito	O	O	O	O	
che	O	O	O	O	
l	B-VEH	O	O	O	
'	I-VEH	O	O	O	
automobile	I-VEH	O	O	O	
era	O	O	O	O	
pronta	O	O	O	O	
.	O	O	O	O	

Pian	O	O	O	O	
piano	O	O	O	O	
,	O	O	O	O	
garbatamente	O	O	O	O	
,	O	O	O	O	
giù	O	O	O	O	
per	O	O	O	O	
le	O	O	O	O	
belle	O	O	O	O	
scale	O	O	O	O	
di	O	O	O	O	
marmo	O	O	O	O	
,	O	O	O	O	
l	B-PER	O	O	O	
'	I-PER	O	O	O	
illustre	I-PER	O	O	O	
dottore	I-PER	O	O	O	
accompagnò	O	O	O	O	
la	B-PER	O	O	O	
signora	I-PER	O	O	O	
sino	O	O	O	O	
al	O	O	O	O	
vestibolo	B-FAC	O	O	O	
,	O	O	O	O	
assicurando	O	O	O	O	
la	O	O	O	O	
più	O	O	O	O	
completa	O	O	O	O	
guarigione	O	O	O	O	
.	O	O	O	O	

Fuori	O	O	O	O	
rombava	O	O	O	O	
l	B-VEH	O	O	O	
'	I-VEH	O	O	O	
automobile	I-VEH	O	O	O	
.	O	O	O	O	

La	B-PER	O	O	O	
signora	I-PER	O	O	O	
estrasse	O	O	O	O	
la	O	O	O	O	
busta	O	O	O	O	
col	O	O	O	O	
denaro	O	O	O	O	
.	O	O	O	O	

--	O	O	O	O	
Sì	O	O	O	O	
,	O	O	O	O	
va	O	O	O	O	
bene	O	O	O	O	
--	O	O	O	O	
disse	O	O	O	O	
il	B-PER	O	O	O	
dottore	I-PER	O	O	O	
--	O	O	O	O	
ma	O	O	O	O	
faremo	O	O	O	O	
tutto	O	O	O	O	
un	O	O	O	O	
conto	O	O	O	O	
.	O	O	O	O	

Io	O	O	O	O	
devo	O	O	O	O	
ripassare	O	O	O	O	
fra	O	O	O	O	
un	O	O	O	O	
mese	O	O	O	O	
;	O	O	O	O	
e	O	O	O	O	
respinse	O	O	O	O	
la	O	O	O	O	
busta	O	O	O	O	
con	O	O	O	O	
gesto	O	O	O	O	
che	O	O	O	O	
non	O	O	O	O	
ammetteva	O	O	O	O	
replica	O	O	O	O	
.	O	O	O	O	

Alla	O	O	O	O	
stazione	B-FAC	O	O	O	
,	O	O	O	O	
sotto	O	O	O	O	
la	O	O	O	O	
tettoia	O	O	O	O	
,	O	O	O	O	
era	O	O	O	O	
un	O	O	O	O	
grigio	O	O	O	O	
che	O	O	O	O	
mal	O	O	O	O	
si	O	O	O	O	
vedeva	O	O	O	O	
d	O	O	O	O	
'	O	O	O	O	
intorno	O	O	O	O	
:	O	O	O	O	
le	B-VEH	O	O	O	
macchine	I-VEH	O	O	O	
vi	O	O	O	O	
immettevano	O	O	O	O	
getti	O	O	O	O	
di	O	O	O	O	
fumo	O	O	O	O	
come	O	O	O	O	
nell	O	O	O	O	
'	O	O	O	O	
ultimo	O	O	O	O	
atto	O	O	O	O	
della	O	O	O	O	
Valchiria	O	O	O	O	
.	O	O	O	O	

Il	B-PER	O	O	O	
dottore	I-PER	O	O	O	
,	O	O	O	O	
in	O	O	O	O	
piedi	O	O	O	O	
,	O	O	O	O	
presso	O	O	O	O	
il	O	O	O	O	
montatoio	O	O	O	O	
di	O	O	O	O	
una	B-VEH	O	O	O	
vettura	I-VEH	O	O	O	
a	I-VEH	O	O	O	
letto	I-VEH	O	O	O	
,	O	O	O	O	
pareva	O	O	O	O	
in	O	O	O	O	
attesa	O	O	O	O	
di	O	O	O	O	
qualcuno	B-PER	O	O	O	
.	O	O	O	O	

Un	B-PER	O	O	O	
uomo	I-PER	O	O	O	
si	O	O	O	O	
precipitò	O	O	O	O	
.	O	O	O	O	

--	O	O	O	O	
Ebbene	O	O	O	O	
?	O	O	O	O	

--	O	O	O	O	
Niente	O	O	O	O	
di	O	O	O	O	
grave	O	O	O	O	
,	O	O	O	O	
caro	O	O	O	O	
Giraldi	B-PER	O	O	O	
;	O	O	O	O	
vizio	O	O	O	O	
organico	O	O	O	O	
nessuno	O	O	O	O	
:	O	O	O	O	
si	O	O	O	O	
tratta	O	O	O	O	
di	O	O	O	O	
difetti	O	O	O	O	
funzionali	O	O	O	O	
dovuti	O	O	O	O	
a	O	O	O	O	
forme	O	O	O	O	
isteriche	O	O	O	O	
,	O	O	O	O	
tipiche	O	O	O	O	
,	O	O	O	O	
ma	O	O	O	O	
di	O	O	O	O	
cui	O	O	O	O	
io	O	O	O	O	
ne	O	O	O	O	
so	O	O	O	O	
quanto	O	O	O	O	
te	O	O	O	O	
.	O	O	O	O	

Bada	O	O	O	O	
però	O	O	O	O	
che	O	O	O	O	
il	O	O	O	O	
non	O	O	O	O	
sapere	O	O	O	O	
o	O	O	O	O	
il	O	O	O	O	
non	O	O	O	O	
trovare	O	O	O	O	
noi	O	O	O	O	
,	O	O	O	O	
così	O	O	O	O	
detti	O	O	O	O	
scienziati	B-PER	O	O	O	
,	O	O	O	O	
la	O	O	O	O	
causa	O	O	O	O	
del	O	O	O	O	
male	O	O	O	O	
,	O	O	O	O	
non	O	O	O	O	
vuol	O	O	O	O	
dire	O	O	O	O	
esclusione	O	O	O	O	
del	O	O	O	O	
male	O	O	O	O	
:	O	O	O	O	
il	O	O	O	O	
male	O	O	O	O	
esiste	O	O	O	O	
,	O	O	O	O	
ricordatene	O	O	O	O	
!	O	O	O	O	

--	O	O	O	O	
Allora	O	O	O	O	
i	B-PER	O	O	O	
più	I-PER	O	O	O	
grandi	I-PER	O	O	O	
oratori	I-PER	O	O	O	
--	O	O	O	O	
disse	O	O	O	O	
il	O	O	O	O	
signor	B-PER	O	O	O	
Giraldi	I-PER	O	O	O	
--	O	O	O	O	
devono	O	O	O	O	
essere	O	O	O	O	
stati	O	O	O	O	
tutti	B-PER	O	O	O	
degli	O	O	O	O	
isterici	B-PER	O	O	O	
perchè	O	O	O	O	
l	O	O	O	O	
'	O	O	O	O	
eloquenza	O	O	O	O	
di	O	O	O	O	
mia	B-PER	O	O	O	
moglie	I-PER	O	O	O	
è	O	O	O	O	
senza	O	O	O	O	
limiti	O	O	O	O	
.	O	O	O	O	

--	O	O	O	O	
Lascia	O	O	O	O	
le	O	O	O	O	
facezie	O	O	O	O	
:	O	O	O	O	
anzi	O	O	O	O	
abolisci	O	O	O	O	
assolutamente	O	O	O	O	
con	O	O	O	O	
tua	B-PER	O	O	O	
moglie	I-PER	O	O	O	
ogni	O	O	O	O	
genere	O	O	O	O	
di	O	O	O	O	
facezia	O	O	O	O	
,	O	O	O	O	
di	O	O	O	O	
ironia	O	O	O	O	
,	O	O	O	O	
sopra	O	O	O	O	
tutto	O	O	O	O	
abolisci	O	O	O	O	
il	O	O	O	O	
silenzio	O	O	O	O	
;	O	O	O	O	
parlale	O	O	O	O	
molto	O	O	O	O	
,	O	O	O	O	
molto	O	O	O	O	
,	O	O	O	O	
di	O	O	O	O	
molte	O	O	O	O	
cose	O	O	O	O	
buone	O	O	O	O	
ed	O	O	O	O	
allegre	O	O	O	O	
.	O	O	O	O	

