Carissima	O	O	O	O	
Contessa	B-PER	O	O	O	
,	O	O	O	O	
Ella	O	O	O	O	
ha	O	O	O	O	
riassunto	O	O	O	O	
in	O	O	O	O	
un	O	O	O	O	
quadro	O	O	O	O	
di	O	O	O	O	
fortissime	O	O	O	O	
tinte	O	O	O	O	
quelle	O	O	O	O	
quattro	O	O	O	O	
idee	O	O	O	O	
che	O	O	O	O	
io	O	O	O	O	
sono	O	O	O	O	
venuto	O	O	O	O	
enunziando	O	O	O	O	
.	O	O	O	O	

Pare	O	O	O	O	
dunque	O	O	O	O	
che	O	O	O	O	
Schopenhauer	B-PER	O	O	O	
possa	O	O	O	O	
andare	O	O	O	O	
a	O	O	O	O	
riporsi	O	O	O	O	
,	O	O	O	O	
giacchè	O	O	O	O	
il	B-PER	O	O	O	
celebre	I-PER	O	O	O	
filosofo	I-PER	O	O	O	
misogino	I-PER	O	O	O	
è	O	O	O	O	
stato	O	O	O	O	
di	O	O	O	O	
tanto	O	O	O	O	
avanzato	O	O	O	O	
,	O	O	O	O	
che	O	O	O	O	
si	O	O	O	O	
può	O	O	O	O	
,	O	O	O	O	
anzi	O	O	O	O	
si	O	O	O	O	
deve	O	O	O	O	
oramai	O	O	O	O	
considerare	O	O	O	O	
come	O	O	O	O	
la	O	O	O	O	
stessa	O	O	O	O	
galanteria	O	O	O	O	
,	O	O	O	O	
come	O	O	O	O	
la	B-ORG	O	O	O	
cavalleria	I-ORG	O	O	O	
personificata	O	O	O	O	
!	O	O	O	O	

...	O	O	O	O	
Infatti	O	O	O	O	
:	O	O	O	O	
le	B-PER	O	O	O	
donne	I-PER	O	O	O	
prima	O	O	O	O	
di	O	O	O	O	
tutto	O	O	O	O	
non	O	O	O	O	
amano	O	O	O	O	
con	O	O	O	O	
tanta	O	O	O	O	
anima	O	O	O	O	
con	O	O	O	O	
quanta	O	O	O	O	
gli	B-PER	O	O	O	
uomini	I-PER	O	O	O	
;	O	O	O	O	
ma	O	O	O	O	
viceversa	O	O	O	O	
sono	O	O	O	O	
anch	O	O	O	O	
'	O	O	O	O	
esse	O	O	O	O	
,	O	O	O	O	
all	O	O	O	O	
'	O	O	O	O	
occorrenza	O	O	O	O	
,	O	O	O	O	
sensuali	O	O	O	O	
e	O	O	O	O	
libertine	O	O	O	O	
.	O	O	O	O	

Ciò	O	O	O	O	
che	O	O	O	O	
cercano	O	O	O	O	
,	O	O	O	O	
negli	O	O	O	O	
uomini	B-PER	O	O	O	
da	I-PER	O	O	O	
amare	I-PER	O	O	O	
,	O	O	O	O	
non	O	O	O	O	
è	O	O	O	O	
la	O	O	O	O	
morale	O	O	O	O	
altitudine	O	O	O	O	
,	O	O	O	O	
ma	O	O	O	O	
semplicemente	O	O	O	O	
la	O	O	O	O	
bellezza	O	O	O	O	
tutta	O	O	O	O	
materiale	O	O	O	O	
.	O	O	O	O	

Esse	O	O	O	O	
sono	O	O	O	O	
,	O	O	O	O	
nei	O	O	O	O	
loro	O	O	O	O	
amori	O	O	O	O	
,	O	O	O	O	
venali	O	O	O	O	
,	O	O	O	O	
e	O	O	O	O	
spingono	O	O	O	O	
la	O	O	O	O	
venalità	O	O	O	O	
fino	O	O	O	O	
a	O	O	O	O	
reclamare	O	O	O	O	
ciò	O	O	O	O	
che	O	O	O	O	
loro	O	O	O	O	
viene	O	O	O	O	
.	O	O	O	O	

Tra	O	O	O	O	
quelle	B-PER	O	O	O	
che	I-PER	O	O	O	
si	I-PER	O	O	O	
fanno	I-PER	O	O	O	
pagare	I-PER	O	O	O	
per	I-PER	O	O	O	
vivere	I-PER	O	O	O	
e	O	O	O	O	
le	B-PER	O	O	O	
altre	I-PER	O	O	O	
che	I-PER	O	O	O	
esigono	I-PER	O	O	O	
il	I-PER	O	O	O	
prezzo	I-PER	O	O	O	
come	I-PER	O	O	O	
segno	I-PER	O	O	O	
del	I-PER	O	O	O	
loro	I-PER	O	O	O	
valore	I-PER	O	O	O	
non	O	O	O	O	
c	O	O	O	O	
'	O	O	O	O	
è	O	O	O	O	
differenza	O	O	O	O	
di	O	O	O	O	
sorta	O	O	O	O	
...	O	O	O	O	
Sia	O	O	O	O	
lodata	O	O	O	O	
la	O	O	O	O	
sincerità	O	O	O	O	
!	O	O	O	O	

...	O	O	O	O	
ella	O	O	O	O	
esclama	O	O	O	O	
Bene	O	O	O	O	
,	O	O	O	O	
benissimo	O	O	O	O	
!	O	O	O	O	

...	O	O	O	O	
Avete	O	O	O	O	
finito	O	O	O	O	
?	O	O	O	O	

C	O	O	O	O	
'	O	O	O	O	
è	O	O	O	O	
ancora	O	O	O	O	
dell	O	O	O	O	
'	O	O	O	O	
altro	O	O	O	O	
?	O	O	O	O	

Mi	O	O	O	O	
pare	O	O	O	O	
,	O	O	O	O	
veramente	O	O	O	O	
,	O	O	O	O	
difficile	O	O	O	O	
.	O	O	O	O	

Credo	O	O	O	O	
che	O	O	O	O	
oramai	O	O	O	O	
avete	O	O	O	O	
vuotato	O	O	O	O	
il	O	O	O	O	
sacco	O	O	O	O	
.	O	O	O	O	

Sapevo	O	O	O	O	
,	O	O	O	O	
perchè	O	O	O	O	
me	O	O	O	O	
l	O	O	O	O	
'	O	O	O	O	
avete	O	O	O	O	
molte	O	O	O	O	
volte	O	O	O	O	
ricantato	O	O	O	O	
,	O	O	O	O	
che	O	O	O	O	
uomini	B-PER	O	O	O	
e	I-PER	O	O	O	
donne	I-PER	O	O	O	
non	O	O	O	O	
possono	O	O	O	O	
intendersi	O	O	O	O	
e	O	O	O	O	
che	O	O	O	O	
s	O	O	O	O	
'	O	O	O	O	
accusano	O	O	O	O	
a	O	O	O	O	
vicenda	O	O	O	O	
e	O	O	O	O	
che	O	O	O	O	
stanno	O	O	O	O	
insieme	O	O	O	O	
come	O	O	O	O	
gatti	O	O	O	O	
e	O	O	O	O	
cani	O	O	O	O	
,	O	O	O	O	
ad	O	O	O	O	
eccezione	O	O	O	O	
di	O	O	O	O	
quei	O	O	O	O	
rari	O	O	O	O	
momenti	O	O	O	O	
quando	O	O	O	O	
stanno	O	O	O	O	
come	O	O	O	O	
gatti	O	O	O	O	
e	O	O	O	O	
gatte	O	O	O	O	
...	O	O	O	O	
Ma	O	O	O	O	
non	O	O	O	O	
imaginavo	O	O	O	O	
che	O	O	O	O	
da	O	O	O	O	
parte	O	O	O	O	
degli	O	O	O	O	
uomini	B-PER	O	O	O	
si	O	O	O	O	
potesse	O	O	O	O	
spingere	O	O	O	O	
tant	O	O	O	O	
'	O	O	O	O	
oltre	O	O	O	O	
l	O	O	O	O	
'	O	O	O	O	
odio	O	O	O	O	
e	O	O	O	O	
il	O	O	O	O	
vilipendio	O	O	O	O	
.	O	O	O	O	

Avete	O	O	O	O	
almeno	O	O	O	O	
finito	O	O	O	O	
?	O	O	O	O	

...	O	O	O	O	
No	O	O	O	O	
,	O	O	O	O	
contessa	B-PER	O	O	O	
;	O	O	O	O	
non	O	O	O	O	
ho	O	O	O	O	
finito	O	O	O	O	
.	O	O	O	O	

C	O	O	O	O	
'	O	O	O	O	
è	O	O	O	O	
proprio	O	O	O	O	
dell	O	O	O	O	
'	O	O	O	O	
altro	O	O	O	O	
.	O	O	O	O	

Pensi	O	O	O	O	
un	O	O	O	O	
poco	O	O	O	O	
,	O	O	O	O	
o	O	O	O	O	
meglio	O	O	O	O	
rammenti	O	O	O	O	
ciò	O	O	O	O	
che	O	O	O	O	
le	O	O	O	O	
ho	O	O	O	O	
detto	O	O	O	O	
in	O	O	O	O	
principio	O	O	O	O	
:	O	O	O	O	
come	O	O	O	O	
i	B-PER	O	O	O	
confessori	I-PER	O	O	O	
,	O	O	O	O	
i	B-PER	O	O	O	
cantastorie	I-PER	O	O	O	
odono	O	O	O	O	
,	O	O	O	O	
molte	O	O	O	O	
volte	O	O	O	O	
senza	O	O	O	O	
volerlo	O	O	O	O	
,	O	O	O	O	
una	O	O	O	O	
quantità	O	O	O	O	
di	O	O	O	O	
fatti	O	O	O	O	
che	O	O	O	O	
gettano	O	O	O	O	
sprazzi	O	O	O	O	
di	O	O	O	O	
luce	O	O	O	O	
nei	O	O	O	O	
tenebrosi	O	O	O	O	
recessi	O	O	O	O	
dell	O	O	O	O	
'	O	O	O	O	
anima	O	O	O	O	
umana	O	O	O	O	
.	O	O	O	O	

E	O	O	O	O	
mentre	O	O	O	O	
il	O	O	O	O	
dovere	O	O	O	O	
professionale	O	O	O	O	
dei	O	O	O	O	
confessori	B-PER	O	O	O	
consiste	O	O	O	O	
nel	O	O	O	O	
custodire	O	O	O	O	
gelosamente	O	O	O	O	
le	O	O	O	O	
confessioni	O	O	O	O	
,	O	O	O	O	
i	B-PER	O	O	O	
novellieri	I-PER	O	O	O	
hanno	O	O	O	O	
il	O	O	O	O	
dovere	O	O	O	O	
contrario	O	O	O	O	
:	O	O	O	O	
di	O	O	O	O	
ripeterle	O	O	O	O	
,	O	O	O	O	
di	O	O	O	O	
propalarle	O	O	O	O	
.	O	O	O	O	

Il	O	O	O	O	
risultato	O	O	O	O	
è	O	O	O	O	
poi	O	O	O	O	
tutt	O	O	O	O	
'	O	O	O	O	
uno	O	O	O	O	
;	O	O	O	O	
perchè	O	O	O	O	
,	O	O	O	O	
se	O	O	O	O	
i	O	O	O	O	
Padri	B-PER	O	O	O	
spirituali	I-PER	O	O	O	
hanno	O	O	O	O	
da	O	O	O	O	
trovar	O	O	O	O	
parole	O	O	O	O	
ed	O	O	O	O	
argomenti	O	O	O	O	
per	O	O	O	O	
lenire	O	O	O	O	
le	O	O	O	O	
anime	O	O	O	O	
piagate	O	O	O	O	
,	O	O	O	O	
il	B-PER	O	O	O	
narratore	I-PER	O	O	O	
che	O	O	O	O	
rivela	O	O	O	O	
a	O	O	O	O	
un	O	O	O	O	
pubblico	O	O	O	O	
più	O	O	O	O	
o	O	O	O	O	
meno	O	O	O	O	
largo	O	O	O	O	
le	O	O	O	O	
miserie	O	O	O	O	
delle	O	O	O	O	
quali	O	O	O	O	
è	O	O	O	O	
stato	O	O	O	O	
spettatore	B-PER	O	O	O	
,	O	O	O	O	
acquista	O	O	O	O	
ai	O	O	O	O	
dolenti	B-PER	O	O	O	
l	O	O	O	O	
'	O	O	O	O	
indulgenza	O	O	O	O	
pietosa	O	O	O	O	
,	O	O	O	O	
la	O	O	O	O	
commossa	O	O	O	O	
simpatia	O	O	O	O	
dei	O	O	O	O	
simili	B-PER	O	O	O	
.	O	O	O	O	

Ora	O	O	O	O	
,	O	O	O	O	
fra	O	O	O	O	
le	O	O	O	O	
molte	O	O	O	O	
amare	O	O	O	O	
confidenze	O	O	O	O	
che	O	O	O	O	
io	O	O	O	O	
ho	O	O	O	O	
udite	O	O	O	O	
,	O	O	O	O	
questa	O	O	O	O	
che	O	O	O	O	
ora	O	O	O	O	
le	O	O	O	O	
riferirò	O	O	O	O	
è	O	O	O	O	
amarissima	O	O	O	O	
,	O	O	O	O	
e	O	O	O	O	
rivela	O	O	O	O	
fino	O	O	O	O	
a	O	O	O	O	
quale	O	O	O	O	
estremità	O	O	O	O	
può	O	O	O	O	
andare	O	O	O	O	
l	O	O	O	O	
'	O	O	O	O	
odio	O	O	O	O	
degli	O	O	O	O	
uomini	B-PER	O	O	O	
per	O	O	O	O	
le	B-PER	O	O	O	
donne	I-PER	O	O	O	
,	O	O	O	O	
in	O	O	O	O	
che	O	O	O	O	
corrosivo	O	O	O	O	
e	O	O	O	O	
dissolvente	O	O	O	O	
sentimento	O	O	O	O	
può	O	O	O	O	
mutarsi	O	O	O	O	
l	O	O	O	O	
'	O	O	O	O	
amore	O	O	O	O	
che	O	O	O	O	
dovrebbe	O	O	O	O	
legarli	O	O	O	O	
.	O	O	O	O	

Dunque	O	O	O	O	
l	O	O	O	O	
'	O	O	O	O	
inverno	O	O	O	O	
passato	O	O	O	O	
io	O	O	O	O	
tornavo	O	O	O	O	
a	O	O	O	O	
Napoli	B-GPE	O	O	O	
dopo	O	O	O	O	
un	O	O	O	O	
'	O	O	O	O	
assenza	O	O	O	O	
di	O	O	O	O	
parecchi	O	O	O	O	
anni	O	O	O	O	
.	O	O	O	O	

Molte	O	O	O	O	
cose	O	O	O	O	
di	O	O	O	O	
quel	B-GPE	O	O	O	
caratteristico	I-GPE	O	O	O	
paese	I-GPE	O	O	O	
mi	O	O	O	O	
fecero	O	O	O	O	
quasi	O	O	O	O	
lo	O	O	O	O	
stesso	O	O	O	O	
senso	O	O	O	O	
che	O	O	O	O	
fanno	O	O	O	O	
la	O	O	O	O	
prima	O	O	O	O	
volta	O	O	O	O	
.	O	O	O	O	

La	O	O	O	O	
credenza	O	O	O	O	
alla	O	O	O	O	
jettatura	O	O	O	O	
,	O	O	O	O	
la	O	O	O	O	
paura	O	O	O	O	
dei	O	O	O	O	
jettatori	B-PER	O	O	O	
m	O	O	O	O	
'	O	O	O	O	
impressionò	O	O	O	O	
specialmente	O	O	O	O	
.	O	O	O	O	

Ella	O	O	O	O	
non	O	O	O	O	
sa	O	O	O	O	
a	O	O	O	O	
che	O	O	O	O	
punto	O	O	O	O	
arriva	O	O	O	O	
,	O	O	O	O	
com	O	O	O	O	
'	O	O	O	O	
è	O	O	O	O	
funestata	O	O	O	O	
la	O	O	O	O	
vita	O	O	O	O	
di	O	O	O	O	
quegli	B-PER	O	O	O	
sciagurati	I-PER	O	O	O	
ai	O	O	O	O	
quali	O	O	O	O	
si	O	O	O	O	
attribuisce	O	O	O	O	
il	O	O	O	O	
fascino	O	O	O	O	
maligno	O	O	O	O	
.	O	O	O	O	

Evitati	O	O	O	O	
,	O	O	O	O	
sfuggiti	O	O	O	O	
,	O	O	O	O	
aborriti	O	O	O	O	
come	O	O	O	O	
la	O	O	O	O	
peste	O	O	O	O	
,	O	O	O	O	
senza	O	O	O	O	
un	B-PER	O	O	O	
amico	I-PER	O	O	O	
,	O	O	O	O	
col	O	O	O	O	
vuoto	O	O	O	O	
sempre	O	O	O	O	
d	O	O	O	O	
'	O	O	O	O	
intorno	O	O	O	O	
,	O	O	O	O	
se	O	O	O	O	
per	O	O	O	O	
loro	O	O	O	O	
disgrazia	O	O	O	O	
hanno	O	O	O	O	
da	O	O	O	O	
guadagnarsi	O	O	O	O	
la	O	O	O	O	
vita	O	O	O	O	
esercitando	O	O	O	O	
una	O	O	O	O	
professione	O	O	O	O	
si	O	O	O	O	
vedono	O	O	O	O	
alle	O	O	O	O	
volte	O	O	O	O	
messo	O	O	O	O	
in	O	O	O	O	
forse	O	O	O	O	
il	O	O	O	O	
pane	O	O	O	O	
quotidiano	O	O	O	O	
,	O	O	O	O	
sono	O	O	O	O	
costretti	O	O	O	O	
a	O	O	O	O	
espatriare	O	O	O	O	
,	O	O	O	O	
così	O	O	O	O	
grave	O	O	O	O	
è	O	O	O	O	
il	O	O	O	O	
terrore	O	O	O	O	
che	O	O	O	O	
incutono	O	O	O	O	
.	O	O	O	O	

Spettatore	B-PER	O	O	O	
di	O	O	O	O	
questo	O	O	O	O	
terrore	O	O	O	O	
che	O	O	O	O	
un	O	O	O	O	
tempo	O	O	O	O	
mi	O	O	O	O	
pareva	O	O	O	O	
inumano	O	O	O	O	
,	O	O	O	O	
io	O	O	O	O	
ora	O	O	O	O	
lo	O	O	O	O	
provo	O	O	O	O	
a	O	O	O	O	
mia	O	O	O	O	
volta	O	O	O	O	
.	O	O	O	O	

Non	O	O	O	O	
credo	O	O	O	O	
già	O	O	O	O	
che	O	O	O	O	
vi	O	O	O	O	
siano	O	O	O	O	
uomini	B-PER	O	O	O	
nativamente	O	O	O	O	
dotati	O	O	O	O	
del	O	O	O	O	
potere	O	O	O	O	
di	O	O	O	O	
nuocere	O	O	O	O	
,	O	O	O	O	
ma	O	O	O	O	
credo	O	O	O	O	
che	O	O	O	O	
questo	O	O	O	O	
potere	O	O	O	O	
possa	O	O	O	O	
essere	O	O	O	O	
acquistato	O	O	O	O	
—	O	O	O	O	
precisamente	O	O	O	O	
da	O	O	O	O	
quelli	B-PER	O	O	O	
ai	O	O	O	O	
quali	O	O	O	O	
è	O	O	O	O	
attribuito	O	O	O	O	
.	O	O	O	O	

Perchè	O	O	O	O	
uno	B-PER	O	O	O	
ha	O	O	O	O	
la	O	O	O	O	
pelle	O	O	O	O	
colorita	O	O	O	O	
d	O	O	O	O	
'	O	O	O	O	
una	O	O	O	O	
certa	O	O	O	O	
tinta	O	O	O	O	
;	O	O	O	O	
perchè	O	O	O	O	
ha	O	O	O	O	
il	O	O	O	O	
naso	O	O	O	O	
conformato	O	O	O	O	
a	O	O	O	O	
un	O	O	O	O	
certo	O	O	O	O	
modo	O	O	O	O	
;	O	O	O	O	
perchè	O	O	O	O	
,	O	O	O	O	
essendo	O	O	O	O	
miope	O	O	O	O	
,	O	O	O	O	
porta	O	O	O	O	
gli	O	O	O	O	
occhiali	O	O	O	O	
;	O	O	O	O	
certe	O	O	O	O	
volte	O	O	O	O	
senza	O	O	O	O	
nessuna	O	O	O	O	
di	O	O	O	O	
queste	O	O	O	O	
ragioni	O	O	O	O	
,	O	O	O	O	
si	O	O	O	O	
vede	O	O	O	O	
messo	O	O	O	O	
al	O	O	O	O	
bando	O	O	O	O	
dall	O	O	O	O	
'	O	O	O	O	
umano	O	O	O	O	
consorzio	O	O	O	O	
,	O	O	O	O	
si	O	O	O	O	
sente	O	O	O	O	
odiato	O	O	O	O	
da	O	O	O	O	
tutti	B-PER	O	O	O	
;	O	O	O	O	
egli	O	O	O	O	
non	O	O	O	O	
può	O	O	O	O	
accostar	O	O	O	O	
le	B-PER	O	O	O	
persone	I-PER	O	O	O	
,	O	O	O	O	
non	O	O	O	O	
può	O	O	O	O	
salutarle	O	O	O	O	
,	O	O	O	O	
non	O	O	O	O	
può	O	O	O	O	
neppure	O	O	O	O	
incontrarle	O	O	O	O	
senza	O	O	O	O	
che	O	O	O	O	
tutti	B-PER	O	O	O	
imprechino	O	O	O	O	
contro	O	O	O	O	
di	O	O	O	O	
lui	O	O	O	O	
;	O	O	O	O	
la	O	O	O	O	
sola	O	O	O	O	
sua	O	O	O	O	
vista	O	O	O	O	
è	O	O	O	O	
una	O	O	O	O	
sciagura	O	O	O	O	
.	O	O	O	O	

Non	O	O	O	O	
è	O	O	O	O	
naturale	O	O	O	O	
che	O	O	O	O	
l	O	O	O	O	
'	O	O	O	O	
anima	O	O	O	O	
di	O	O	O	O	
costui	O	O	O	O	
s	O	O	O	O	
'	O	O	O	O	
abbeveri	O	O	O	O	
di	O	O	O	O	
fiele	O	O	O	O	
e	O	O	O	O	
che	O	O	O	O	
tutta	O	O	O	O	
la	O	O	O	O	
sua	O	O	O	O	
volontà	O	O	O	O	
debba	O	O	O	O	
tendere	O	O	O	O	
a	O	O	O	O	
esercitare	O	O	O	O	
veramente	O	O	O	O	
il	O	O	O	O	
funesto	O	O	O	O	
potere	O	O	O	O	
che	O	O	O	O	
realmente	O	O	O	O	
non	O	O	O	O	
ha	O	O	O	O	
?	O	O	O	O	

E	O	O	O	O	
se	O	O	O	O	
c	O	O	O	O	
'	O	O	O	O	
è	O	O	O	O	
una	O	O	O	O	
forza	O	O	O	O	
psichica	O	O	O	O	
che	O	O	O	O	
si	O	O	O	O	
proietta	O	O	O	O	
fuori	O	O	O	O	
dell	O	O	O	O	
'	O	O	O	O	
anima	O	O	O	O	
ed	O	O	O	O	
opera	O	O	O	O	
nel	O	O	O	O	
mondo	B-LOC	O	O	O	
della	I-LOC	O	O	O	
materia	I-LOC	O	O	O	
,	O	O	O	O	
la	O	O	O	O	
tensione	O	O	O	O	
dell	O	O	O	O	
'	O	O	O	O	
esasperata	O	O	O	O	
volontà	O	O	O	O	
non	O	O	O	O	
potrà	O	O	O	O	
essere	O	O	O	O	
veramente	O	O	O	O	
efficace	O	O	O	O	
?	O	O	O	O	

Se	O	O	O	O	
pure	O	O	O	O	
questa	O	O	O	O	
forza	O	O	O	O	
non	O	O	O	O	
esiste	O	O	O	O	
,	O	O	O	O	
la	O	O	O	O	
disposizione	O	O	O	O	
a	O	O	O	O	
compiacersi	O	O	O	O	
nel	O	O	O	O	
male	O	O	O	O	
,	O	O	O	O	
a	O	O	O	O	
commetterlo	O	O	O	O	
realmente	O	O	O	O	
,	O	O	O	O	
occorrendo	O	O	O	O	
,	O	O	O	O	
per	O	O	O	O	
vendetta	O	O	O	O	
,	O	O	O	O	
per	O	O	O	O	
rappresaglia	O	O	O	O	
,	O	O	O	O	
non	O	O	O	O	
ci	O	O	O	O	
deve	O	O	O	O	
rendere	O	O	O	O	
odiosi	O	O	O	O	
i	B-PER	O	O	O	
jettatori	I-PER	O	O	O	
e	O	O	O	O	
spingerci	O	O	O	O	
a	O	O	O	O	
fuggirli	O	O	O	O	
?	O	O	O	O	

...	O	O	O	O	
Ma	O	O	O	O	
io	O	O	O	O	
non	O	O	O	O	
ho	O	O	O	O	
ora	O	O	O	O	
da	O	O	O	O	
comunicarle	O	O	O	O	
le	O	O	O	O	
mie	O	O	O	O	
particolari	O	O	O	O	
vedute	O	O	O	O	
su	O	O	O	O	
questo	O	O	O	O	
argomento	O	O	O	O	
:	O	O	O	O	
ho	O	O	O	O	
da	O	O	O	O	
narrarle	O	O	O	O	
un	O	O	O	O	
fatto	O	O	O	O	
.	O	O	O	O	

A	O	O	O	O	
Napoli	B-GPE	O	O	O	
,	O	O	O	O	
dunque	O	O	O	O	
,	O	O	O	O	
rividi	O	O	O	O	
molti	B-PER	O	O	O	
amici	I-PER	O	O	O	
,	O	O	O	O	
ma	O	O	O	O	
Vittorio	B-PER	O	O	O	
Alfeni	I-PER	O	O	O	
,	O	O	O	O	
fra	O	O	O	O	
tanti	B-PER	O	O	O	
,	O	O	O	O	
fu	O	O	O	O	
quello	O	O	O	O	
la	O	O	O	O	
cui	O	O	O	O	
compagnia	O	O	O	O	
mi	O	O	O	O	
riuscì	O	O	O	O	
più	O	O	O	O	
cara	O	O	O	O	
.	O	O	O	O	

Alfeni	B-PER	O	O	O	
,	I-PER	O	O	O	
uomo	I-PER	O	O	O	
per	I-PER	O	O	O	
ogni	I-PER	O	O	O	
rispetto	I-PER	O	O	O	
superiore	I-PER	O	O	O	
,	O	O	O	O	
crede	O	O	O	O	
alla	O	O	O	O	
jettatura	O	O	O	O	
in	O	O	O	O	
un	O	O	O	O	
modo	O	O	O	O	
affligentissimo	O	O	O	O	
;	O	O	O	O	
noi	O	O	O	O	
non	O	O	O	O	
potevamo	O	O	O	O	
stare	O	O	O	O	
insieme	O	O	O	O	
per	O	O	O	O	
le	B-FAC	O	O	O	
strade	I-FAC	O	O	O	
,	O	O	O	O	
in	O	O	O	O	
un	B-FAC	O	O	O	
caffè	I-FAC	O	O	O	
,	O	O	O	O	
al	O	O	O	O	
teatro	B-FAC	O	O	O	
,	O	O	O	O	
senza	O	O	O	O	
che	O	O	O	O	
,	O	O	O	O	
per	O	O	O	O	
pararla	O	O	O	O	
,	O	O	O	O	
egli	O	O	O	O	
facesse	O	O	O	O	
a	O	O	O	O	
ogni	O	O	O	O	
tratto	O	O	O	O	
un	O	O	O	O	
molto	O	O	O	O	
energico	O	O	O	O	
gesto	O	O	O	O	
,	O	O	O	O	
incontrando	O	O	O	O	
o	O	O	O	O	
scorgendo	O	O	O	O	
una	O	O	O	O	
quantità	O	O	O	O	
di	O	O	O	O	
facce	O	O	O	O	
,	O	O	O	O	
a	O	O	O	O	
suo	O	O	O	O	
vedere	O	O	O	O	
,	O	O	O	O	
proibite	O	O	O	O	
.	O	O	O	O	

Una	O	O	O	O	
sera	O	O	O	O	
al	O	O	O	O	
Sannazaro	B-FAC	O	O	O	
,	O	O	O	O	
intanto	O	O	O	O	
che	O	O	O	O	
guardavamo	O	O	O	O	
in	O	O	O	O	
giro	O	O	O	O	
per	O	O	O	O	
la	B-FAC	O	O	O	
sala	I-FAC	O	O	O	
,	O	O	O	O	
una	B-PER	O	O	O	
dama	I-PER	O	O	O	
entra	O	O	O	O	
in	O	O	O	O	
un	B-FAC	O	O	O	
palchetto	I-FAC	O	O	O	
di	I-FAC	O	O	O	
seconda	I-FAC	O	O	O	
fila	I-FAC	O	O	O	
,	O	O	O	O	
ed	O	O	O	O	
ecco	O	O	O	O	
Alfeni	B-PER	O	O	O	
ripetere	O	O	O	O	
il	O	O	O	O	
gesto	O	O	O	O	
che	O	O	O	O	
sarà	O	O	O	O	
salutare	O	O	O	O	
,	O	O	O	O	
ma	O	O	O	O	
non	O	O	O	O	
è	O	O	O	O	
precisamente	O	O	O	O	
consigliato	O	O	O	O	
da	O	O	O	O	
Monsignor	O	B-PER	O	O	
della	O	I-PER	O	O	
Casa	B-FAC	I-PER	O	O	
.	O	O	O	O	

Io	O	O	O	O	
credetti	O	O	O	O	
d	O	O	O	O	
'	O	O	O	O	
essermi	O	O	O	O	
ingannato	O	O	O	O	
:	O	O	O	O	
certo	O	O	O	O	
il	O	O	O	O	
preservativo	O	O	O	O	
atteggiamento	O	O	O	O	
era	O	O	O	O	
diretto	O	O	O	O	
contro	O	O	O	O	
l	O	O	O	O	
'	O	O	O	O	
influsso	O	O	O	O	
di	O	O	O	O	
qualche	B-PER	O	O	O	
altra	I-PER	O	O	O	
persona	I-PER	O	O	O	
.	O	O	O	O	

Vi	O	O	O	O	
sono	O	O	O	O	
donne	B-PER	O	O	O	
jettatrici	I-PER	O	O	O	
?	O	O	O	O	

Il	O	O	O	O	
nefasto	O	O	O	O	
potere	O	O	O	O	
non	O	O	O	O	
è	O	O	O	O	
particolare	O	O	O	O	
agli	O	O	O	O	
uomini	B-PER	O	O	O	
,	O	O	O	O	
agli	O	O	O	O	
uomini	B-PER	O	O	O	
più	I-PER	O	O	O	
brutti	I-PER	O	O	O	
e	I-PER	O	O	O	
sgraziati	I-PER	O	O	O	
?	O	O	O	O	

Non	O	O	O	O	
bisogna	O	O	O	O	
avere	O	O	O	O	
lo	O	O	O	O	
sguardo	O	O	O	O	
losco	O	O	O	O	
,	O	O	O	O	
il	O	O	O	O	
naso	O	O	O	O	
adunco	O	O	O	O	
,	O	O	O	O	
il	O	O	O	O	
colorito	O	O	O	O	
terreo	O	O	O	O	
,	O	O	O	O	
l	O	O	O	O	
'	O	O	O	O	
andatura	O	O	O	O	
storta	O	O	O	O	
per	O	O	O	O	
far	O	O	O	O	
male	O	O	O	O	
al	O	O	O	O	
prossimo	O	O	O	O	
?	O	O	O	O	

I	B-PER	O	O	O	
più	I-PER	O	O	O	
spaventevoli	I-PER	O	O	O	
jettatori	I-PER	O	O	O	
non	O	O	O	O	
sono	O	O	O	O	
preti	B-PER	O	O	O	
,	O	O	O	O	
gente	B-PER	O	O	O	
tetra	I-PER	O	O	O	
,	I-PER	O	O	O	
vestita	I-PER	O	O	O	
di	I-PER	O	O	O	
nero	I-PER	O	O	O	
,	O	O	O	O	
la	O	O	O	O	
cui	O	O	O	O	
vista	O	O	O	O	
rammenta	O	O	O	O	
la	O	O	O	O	
morte	O	O	O	O	
con	O	O	O	O	
la	O	O	O	O	
quale	O	O	O	O	
essa	O	O	O	O	
bazzica	O	O	O	O	
?	O	O	O	O	

La	O	O	O	O	
vista	O	O	O	O	
d	O	O	O	O	
'	O	O	O	O	
una	B-PER	O	O	O	
donna	I-PER	O	O	O	
,	O	O	O	O	
d	O	O	O	O	
'	O	O	O	O	
una	B-PER	O	O	O	
dama	I-PER	O	O	O	
giovine	I-PER	O	O	O	
,	I-PER	O	O	O	
piacente	I-PER	O	O	O	
,	I-PER	O	O	O	
elegante	I-PER	O	O	O	
,	O	O	O	O	
sarà	O	O	O	O	
anch	O	O	O	O	
'	O	O	O	O	
essa	O	O	O	O	
capace	O	O	O	O	
di	O	O	O	O	
funestarci	O	O	O	O	
?	O	O	O	O	

E	O	O	O	O	
'	O	O	O	O	
vero	O	O	O	O	
che	O	O	O	O	
quella	B-PER	O	O	O	
dama	I-PER	O	O	O	
guardava	O	O	O	O	
dietro	O	O	O	O	
l	O	O	O	O	
'	O	O	O	O	
occhialino	O	O	O	O	
e	O	O	O	O	
che	O	O	O	O	
tutti	B-PER	O	O	O	
gli	O	O	O	O	
occhi	O	O	O	O	
armati	O	O	O	O	
di	O	O	O	O	
vetri	O	O	O	O	
sono	O	O	O	O	
,	O	O	O	O	
secondo	O	O	O	O	
i	B-PER	O	O	O	
superstiziosi	I-PER	O	O	O	
,	O	O	O	O	
fortemente	O	O	O	O	
sospetti	O	O	O	O	
;	O	O	O	O	
ma	O	O	O	O	
un	O	O	O	O	
occhialino	O	O	O	O	
dal	O	O	O	O	
manico	O	O	O	O	
di	O	O	O	O	
tartaruga	O	O	O	O	
bionda	O	O	O	O	
,	O	O	O	O	
ornato	O	O	O	O	
d	O	O	O	O	
'	O	O	O	O	
aurei	O	O	O	O	
fregi	O	O	O	O	
,	O	O	O	O	
maneggiato	O	O	O	O	
come	O	O	O	O	
lo	O	O	O	O	
scettro	O	O	O	O	
della	O	O	O	O	
grazia	O	O	O	O	
da	O	O	O	O	
una	O	O	O	O	
bianca	O	O	O	O	
mano	O	O	O	O	
soave	O	O	O	O	
,	O	O	O	O	
è	O	O	O	O	
da	O	O	O	O	
paragonarsi	O	O	O	O	
agli	O	O	O	O	
occhiali	O	O	O	O	
infissi	O	O	O	O	
sui	O	O	O	O	
nasi	O	O	O	O	
rostrati	O	O	O	O	
?	O	O	O	O	

...	O	O	O	O	
E	O	O	O	O	
poi	O	O	O	O	
,	O	O	O	O	
e	O	O	O	O	
poi	O	O	O	O	
...	O	O	O	O	
io	O	O	O	O	
conoscevo	O	O	O	O	
quella	B-PER	O	O	O	
signora	I-PER	O	O	O	
,	O	O	O	O	
sapevo	O	O	O	O	
quali	O	O	O	O	
rapporti	O	O	O	O	
eran	O	O	O	O	
passati	O	O	O	O	
fra	O	O	O	O	
lei	O	O	O	O	
ed	O	O	O	O	
Alfeni	B-PER	O	O	O	
;	O	O	O	O	
l	B-PER	O	O	O	
'	I-PER	O	O	O	
amico	I-PER	O	O	O	
mio	I-PER	O	O	O	
mi	O	O	O	O	
aveva	O	O	O	O	
confidato	O	O	O	O	
,	O	O	O	O	
altra	O	O	O	O	
volta	O	O	O	O	
,	O	O	O	O	
la	O	O	O	O	
sua	O	O	O	O	
fortuna	O	O	O	O	
.	O	O	O	O	

S	O	O	O	O	
'	O	O	O	O	
erano	O	O	O	O	
amati	O	O	O	O	
,	O	O	O	O	
molto	O	O	O	O	
,	O	O	O	O	
a	O	O	O	O	
lungo	O	O	O	O	
;	O	O	O	O	
poi	O	O	O	O	
l	O	O	O	O	
'	O	O	O	O	
amor	O	O	O	O	
loro	O	O	O	O	
,	O	O	O	O	
naturalmente	O	O	O	O	
,	O	O	O	O	
era	O	O	O	O	
finito	O	O	O	O	
;	O	O	O	O	
come	O	O	O	O	
mai	O	O	O	O	
poter	O	O	O	O	
sospettare	O	O	O	O	
ch	O	O	O	O	
'	O	O	O	O	
egli	O	O	O	O	
avesse	O	O	O	O	
paura	O	O	O	O	
di	O	O	O	O	
lei	O	O	O	O	
?	O	O	O	O	

...	O	O	O	O	
Qualche	O	O	O	O	
giorno	O	O	O	O	
dopo	O	O	O	O	
,	O	O	O	O	
seduti	O	O	O	O	
alla	O	O	O	O	
terrazza	O	B-FAC	O	O	
del	O	I-FAC	O	O	
Gambrinus	B-FAC	I-FAC	O	O	
,	O	O	O	O	
vediamo	O	O	O	O	
passare	O	O	O	O	
la	O	B-VEH	O	O	
carrozza	O	I-VEH	O	O	
della	O	I-VEH	O	O	
dama	B-PER	I-VEH	O	O	
;	O	O	O	O	
Alfeni	B-PER	O	O	O	
mormora	O	O	O	O	
non	O	O	O	O	
so	O	O	O	O	
che	O	O	O	O	
cosa	O	O	O	O	
e	O	O	O	O	
si	O	O	O	O	
difende	O	O	O	O	
un	O	O	O	O	
'	O	O	O	O	
altra	O	O	O	O	
volta	O	O	O	O	
.	O	O	O	O	

Potevo	O	O	O	O	
dubitare	O	O	O	O	
ancora	O	O	O	O	
?	O	O	O	O	

Pure	O	O	O	O	
non	O	O	O	O	
mi	O	O	O	O	
capacitavo	O	O	O	O	
d	O	O	O	O	
'	O	O	O	O	
una	O	O	O	O	
cosa	O	O	O	O	
simile	O	O	O	O	
.	O	O	O	O	

Che	O	O	O	O	
l	O	O	O	O	
'	O	O	O	O	
amore	O	O	O	O	
dell	O	O	O	O	
'	O	O	O	O	
amico	B-PER	O	O	O	
mio	I-PER	O	O	O	
fosse	O	O	O	O	
finito	O	O	O	O	
,	O	O	O	O	
che	O	O	O	O	
avesse	O	O	O	O	
anche	O	O	O	O	
dato	O	O	O	O	
luogo	O	O	O	O	
all	O	O	O	O	
'	O	O	O	O	
odio	O	O	O	O	
,	O	O	O	O	
suo	O	O	O	O	
carnale	O	O	O	O	
fratello	O	O	O	O	
,	O	O	O	O	
avrei	O	O	O	O	
potuto	O	O	O	O	
ammettere	O	O	O	O	
e	O	O	O	O	
spiegare	O	O	O	O	
;	O	O	O	O	
ma	O	O	O	O	
la	O	O	O	O	
paura	O	O	O	O	
?	O	O	O	O	

la	O	O	O	O	
paura	O	O	O	O	
della	O	O	O	O	
jettatura	O	O	O	O	
?	O	O	O	O	

attribuire	O	O	O	O	
ad	O	O	O	O	
un	O	O	O	O	
essere	O	O	O	O	
che	O	O	O	O	
fu	O	O	O	O	
tanta	O	O	O	O	
parte	O	O	O	O	
di	O	O	O	O	
noi	O	O	O	O	
l	O	O	O	O	
'	O	O	O	O	
iniqua	O	O	O	O	
potenza	O	O	O	O	
,	O	O	O	O	
guardarsene	O	O	O	O	
come	O	O	O	O	
da	O	O	O	O	
un	O	O	O	O	
rettile	O	O	O	O	
?	O	O	O	O	

...	O	O	O	O	
Non	O	O	O	O	
potevo	O	O	O	O	
crederlo	O	O	O	O	
!	O	O	O	O	

...	O	O	O	O	
Ma	O	O	O	O	
noi	O	O	O	O	
non	O	O	O	O	
incontrammo	O	O	O	O	
mai	O	O	O	O	
quella	B-PER	O	O	O	
signora	I-PER	O	O	O	
senza	O	O	O	O	
che	O	O	O	O	
Alfeni	B-PER	O	O	O	
si	O	O	O	O	
difendesse	O	O	O	O	
.	O	O	O	O	

Un	O	O	O	O	
giorno	O	O	O	O	
,	O	O	O	O	
su	O	O	O	O	
per	O	O	O	O	
Toledo	B-GPE	O	O	O	
,	O	O	O	O	
ella	O	O	O	O	
esce	O	O	O	O	
improvvisamente	O	O	O	O	
da	O	O	O	O	
un	B-FAC	O	O	O	
negozio	I-FAC	O	O	O	
dinanzi	O	O	O	O	
al	O	O	O	O	
quale	O	O	O	O	
passiamo	O	O	O	O	
:	O	O	O	O	
l	O	O	O	O	
'	O	O	O	O	
incontro	O	O	O	O	
è	O	O	O	O	
rapidissimo	O	O	O	O	
,	O	O	O	O	
inopinato	O	O	O	O	
;	O	O	O	O	
Alfeni	B-PER	O	O	O	
non	O	O	O	O	
può	O	O	O	O	
subito	O	O	O	O	
mettersi	O	O	O	O	
sulla	O	O	O	O	
parata	O	O	O	O	
;	O	O	O	O	
egli	O	O	O	O	
borbotta	O	O	O	O	
un	O	O	O	O	
Corpo	O	O	O	O	
del	O	O	O	O	
diavolo	B-PER	O	O	O	
!	O	O	O	O	

molto	O	O	O	O	
eloquente	O	O	O	O	
,	O	O	O	O	
schermendosi	O	O	O	O	
energicamente	O	O	O	O	
dopo	O	O	O	O	
che	O	O	O	O	
la	B-PER	O	O	O	
dama	I-PER	O	O	O	
è	O	O	O	O	
passata	O	O	O	O	
.	O	O	O	O	

Allora	O	O	O	O	
io	O	O	O	O	
non	O	O	O	O	
sto	O	O	O	O	
più	O	O	O	O	
alle	O	O	O	O	
mosse	O	O	O	O	
:	O	O	O	O	
—	O	O	O	O	
Sei	O	O	O	O	
ammattito	O	O	O	O	
?	O	O	O	O	

Che	O	O	O	O	
cos	O	O	O	O	
'	O	O	O	O	
è	O	O	O	O	
quest	O	O	O	O	
'	O	O	O	O	
altra	O	O	O	O	
paura	O	O	O	O	
,	O	O	O	O	
adesso	O	O	O	O	
?	O	O	O	O	

E	O	O	O	O	
'	O	O	O	O	
jettatrice	B-PER	O	O	O	
anche	O	O	O	O	
ella	O	O	O	O	
?	O	O	O	O	

...	O	O	O	O	
—	O	O	O	O	
gli	O	O	O	O	
dico	O	O	O	O	
.	O	O	O	O	

Ed	O	O	O	O	
egli	O	O	O	O	
,	O	O	O	O	
insistendo	O	O	O	O	
nelle	O	O	O	O	
tardive	O	O	O	O	
precauzioni	O	O	O	O	
:	O	O	O	O	
—	O	O	O	O	
Perdio	O	O	O	O	
!	O	O	O	O	

...	O	O	O	O	
Perdio	O	O	O	O	
!	O	O	O	O	

...	O	O	O	O	
—	O	O	O	O	
Non	O	O	O	O	
scherzi	O	O	O	O	
?	O	O	O	O	

—	O	O	O	O	
C	O	O	O	O	
'	O	O	O	O	
è	O	O	O	O	
poco	O	O	O	O	
da	O	O	O	O	
scherzare	O	O	O	O	
,	O	O	O	O	
sai	O	O	O	O	
!	O	O	O	O	

Non	O	O	O	O	
sapevo	O	O	O	O	
se	O	O	O	O	
alludere	O	O	O	O	
al	O	O	O	O	
loro	O	O	O	O	
passato	O	O	O	O	
;	O	O	O	O	
lo	O	O	O	O	
sdegno	O	O	O	O	
e	O	O	O	O	
più	O	O	O	O	
la	O	O	O	O	
curiosità	O	O	O	O	
mi	O	O	O	O	
spronarono	O	O	O	O	
:	O	O	O	O	
—	O	O	O	O	
E	O	O	O	O	
quando	O	O	O	O	
trascorrevi	O	O	O	O	
la	O	O	O	O	
vita	O	O	O	O	
ai	O	O	O	O	
suoi	O	O	O	O	
piedi	O	O	O	O	
?	O	O	O	O	

O	O	O	O	O	
credi	O	O	O	O	
ch	O	O	O	O	
'	O	O	O	O	
io	O	O	O	O	
abbia	O	O	O	O	
dimenticato	O	O	O	O	
?	O	O	O	O	

...	O	O	O	O	
Egli	O	O	O	O	
si	O	O	O	O	
fece	O	O	O	O	
così	O	O	O	O	
serio	O	O	O	O	
e	O	O	O	O	
buio	O	O	O	O	
che	O	O	O	O	
tacqui	O	O	O	O	
;	O	O	O	O	
poi	O	O	O	O	
con	O	O	O	O	
voce	O	O	O	O	
quasi	O	O	O	O	
brusca	O	O	O	O	
mi	O	O	O	O	
disse	O	O	O	O	
:	O	O	O	O	
—	O	O	O	O	
Ti	O	O	O	O	
prego	O	O	O	O	
di	O	O	O	O	
non	O	O	O	O	
parlarmi	O	O	O	O	
di	O	O	O	O	
ciò	O	O	O	O	
.	O	O	O	O	

—	O	O	O	O	
Non	O	O	O	O	
ne	O	O	O	O	
parleremo	O	O	O	O	
se	O	O	O	O	
non	O	O	O	O	
ti	O	O	O	O	
piace	O	O	O	O	
.	O	O	O	O	

Però	O	O	O	O	
mi	O	O	O	O	
pare	O	O	O	O	
che	O	O	O	O	
tu	O	O	O	O	
ripaghi	O	O	O	O	
in	O	O	O	O	
malo	O	O	O	O	
modo	O	O	O	O	
la	O	O	O	O	
felicità	O	O	O	O	
che	O	O	O	O	
un	O	O	O	O	
tempo	O	O	O	O	
godesti	O	O	O	O	
...	O	O	O	O	
Alfeni	B-PER	O	O	O	
m	O	O	O	O	
'	O	O	O	O	
afferrò	O	O	O	O	
per	O	O	O	O	
il	O	O	O	O	
braccio	O	O	O	O	
,	O	O	O	O	
e	O	O	O	O	
concitato	O	O	O	O	
,	O	O	O	O	
fremente	O	O	O	O	
:	O	O	O	O	
—	O	O	O	O	
La	O	O	O	O	
pago	O	O	O	O	
,	O	O	O	O	
sì	O	O	O	O	
!	O	O	O	O	

...	O	O	O	O	
Hai	O	O	O	O	
detto	O	O	O	O	
bene	O	O	O	O	
!	O	O	O	O	

...	O	O	O	O	
La	O	O	O	O	
pago	O	O	O	O	
,	O	O	O	O	
perchè	O	O	O	O	
niente	O	O	O	O	
al	O	O	O	O	
mondo	B-LOC	O	O	O	
potrà	O	O	O	O	
più	O	O	O	O	
togliermi	O	O	O	O	
questa	O	O	O	O	
jettatura	O	O	O	O	
di	O	O	O	O	
dosso	O	O	O	O	
...	O	O	O	O	
Non	O	O	O	O	
credevo	O	O	O	O	
neppur	O	O	O	O	
ora	O	O	O	O	
!	O	O	O	O	

—	O	O	O	O	
Ma	O	O	O	O	
dici	O	O	O	O	
proprio	O	O	O	O	
sul	O	O	O	O	
serio	O	O	O	O	
?	O	O	O	O	

Non	O	O	O	O	
ti	O	O	O	O	
pare	O	O	O	O	
che	O	O	O	O	
sarebbe	O	O	O	O	
tempo	O	O	O	O	
di	O	O	O	O	
smetterla	O	O	O	O	
con	O	O	O	O	
questa	O	O	O	O	
indegna	O	O	O	O	
superstizione	O	O	O	O	
?	O	O	O	O	

Bada	O	O	O	O	
bene	O	O	O	O	
,	O	O	O	O	
sai	O	O	O	O	
,	O	O	O	O	
questa	O	O	O	O	
è	O	O	O	O	
la	B-FAC	O	O	O	
strada	I-FAC	O	O	O	
per	O	O	O	O	
la	O	O	O	O	
quale	O	O	O	O	
si	O	O	O	O	
va	O	O	O	O	
difilato	O	O	O	O	
alla	O	O	O	O	
monomania	O	O	O	O	
,	O	O	O	O	
al	O	O	O	O	
delirio	O	O	O	O	
della	O	O	O	O	
persecuzione	O	O	O	O	
...	O	O	O	O	
—	O	O	O	O	
Ho	O	O	O	O	
paura	O	O	O	O	
.	O	O	O	O	

Leggevo	O	O	O	O	
talmente	O	O	O	O	
nel	O	O	O	O	
suo	O	O	O	O	
sguardo	O	O	O	O	
sbigottito	O	O	O	O	
e	O	O	O	O	
nel	O	O	O	O	
suo	O	O	O	O	
accento	O	O	O	O	
gelato	O	O	O	O	
la	O	O	O	O	
sincerità	O	O	O	O	
del	O	O	O	O	
suo	O	O	O	O	
sentimento	O	O	O	O	
,	O	O	O	O	
che	O	O	O	O	
mi	O	O	O	O	
pentii	O	O	O	O	
delle	O	O	O	O	
dure	O	O	O	O	
parole	O	O	O	O	
.	O	O	O	O	

—	O	O	O	O	
Vediamo	O	O	O	O	
un	O	O	O	O	
poco	O	O	O	O	
,	O	O	O	O	
ragionaci	O	O	O	O	
su	O	O	O	O	
!	O	O	O	O	

Parliamone	O	O	O	O	
,	O	O	O	O	
perchè	O	O	O	O	
io	O	O	O	O	
voglio	O	O	O	O	
guarirti	O	O	O	O	
di	O	O	O	O	
un	O	O	O	O	
pregiudizio	O	O	O	O	
che	O	O	O	O	
non	O	O	O	O	
ti	O	O	O	O	
fa	O	O	O	O	
onore	O	O	O	O	
.	O	O	O	O	

E	O	O	O	O	
'	O	O	O	O	
jettatrice	B-PER	O	O	O	
anche	O	O	O	O	
lei	O	O	O	O	
?	O	O	O	O	

Come	O	O	O	O	
,	O	O	O	O	
perchè	O	O	O	O	
?	O	O	O	O	

Che	O	O	O	O	
cosa	O	O	O	O	
ha	O	O	O	O	
fatto	O	O	O	O	
?	O	O	O	O	

Quali	O	O	O	O	
prove	O	O	O	O	
mi	O	O	O	O	
dai	O	O	O	O	
del	O	O	O	O	
suo	O	O	O	O	
influsso	O	O	O	O	
maligno	O	O	O	O	
?	O	O	O	O	

—	O	O	O	O	
Le	O	O	O	O	
prove	O	O	O	O	
?	O	O	O	O	

Ne	O	O	O	O	
vuoi	O	O	O	O	
le	O	O	O	O	
prove	O	O	O	O	
?	O	O	O	O	

Non	O	O	O	O	
sono	O	O	O	O	
le	O	O	O	O	
prove	O	O	O	O	
quelle	O	O	O	O	
che	O	O	O	O	
mancano	O	O	O	O	
!	O	O	O	O	

...	O	O	O	O	
Ascolta	O	O	O	O	
un	O	O	O	O	
poco	O	O	O	O	
:	O	O	O	O	
nel	O	O	O	O	
metterla	O	O	O	O	
al	O	O	O	O	
mondo	B-LOC	O	O	O	
sua	B-PER	O	O	O	
madre	I-PER	O	O	O	
è	O	O	O	O	
morta	O	O	O	O	
!	O	O	O	O	

Capisci	O	O	O	O	
?	O	O	O	O	

Ha	O	O	O	O	
cominciato	O	O	O	O	
presto	O	O	O	O	
?	O	O	O	O	

...	O	O	O	O	
La	O	O	O	O	
morte	O	O	O	O	
,	O	O	O	O	
capisci	O	O	O	O	
?	O	O	O	O	

...	O	O	O	O	
E	O	O	O	O	
'	O	O	O	O	
allevata	O	O	O	O	
da	O	O	O	O	
sua	B-PER	O	O	O	
zia	I-PER	O	O	O	
.	O	O	O	O	

Quando	O	O	O	O	
il	B-PER	O	O	O	
padre	I-PER	O	O	O	
la	O	O	O	O	
riprende	O	O	O	O	
con	O	O	O	O	
sè	O	O	O	O	
,	O	O	O	O	
la	O	O	O	O	
paralisi	O	O	O	O	
lo	O	O	O	O	
inchioda	O	O	O	O	
in	O	O	O	O	
fondo	O	O	O	O	
a	O	O	O	O	
una	O	O	O	O	
poltrona	O	O	O	O	
!	O	O	O	O	

...	O	O	O	O	
A	O	O	O	O	
vent	O	O	O	O	
'	O	O	O	O	
anni	O	O	O	O	
s	O	O	O	O	
'	O	O	O	O	
innamora	O	O	O	O	
d	O	O	O	O	
'	O	O	O	O	
un	B-PER	O	O	O	
giovane	I-PER	O	O	O	
e	O	O	O	O	
lo	O	O	O	O	
innamora	O	O	O	O	
;	O	O	O	O	
costui	O	O	O	O	
si	O	O	O	O	
ammala	O	O	O	O	
d	O	O	O	O	
'	O	O	O	O	
un	O	O	O	O	
male	O	O	O	O	
tremendo	O	O	O	O	
.	O	O	O	O	

Non	O	O	O	O	
può	O	O	O	O	
sposarla	O	O	O	O	
.	O	O	O	O	

Non	O	O	O	O	
la	O	O	O	O	
vede	O	O	O	O	
per	O	O	O	O	
molto	O	O	O	O	
tempo	O	O	O	O	
:	O	O	O	O	
e	O	O	O	O	
allora	O	O	O	O	
sta	O	O	O	O	
meglio	O	O	O	O	
!	O	O	O	O	

Si	O	O	O	O	
crede	O	O	O	O	
guarito	O	O	O	O	
,	O	O	O	O	
torna	O	O	O	O	
da	O	O	O	O	
lei	O	O	O	O	
,	O	O	O	O	
il	O	O	O	O	
matrimonio	O	O	O	O	
è	O	O	O	O	
concluso	O	O	O	O	
:	O	O	O	O	
ricade	O	O	O	O	
!	O	O	O	O	

Ella	O	O	O	O	
va	O	O	O	O	
a	O	O	O	O	
trovarlo	O	O	O	O	
:	O	O	O	O	
tre	O	O	O	O	
giorni	O	O	O	O	
dopo	O	O	O	O	
egli	O	O	O	O	
muore	O	O	O	O	
.	O	O	O	O	

Capisci	O	O	O	O	
?	O	O	O	O	

...	O	O	O	O	
Io	O	O	O	O	
non	O	O	O	O	
capivo	O	O	O	O	
niente	O	O	O	O	
.	O	O	O	O	

Tutte	O	O	O	O	
queste	O	O	O	O	
cose	O	O	O	O	
m	O	O	O	O	
'	O	O	O	O	
erano	O	O	O	O	
note	O	O	O	O	
.	O	O	O	O	

Alfeni	B-PER	O	O	O	
me	O	O	O	O	
le	O	O	O	O	
aveva	O	O	O	O	
altra	O	O	O	O	
volta	O	O	O	O	
narrate	O	O	O	O	
,	O	O	O	O	
attribuendo	O	O	O	O	
ad	O	O	O	O	
esse	O	O	O	O	
un	O	O	O	O	
senso	O	O	O	O	
tutto	O	O	O	O	
opposto	O	O	O	O	
.	O	O	O	O	

Allora	O	O	O	O	
egli	O	O	O	O	
s	O	O	O	O	
'	O	O	O	O	
impietosiva	O	O	O	O	
sul	O	O	O	O	
triste	O	O	O	O	
destino	O	O	O	O	
di	O	O	O	O	
quella	B-PER	O	O	O	
creatura	I-PER	O	O	O	
,	O	O	O	O	
della	O	O	O	O	
povera	B-PER	O	O	O	
orfana	I-PER	O	O	O	
:	O	O	O	O	
la	O	O	O	O	
morte	O	O	O	O	
della	O	O	O	O	
madre	B-PER	O	O	O	
,	O	O	O	O	
la	O	O	O	O	
malattia	O	O	O	O	
del	O	O	O	O	
padre	B-PER	O	O	O	
,	O	O	O	O	
i	O	O	O	O	
dolori	O	O	O	O	
che	O	O	O	O	
ella	O	O	O	O	
aveva	O	O	O	O	
patiti	O	O	O	O	
erano	O	O	O	O	
altrettante	O	O	O	O	
ragioni	O	O	O	O	
per	O	O	O	O	
commiserarla	O	O	O	O	
,	O	O	O	O	
per	O	O	O	O	
proteggerla	O	O	O	O	
,	O	O	O	O	
per	O	O	O	O	
amarla	O	O	O	O	
.	O	O	O	O	

La	O	O	O	O	
morte	O	O	O	O	
del	O	O	O	O	
giovane	B-PER	O	O	O	
che	O	O	O	O	
aveva	O	O	O	O	
amato	O	O	O	O	
,	O	O	O	O	
la	O	O	O	O	
cui	O	O	O	O	
vita	O	O	O	O	
aveva	O	O	O	O	
voluto	O	O	O	O	
associare	O	O	O	O	
alla	O	O	O	O	
propria	O	O	O	O	
,	O	O	O	O	
spiegava	O	O	O	O	
i	O	O	O	O	
nuovi	O	O	O	O	
,	O	O	O	O	
i	O	O	O	O	
maggiori	O	O	O	O	
dolori	O	O	O	O	
:	O	O	O	O	
un	O	O	O	O	
matrimonio	O	O	O	O	
non	O	O	O	O	
più	O	O	O	O	
d	O	O	O	O	
'	O	O	O	O	
amore	O	O	O	O	
ma	O	O	O	O	
di	O	O	O	O	
convenienza	O	O	O	O	
,	O	O	O	O	
l	O	O	O	O	
'	O	O	O	O	
infelicità	O	O	O	O	
d	O	O	O	O	
'	O	O	O	O	
un	B-PER	O	O	O	
marito	I-PER	O	O	O	
che	O	O	O	O	
non	O	O	O	O	
diceva	O	O	O	O	
niente	O	O	O	O	
al	O	O	O	O	
cuor	O	O	O	O	
suo	O	O	O	O	
,	O	O	O	O	
la	O	O	O	O	
caduta	O	O	O	O	
con	O	O	O	O	
un	B-PER	O	O	O	
uomo	I-PER	O	O	O	
che	O	O	O	O	
aveva	O	O	O	O	
saputo	O	O	O	O	
farle	O	O	O	O	
battere	O	O	O	O	
il	O	O	O	O	
cuore	O	O	O	O	
...	O	O	O	O	
Ora	O	O	O	O	
anche	O	O	O	O	
il	O	O	O	O	
senso	O	O	O	O	
di	O	O	O	O	
queste	O	O	O	O	
cose	O	O	O	O	
era	O	O	O	O	
interamente	O	O	O	O	
capovolto	O	O	O	O	
:	O	O	O	O	
Alfeni	B-PER	O	O	O	
continuava	O	O	O	O	
a	O	O	O	O	
addurle	O	O	O	O	
come	O	O	O	O	
nuove	O	O	O	O	
prove	O	O	O	O	
di	O	O	O	O	
perniciosità	O	O	O	O	
:	O	O	O	O	
—	O	O	O	O	
A	O	O	O	O	
ventiquattro	O	O	O	O	
anni	O	O	O	O	
sposa	O	O	O	O	
un	B-PER	O	O	O	
uomo	I-PER	O	O	O	
,	I-PER	O	O	O	
un	I-PER	O	O	O	
galantuomo	I-PER	O	O	O	
,	O	O	O	O	
che	O	O	O	O	
le	O	O	O	O	
vuol	O	O	O	O	
bene	O	O	O	O	
,	O	O	O	O	
che	O	O	O	O	
le	O	O	O	O	
dà	O	O	O	O	
un	O	O	O	O	
bel	O	O	O	O	
nome	O	O	O	O	
e	O	O	O	O	
una	O	O	O	O	
grande	O	O	O	O	
ricchezza	O	O	O	O	
,	O	O	O	O	
che	O	O	O	O	
crede	O	O	O	O	
d	O	O	O	O	
'	O	O	O	O	
aver	O	O	O	O	
assicurato	O	O	O	O	
la	O	O	O	O	
propria	O	O	O	O	
fortuna	O	O	O	O	
.	O	O	O	O	

Quest	B-PER	O	O	O	
'	I-PER	O	O	O	
uomo	I-PER	O	O	O	
,	O	O	O	O	
dopo	O	O	O	O	
un	O	O	O	O	
anno	O	O	O	O	
di	O	O	O	O	
matrimonio	O	O	O	O	
,	O	O	O	O	
è	O	O	O	O	
tradito	O	O	O	O	
,	O	O	O	O	
offeso	O	O	O	O	
in	O	O	O	O	
tutto	O	O	O	O	
ciò	O	O	O	O	
che	O	O	O	O	
ha	O	O	O	O	
di	O	O	O	O	
più	O	O	O	O	
caro	O	O	O	O	
:	O	O	O	O	
nell	O	O	O	O	
'	O	O	O	O	
amore	O	O	O	O	
,	O	O	O	O	
nell	O	O	O	O	
'	O	O	O	O	
onore	O	O	O	O	
.	O	O	O	O	

Allora	O	O	O	O	
la	O	O	O	O	
scaccia	O	O	O	O	
:	O	O	O	O	
la	B-FAC	O	O	O	
sua	I-FAC	O	O	O	
casa	I-FAC	O	O	O	
è	O	O	O	O	
vuota	O	O	O	O	
,	O	O	O	O	
la	O	O	O	O	
sua	O	O	O	O	
vita	O	O	O	O	
infranta	O	O	O	O	
.	O	O	O	O	

Ma	O	O	O	O	
ella	O	O	O	O	
è	O	O	O	O	
lontana	O	O	O	O	
:	O	O	O	O	
egli	O	O	O	O	
torna	O	O	O	O	
a	O	O	O	O	
vivere	O	O	O	O	
tranquillo	O	O	O	O	
,	O	O	O	O	
se	O	O	O	O	
non	O	O	O	O	
felice	O	O	O	O	
...	O	O	O	O	
L	B-PER	O	O	O	
'	I-PER	O	O	O	
altro	I-PER	O	O	O	
,	I-PER	O	O	O	
l	I-PER	O	O	O	
'	I-PER	O	O	O	
amante	I-PER	O	O	O	
,	O	O	O	O	
crede	O	O	O	O	
di	O	O	O	O	
toccare	O	O	O	O	
il	O	O	O	O	
cielo	O	O	O	O	
col	O	O	O	O	
dito	O	O	O	O	
:	O	O	O	O	
ha	O	O	O	O	
conquistato	O	O	O	O	
una	B-PER	O	O	O	
bella	I-PER	O	O	O	
donna	I-PER	O	O	O	
,	O	O	O	O	
è	O	O	O	O	
l	B-PER	O	O	O	
'	I-PER	O	O	O	
eroe	I-PER	O	O	O	
d	I-PER	O	O	O	
'	I-PER	O	O	O	
un	I-PER	O	O	O	
dramma	I-PER	O	O	O	
,	O	O	O	O	
si	O	O	O	O	
sente	O	O	O	O	
sollevato	O	O	O	O	
nell	O	O	O	O	
'	O	O	O	O	
altrui	O	O	O	O	
considerazione	O	O	O	O	
.	O	O	O	O	

Fa	O	O	O	O	
i	O	O	O	O	
conti	O	O	O	O	
senza	O	O	O	O	
la	O	O	O	O	
iettatura	O	O	O	O	
.	O	O	O	O	

Era	O	O	O	O	
ricco	O	O	O	O	
anch	O	O	O	O	
'	O	O	O	O	
egli	O	O	O	O	
,	O	O	O	O	
i	O	O	O	O	
suoi	O	O	O	O	
affari	O	O	O	O	
prosperavano	O	O	O	O	
:	O	O	O	O	
dacchè	O	O	O	O	
è	O	O	O	O	
con	O	O	O	O	
lei	O	O	O	O	
cominciano	O	O	O	O	
a	O	O	O	O	
andar	O	O	O	O	
male	O	O	O	O	
,	O	O	O	O	
precipitano	O	O	O	O	
:	O	O	O	O	
si	O	O	O	O	
rovina	O	O	O	O	
,	O	O	O	O	
fallisce	O	O	O	O	
,	O	O	O	O	
è	O	O	O	O	
costretto	O	O	O	O	
a	O	O	O	O	
lasciare	O	O	O	O	
il	B-GPE	O	O	O	
suo	I-GPE	O	O	O	
paese	I-GPE	O	O	O	
!	O	O	O	O	

Ella	O	O	O	O	
ha	O	O	O	O	
una	B-PER	O	O	O	
figlia	I-PER	O	O	O	
,	O	O	O	O	
il	B-PER	O	O	O	
marito	I-PER	O	O	O	
l	O	O	O	O	
'	O	O	O	O	
ha	O	O	O	O	
presa	O	O	O	O	
naturalmente	O	O	O	O	
con	O	O	O	O	
sè	O	O	O	O	
:	O	O	O	O	
ma	O	O	O	O	
la	B-PER	O	O	O	
madre	I-PER	O	O	O	
vuol	O	O	O	O	
vederla	O	O	O	O	
,	O	O	O	O	
vuole	O	O	O	O	
averla	O	O	O	O	
.	O	O	O	O	

Litiga	O	O	O	O	
lungamente	O	O	O	O	
finchè	O	O	O	O	
ottiene	O	O	O	O	
d	O	O	O	O	
'	O	O	O	O	
aver	O	O	O	O	
la	B-PER	O	O	O	
bambina	I-PER	O	O	O	
per	O	O	O	O	
pochi	O	O	O	O	
giorni	O	O	O	O	
,	O	O	O	O	
ogni	O	O	O	O	
tanto	O	O	O	O	
.	O	O	O	O	

Ecco	O	O	O	O	
sua	B-PER	O	O	O	
figlia	I-PER	O	O	O	
con	O	O	O	O	
lei	O	O	O	O	
:	O	O	O	O	
la	B-PER	O	O	O	
bambina	I-PER	O	O	O	
si	O	O	O	O	
mette	O	O	O	O	
a	O	O	O	O	
letto	O	O	O	O	
,	O	O	O	O	
febbricitante	O	O	O	O	
.	O	O	O	O	

In	O	O	O	O	
quindici	O	O	O	O	
giorni	O	O	O	O	
è	O	O	O	O	
morta	O	O	O	O	
:	O	O	O	O	
morta	O	O	O	O	
,	O	O	O	O	
capisci	O	O	O	O	
?	O	O	O	O	

Queste	O	O	O	O	
cose	O	O	O	O	
mi	O	O	O	O	
venivano	O	O	O	O	
nuove	O	O	O	O	
.	O	O	O	O	

E	O	O	O	O	
Alfeni	B-PER	O	O	O	
parlava	O	O	O	O	
con	O	O	O	O	
tono	O	O	O	O	
così	O	O	O	O	
raccapricciante	O	O	O	O	
,	O	O	O	O	
che	O	O	O	O	
mi	O	O	O	O	
sentii	O	O	O	O	
turbato	O	O	O	O	
.	O	O	O	O	

—	O	O	O	O	
Quanto	O	O	O	O	
tempo	O	O	O	O	
è	O	O	O	O	
?	O	O	O	O	

—	O	O	O	O	
gli	O	O	O	O	
domandai	O	O	O	O	
.	O	O	O	O	

—	O	O	O	O	
Saranno	O	O	O	O	
due	O	O	O	O	
anni	O	O	O	O	
.	O	O	O	O	

—	O	O	O	O	
Tu	O	O	O	O	
eri	O	O	O	O	
ancora	O	O	O	O	
con	O	O	O	O	
lei	O	O	O	O	
?	O	O	O	O	

—	O	O	O	O	
No	O	O	O	O	
,	O	O	O	O	
c	O	O	O	O	
'	O	O	O	O	
era	O	O	O	O	
un	O	O	O	O	
altro	O	O	O	O	
.	O	O	O	O	

Allora	O	O	O	O	
io	O	O	O	O	
compresi	O	O	O	O	
.	O	O	O	O	

—	O	O	O	O	
Tu	O	O	O	O	
parli	O	O	O	O	
così	O	O	O	O	
per	O	O	O	O	
gelosia	O	O	O	O	
di	O	O	O	O	
quest	B-PER	O	O	O	
'	I-PER	O	O	O	
altro	I-PER	O	O	O	
!	O	O	O	O	

—	O	O	O	O	
Gelosia	O	O	O	O	
di	O	O	O	O	
quest	O	O	O	O	
'	O	O	O	O	
altro	O	O	O	O	
?	O	O	O	O	

...	O	O	O	O	
Aspetta	O	O	O	O	
!	O	O	O	O	

...	O	O	O	O	
Credi	O	O	O	O	
che	O	O	O	O	
abbia	O	O	O	O	
finito	O	O	O	O	
?	O	O	O	O	

Quest	O	O	O	O	
'	O	O	O	O	
altro	O	O	O	O	
pensa	O	O	O	O	
anch	O	O	O	O	
'	O	O	O	O	
egli	O	O	O	O	
di	O	O	O	O	
aver	O	O	O	O	
toccato	O	O	O	O	
il	O	O	O	O	
cielo	O	O	O	O	
col	O	O	O	O	
dito	O	O	O	O	
.	O	O	O	O	

Io	O	O	O	O	
,	O	O	O	O	
che	O	O	O	O	
oramai	O	O	O	O	
so	O	O	O	O	
tutto	O	O	O	O	
,	O	O	O	O	
non	O	O	O	O	
provo	O	O	O	O	
gelosia	O	O	O	O	
,	O	O	O	O	
sento	O	O	O	O	
pietà	O	O	O	O	
di	O	O	O	O	
lui	O	O	O	O	
.	O	O	O	O	

Dico	O	O	O	O	
tra	O	O	O	O	
me	O	O	O	O	
:	O	O	O	O	
anch	O	O	O	O	
'	O	O	O	O	
egli	O	O	O	O	
la	O	O	O	O	
pagherà	O	O	O	O	
!	O	O	O	O	

Ma	O	O	O	O	
potevo	O	O	O	O	
sospettare	O	O	O	O	
in	O	O	O	O	
che	O	O	O	O	
modo	O	O	O	O	
?	O	O	O	O	

Ero	O	O	O	O	
sicuro	O	O	O	O	
che	O	O	O	O	
avrebbe	O	O	O	O	
sofferto	O	O	O	O	
,	O	O	O	O	
che	O	O	O	O	
gli	O	O	O	O	
sarebbe	O	O	O	O	
accaduta	O	O	O	O	
qualche	O	O	O	O	
disgrazia	O	O	O	O	
.	O	O	O	O	

Un	O	O	O	O	
giorno	O	O	O	O	
lascia	O	O	O	O	
Napoli	B-GPE	O	O	O	
,	O	O	O	O	
parte	O	O	O	O	
per	O	O	O	O	
Torino	B-GPE	O	O	O	
;	O	O	O	O	
non	O	O	O	O	
c	O	O	O	O	
'	O	O	O	O	
è	O	O	O	O	
ancora	O	O	O	O	
arrivato	O	O	O	O	
che	O	O	O	O	
il	B-VEH	O	O	O	
convoglio	I-VEH	O	O	O	
precipita	O	O	O	O	
fuori	O	O	O	O	
delle	O	O	O	O	
rotaie	B-FAC	O	O	O	
.	O	O	O	O	

Era	O	O	O	O	
uno	O	O	O	O	
dei	O	O	O	O	
più	B-PER	O	O	O	
begli	I-PER	O	O	O	
uomini	I-PER	O	O	O	
ch	O	O	O	O	
'	O	O	O	O	
io	O	O	O	O	
abbia	O	O	O	O	
mai	O	O	O	O	
visti	O	O	O	O	
—	O	O	O	O	
pensa	O	O	O	O	
un	O	O	O	O	
poco	O	O	O	O	
se	O	O	O	O	
ne	O	O	O	O	
provavo	O	O	O	O	
gelosia	O	O	O	O	
!	O	O	O	O	

—	O	O	O	O	
e	O	O	O	O	
gli	O	O	O	O	
hanno	O	O	O	O	
da	O	O	O	O	
tagliare	O	O	O	O	
tutt	O	O	O	O	
'	O	O	O	O	
e	O	O	O	O	
due	O	O	O	O	
le	O	O	O	O	
gambe	O	O	O	O	
;	O	O	O	O	
anche	O	O	O	O	
le	O	O	O	O	
braccia	O	O	O	O	
,	O	O	O	O	
il	O	O	O	O	
viso	O	O	O	O	
,	O	O	O	O	
tutto	O	O	O	O	
il	O	O	O	O	
corpo	O	O	O	O	
è	O	O	O	O	
una	O	O	O	O	
piaga	O	O	O	O	
.	O	O	O	O	

Vive	O	O	O	O	
qualche	O	O	O	O	
tempo	O	O	O	O	
così	O	O	O	O	
,	O	O	O	O	
poi	O	O	O	O	
muore	O	O	O	O	
.	O	O	O	O	

Muore	O	O	O	O	
,	O	O	O	O	
capisci	O	O	O	O	
?	O	O	O	O	

La	O	O	O	O	
morte	O	O	O	O	
ancor	O	O	O	O	
,	O	O	O	O	
come	O	O	O	O	
dice	O	O	O	O	
Carmen	B-PER	O	O	O	
!	O	O	O	O	

Rise	O	O	O	O	
d	O	O	O	O	
'	O	O	O	O	
un	O	O	O	O	
riso	O	O	O	O	
così	O	O	O	O	
funebre	O	O	O	O	
,	O	O	O	O	
ch	O	O	O	O	
'	O	O	O	O	
io	O	O	O	O	
inorridii	O	O	O	O	
.	O	O	O	O	

Ma	O	O	O	O	
volli	O	O	O	O	
reagire	O	O	O	O	
:	O	O	O	O	
—	O	O	O	O	
E	O	O	O	O	
poi	O	O	O	O	
?	O	O	O	O	

Che	O	O	O	O	
cosa	O	O	O	O	
prova	O	O	O	O	
tutto	O	O	O	O	
ciò	O	O	O	O	
?	O	O	O	O	

Post	O	O	O	O	
hoc	O	O	O	O	
,	O	O	O	O	
ergo	O	O	O	O	
propter	O	O	O	O	
hoc	O	O	O	O	
?	O	O	O	O	

Anche	O	O	O	O	
tu	O	O	O	O	
col	O	O	O	O	
vecchio	O	O	O	O	
sofisma	O	O	O	O	
?	O	O	O	O	

Tu	O	O	O	O	
,	O	O	O	O	
intanto	O	O	O	O	
,	O	O	O	O	
non	O	O	O	O	
sei	O	O	O	O	
morto	O	O	O	O	
:	O	O	O	O	
stai	O	O	O	O	
benone	O	O	O	O	
,	O	O	O	O	
ti	O	O	O	O	
prendi	O	O	O	O	
beffe	O	O	O	O	
di	O	O	O	O	
lei	O	O	O	O	
dopo	O	O	O	O	
esserti	O	O	O	O	
divertito	O	O	O	O	
altrimenti	O	O	O	O	
.	O	O	O	O	

Avranno	O	O	O	O	
ragione	O	O	O	O	
gli	B-PER	O	O	O	
altri	I-PER	O	O	O	
di	O	O	O	O	
crederla	O	O	O	O	
jettatrice	B-PER	O	O	O	
,	O	O	O	O	
non	O	O	O	O	
tu	O	O	O	O	
!	O	O	O	O	

—	O	O	O	O	
Io	O	O	O	O	
?	O	O	O	O	

Sai	O	O	O	O	
quanti	O	O	O	O	
anni	O	O	O	O	
ho	O	O	O	O	
io	O	O	O	O	
?	O	O	O	O	

—	O	O	O	O	
Trenta	O	O	O	O	
,	O	O	O	O	
mi	O	O	O	O	
pare	O	O	O	O	
.	O	O	O	O	

—	O	O	O	O	
A	O	O	O	O	
trent	O	O	O	O	
'	O	O	O	O	
anni	O	O	O	O	
sono	O	O	O	O	
vecchio	B-PER	O	O	O	
come	O	O	O	O	
a	O	O	O	O	
sessanta	O	O	O	O	
.	O	O	O	O	

Questa	B-PER	O	O	O	
donna	I-PER	O	O	O	
mi	O	O	O	O	
ha	O	O	O	O	
corroso	O	O	O	O	
l	O	O	O	O	
'	O	O	O	O	
anima	O	O	O	O	
e	O	O	O	O	
il	O	O	O	O	
corpo	O	O	O	O	
.	O	O	O	O	

La	O	O	O	O	
morte	O	O	O	O	
è	O	O	O	O	
preferibile	O	O	O	O	
alla	O	O	O	O	
miseria	O	O	O	O	
nella	O	O	O	O	
quale	O	O	O	O	
io	O	O	O	O	
vivo	O	O	O	O	
.	O	O	O	O	

E	O	O	O	O	
guarda	O	O	O	O	
come	O	O	O	O	
costei	O	O	O	O	
fa	O	O	O	O	
a	O	O	O	O	
ciascuno	B-PER	O	O	O	
il	O	O	O	O	
male	O	O	O	O	
più	O	O	O	O	
sensibile	O	O	O	O	
!	O	O	O	O	

