Contessa	B-PER	O	O	O	
gentilissima	I-PER	O	O	O	
e	I-PER	O	O	O	
furibonda	I-PER	O	O	O	
amica	I-PER	O	O	O	
,	O	O	O	O	
Mea	O	O	O	O	
culpa	O	O	O	O	
!	O	O	O	O	

Mea	O	O	O	O	
culpa	O	O	O	O	
!	O	O	O	O	

Mea	O	O	O	O	
maxima	O	O	O	O	
culpa	O	O	O	O	
!	O	O	O	O	

...	O	O	O	O	
Non	O	O	O	O	
basterà	O	O	O	O	
picchiarsi	O	O	O	O	
il	O	O	O	O	
petto	O	O	O	O	
,	O	O	O	O	
accusarsi	O	O	O	O	
umilmente	O	O	O	O	
,	O	O	O	O	
implorare	O	O	O	O	
perdono	O	O	O	O	
?	O	O	O	O	

Ella	O	O	O	O	
dice	O	O	O	O	
di	O	O	O	O	
no	O	O	O	O	
?	O	O	O	O	

La	O	O	O	O	
colpa	O	O	O	O	
mia	O	O	O	O	
è	O	O	O	O	
proprio	O	O	O	O	
irremissibile	O	O	O	O	
?	O	O	O	O	

...	O	O	O	O	
Via	O	O	O	O	
,	O	O	O	O	
mi	O	O	O	O	
lasci	O	O	O	O	
almeno	O	O	O	O	
sperare	O	O	O	O	
.	O	O	O	O	

Ella	O	O	O	O	
sa	O	O	O	O	
del	O	O	O	O	
resto	O	O	O	O	
benissimo	O	O	O	O	
che	O	O	O	O	
la	O	O	O	O	
speranza	O	O	O	O	
non	O	O	O	O	
ha	O	O	O	O	
bisogno	O	O	O	O	
,	O	O	O	O	
non	O	O	O	O	
che	O	O	O	O	
di	O	O	O	O	
permessi	O	O	O	O	
,	O	O	O	O	
ma	O	O	O	O	
neppure	O	O	O	O	
d	O	O	O	O	
'	O	O	O	O	
argomenti	O	O	O	O	
per	O	O	O	O	
farci	O	O	O	O	
accogliere	O	O	O	O	
le	O	O	O	O	
sue	O	O	O	O	
persuasioni	O	O	O	O	
.	O	O	O	O	

Se	O	O	O	O	
pure	O	O	O	O	
ella	O	O	O	O	
non	O	O	O	O	
vuole	O	O	O	O	
,	O	O	O	O	
io	O	O	O	O	
posso	O	O	O	O	
egualmente	O	O	O	O	
credere	O	O	O	O	
che	O	O	O	O	
un	O	O	O	O	
giorno	O	O	O	O	
o	O	O	O	O	
l	O	O	O	O	
'	O	O	O	O	
altro	O	O	O	O	
la	O	O	O	O	
troverò	O	O	O	O	
meno	O	O	O	O	
severa	O	O	O	O	
contro	O	O	O	O	
questo	O	O	O	O	
povero	O	O	O	O	
signor	O	O	O	O	
Me	O	O	O	O	
Stesso	O	O	O	O	
...	O	O	O	O	
E	O	O	O	O	
dire	O	O	O	O	
che	O	O	O	O	
era	O	O	O	O	
tanto	O	O	O	O	
disposta	O	O	O	O	
all	O	O	O	O	
'	O	O	O	O	
indulgenza	O	O	O	O	
!	O	O	O	O	

Mi	O	O	O	O	
faceva	O	O	O	O	
buone	O	O	O	O	
tante	O	O	O	O	
cose	O	O	O	O	
!	O	O	O	O	

Tollerava	O	O	O	O	
la	O	O	O	O	
mia	O	O	O	O	
freddezza	O	O	O	O	
,	O	O	O	O	
il	O	O	O	O	
mio	O	O	O	O	
scetticismo	O	O	O	O	
,	O	O	O	O	
la	O	O	O	O	
scettica	O	O	O	O	
e	O	O	O	O	
spietata	O	O	O	O	
freddezzacon	O	O	O	O	
la	O	O	O	O	
quale	O	O	O	O	
esposi	O	O	O	O	
le	O	O	O	O	
teorie	O	O	O	O	
più	O	O	O	O	
sconfortate	O	O	O	O	
;	O	O	O	O	
scusava	O	O	O	O	
,	O	O	O	O	
se	O	O	O	O	
pure	O	O	O	O	
non	O	O	O	O	
giustificava	O	O	O	O	
,	O	O	O	O	
il	O	O	O	O	
vandalismo	O	O	O	O	
morale	O	O	O	O	
col	O	O	O	O	
quale	O	O	O	O	
mi	O	O	O	O	
ero	O	O	O	O	
messo	O	O	O	O	
a	O	O	O	O	
sfrondare	O	O	O	O	
,	O	O	O	O	
ad	O	O	O	O	
abbattere	O	O	O	O	
,	O	O	O	O	
a	O	O	O	O	
disperdere	O	O	O	O	
ogni	O	O	O	O	
poesia	O	O	O	O	
e	O	O	O	O	
ogni	O	O	O	O	
idealità	O	O	O	O	
!	O	O	O	O	

Ma	O	O	O	O	
una	O	O	O	O	
cosa	O	O	O	O	
l	O	O	O	O	
'	O	O	O	O	
ha	O	O	O	O	
rivoltata	O	O	O	O	
,	O	O	O	O	
una	O	O	O	O	
goccia	O	O	O	O	
di	O	O	O	O	
fiele	O	O	O	O	
ha	O	O	O	O	
fatto	O	O	O	O	
traboccare	O	O	O	O	
il	O	O	O	O	
suo	O	O	O	O	
sdegno	O	O	O	O	
.	O	O	O	O	

Quando	O	O	O	O	
io	O	O	O	O	
ho	O	O	O	O	
detto	O	O	O	O	
che	O	O	O	O	
gli	B-PER	O	O	O	
uomini	I-PER	O	O	O	
non	O	O	O	O	
possono	O	O	O	O	
intendersi	O	O	O	O	
,	O	O	O	O	
che	O	O	O	O	
le	O	O	O	O	
anime	O	O	O	O	
non	O	O	O	O	
possono	O	O	O	O	
comunicare	O	O	O	O	
,	O	O	O	O	
che	O	O	O	O	
il	O	O	O	O	
pensiero	O	O	O	O	
e	O	O	O	O	
il	O	O	O	O	
sentimento	O	O	O	O	
sono	O	O	O	O	
intrasmissibili	O	O	O	O	
,	O	O	O	O	
non	O	O	O	O	
m	O	O	O	O	
'	O	O	O	O	
è	O	O	O	O	
valso	O	O	O	O	
riferire	O	O	O	O	
il	O	O	O	O	
giudizio	O	O	O	O	
d	O	O	O	O	
'	O	O	O	O	
un	B-PER	O	O	O	
filosofo	I-PER	O	O	O	
come	I-PER	O	O	O	
Taine	I-PER	O	O	O	
,	O	O	O	O	
non	O	O	O	O	
m	O	O	O	O	
'	O	O	O	O	
è	O	O	O	O	
giovato	O	O	O	O	
citare	O	O	O	O	
un	B-PER	O	O	O	
poeta	I-PER	O	O	O	
come	I-PER	O	O	O	
Baudelaire	I-PER	O	O	O	
,	O	O	O	O	
è	O	O	O	O	
stato	O	O	O	O	
inutile	O	O	O	O	
tentare	O	O	O	O	
lunghe	O	O	O	O	
e	O	O	O	O	
minute	O	O	O	O	
e	O	O	O	O	
pazienti	O	O	O	O	
dimostrazioni	O	O	O	O	
:	O	O	O	O	
sono	O	O	O	O	
stato	O	O	O	O	
giudicato	O	O	O	O	
!	O	O	O	O	

...	O	O	O	O	
Tuttavia	O	O	O	O	
bisogna	O	O	O	O	
credere	O	O	O	O	
o	O	O	O	O	
che	O	O	O	O	
ella	O	O	O	O	
speri	O	O	O	O	
di	O	O	O	O	
convertirmi	O	O	O	O	
,	O	O	O	O	
o	O	O	O	O	
che	O	O	O	O	
non	O	O	O	O	
sia	O	O	O	O	
poi	O	O	O	O	
tanto	O	O	O	O	
sicura	O	O	O	O	
delle	O	O	O	O	
sue	O	O	O	O	
opinioni	O	O	O	O	
e	O	O	O	O	
quasi	O	O	O	O	
cerchi	O	O	O	O	
,	O	O	O	O	
con	O	O	O	O	
la	O	O	O	O	
discussione	O	O	O	O	
,	O	O	O	O	
affermarle	O	O	O	O	
;	O	O	O	O	
perchè	O	O	O	O	
,	O	O	O	O	
dopo	O	O	O	O	
aver	O	O	O	O	
dichiarato	O	O	O	O	
di	O	O	O	O	
non	O	O	O	O	
voler	O	O	O	O	
discutere	O	O	O	O	
più	O	O	O	O	
,	O	O	O	O	
trovo	O	O	O	O	
ancora	O	O	O	O	
nella	O	O	O	O	
sua	O	O	O	O	
lettera	O	O	O	O	
questi	O	O	O	O	
eloquenti	O	O	O	O	
passaggi	O	O	O	O	
:	O	O	O	O	
E	O	O	O	O	
allora	O	O	O	O	
,	O	O	O	O	
se	O	O	O	O	
gli	B-PER	O	O	O	
uomini	I-PER	O	O	O	
non	O	O	O	O	
possono	O	O	O	O	
intendersi	O	O	O	O	
,	O	O	O	O	
perchè	O	O	O	O	
mai	O	O	O	O	
,	O	O	O	O	
di	O	O	O	O	
grazia	O	O	O	O	
,	O	O	O	O	
venite	O	O	O	O	
enunziando	O	O	O	O	
queste	O	O	O	O	
vostre	O	O	O	O	
eresie	O	O	O	O	
?	O	O	O	O	

Se	O	O	O	O	
tutto	O	O	O	O	
ciò	O	O	O	O	
che	O	O	O	O	
vi	O	O	O	O	
passa	O	O	O	O	
per	O	O	O	O	
il	O	O	O	O	
capo	O	O	O	O	
è	O	O	O	O	
frutto	O	O	O	O	
particolarissimo	O	O	O	O	
della	O	O	O	O	
vostra	O	O	O	O	
costituzione	O	O	O	O	
,	O	O	O	O	
dell	O	O	O	O	
'	O	O	O	O	
educazione	O	O	O	O	
,	O	O	O	O	
dell	O	O	O	O	
'	O	O	O	O	
ambiente	O	O	O	O	
,	O	O	O	O	
di	O	O	O	O	
non	O	O	O	O	
so	O	O	O	O	
quante	O	O	O	O	
altre	O	O	O	O	
diavolerie	O	O	O	O	
;	O	O	O	O	
se	O	O	O	O	
le	O	O	O	O	
vostre	O	O	O	O	
escogitazioni	O	O	O	O	
sono	O	O	O	O	
tutte	O	O	O	O	
vostre	O	O	O	O	
,	O	O	O	O	
perchè	O	O	O	O	
mai	O	O	O	O	
le	O	O	O	O	
partecipate	O	O	O	O	
al	O	O	O	O	
prossimo	B-PER	O	O	O	
?	O	O	O	O	

Io	O	O	O	O	
avevo	O	O	O	O	
finora	O	O	O	O	
creduto	O	O	O	O	
che	O	O	O	O	
quando	O	O	O	O	
uno	B-PER	O	O	O	
esprime	O	O	O	O	
una	O	O	O	O	
cosa	O	O	O	O	
,	O	O	O	O	
parlando	O	O	O	O	
o	O	O	O	O	
scrivendo	O	O	O	O	
,	O	O	O	O	
oppure	O	O	O	O	
gestendo	O	O	O	O	
,	O	O	O	O	
se	O	O	O	O	
non	O	O	O	O	
ha	O	O	O	O	
rotto	O	O	O	O	
lo	O	O	O	O	
scilinguagnolo	O	O	O	O	
,	O	O	O	O	
costui	O	O	O	O	
crede	O	O	O	O	
che	O	O	O	O	
gli	B-PER	O	O	O	
altri	I-PER	O	O	O	
potranno	O	O	O	O	
credere	O	O	O	O	
questa	O	O	O	O	
cosa	O	O	O	O	
,	O	O	O	O	
pensarla	O	O	O	O	
a	O	O	O	O	
loro	O	O	O	O	
volta	O	O	O	O	
,	O	O	O	O	
riesprimerla	O	O	O	O	
e	O	O	O	O	
comunicarla	O	O	O	O	
ad	O	O	O	O	
altri	B-PER	O	O	O	
successivamente	O	O	O	O	
!	O	O	O	O	

Ma	O	O	O	O	
se	O	O	O	O	
voi	O	O	O	O	
siete	O	O	O	O	
persuaso	O	O	O	O	
di	O	O	O	O	
non	O	O	O	O	
potervi	O	O	O	O	
intendere	O	O	O	O	
con	O	O	O	O	
nessuno	B-PER	O	O	O	
al	O	O	O	O	
mondo	B-LOC	O	O	O	
,	O	O	O	O	
mi	O	O	O	O	
pare	O	O	O	O	
che	O	O	O	O	
vi	O	O	O	O	
converrebbe	O	O	O	O	
cominciare	O	O	O	O	
,	O	O	O	O	
per	O	O	O	O	
esser	O	O	O	O	
conseguente	O	O	O	O	
,	O	O	O	O	
con	O	O	O	O	
lo	O	O	O	O	
starvene	O	O	O	O	
zitto	O	O	O	O	
!	O	O	O	O	

...	O	O	O	O	
Secondo	O	O	O	O	
voi	O	O	O	O	
ogni	B-PER	O	O	O	
creatura	I-PER	O	O	O	
umana	I-PER	O	O	O	
fa	O	O	O	O	
razza	O	O	O	O	
da	O	O	O	O	
sè	O	O	O	O	
,	O	O	O	O	
parla	O	O	O	O	
un	O	O	O	O	
linguaggio	O	O	O	O	
che	O	O	O	O	
nessun	B-PER	O	O	O	
'	I-PER	O	O	O	
altra	I-PER	O	O	O	
creatura	I-PER	O	O	O	
umana	I-PER	O	O	O	
capisce	O	O	O	O	
;	O	O	O	O	
il	B-LOC	O	O	O	
mondo	I-LOC	O	O	O	
sarebbe	O	O	O	O	
come	O	O	O	O	
un	O	B-FAC	O	O	
'	O	I-FAC	O	O	
immensa	O	I-FAC	O	O	
torre	O	I-FAC	O	O	
di	O	I-FAC	O	O	
Babele	B-GPE	I-FAC	O	O	
.	O	O	O	O	

Ma	O	O	O	O	
voi	O	O	O	O	
sapete	O	O	O	O	
benissimo	O	O	O	O	
che	O	O	O	O	
quella	B-FAC	O	O	O	
torre	I-FAC	O	O	O	
non	O	O	O	O	
fu	O	O	O	O	
potuta	O	O	O	O	
finire	O	O	O	O	
,	O	O	O	O	
che	O	O	O	O	
per	O	O	O	O	
la	O	O	O	O	
confusione	O	O	O	O	
delle	O	O	O	O	
lingue	O	O	O	O	
l	O	O	O	O	
'	O	O	O	O	
impresa	O	O	O	O	
andò	O	O	O	O	
all	O	O	O	O	
'	O	O	O	O	
aria	O	O	O	O	
.	O	O	O	O	

Invece	O	O	O	O	
io	O	O	O	O	
vedo	O	O	O	O	
che	O	O	O	O	
il	B-LOC	O	O	O	
mondo	I-LOC	O	O	O	
,	O	O	O	O	
bene	O	O	O	O	
o	O	O	O	O	
male	O	O	O	O	
,	O	O	O	O	
e	O	O	O	O	
se	O	O	O	O	
vi	O	O	O	O	
piace	O	O	O	O	
più	O	O	O	O	
male	O	O	O	O	
che	O	O	O	O	
bene	O	O	O	O	
,	O	O	O	O	
pure	O	O	O	O	
sussiste	O	O	O	O	
;	O	O	O	O	
e	O	O	O	O	
che	O	O	O	O	
ogni	O	O	O	O	
giorno	O	O	O	O	
,	O	O	O	O	
ogni	O	O	O	O	
minuto	O	O	O	O	
,	O	O	O	O	
gli	B-PER	O	O	O	
uomini	I-PER	O	O	O	
s	O	O	O	O	
'	O	O	O	O	
accordano	O	O	O	O	
in	O	O	O	O	
una	O	O	O	O	
moltitudine	O	O	O	O	
di	O	O	O	O	
affetti	O	O	O	O	
,	O	O	O	O	
d	O	O	O	O	
'	O	O	O	O	
idee	O	O	O	O	
,	O	O	O	O	
di	O	O	O	O	
persuasioni	O	O	O	O	
!	O	O	O	O	

Voi	O	O	O	O	
credete	O	O	O	O	
invece	O	O	O	O	
di	O	O	O	O	
parlar	O	O	O	O	
turco	O	O	O	O	
in	O	O	O	O	
mezzo	O	O	O	O	
a	O	O	O	O	
un	B-PER	O	O	O	
pubblico	I-PER	O	O	O	
che	O	O	O	O	
del	O	O	O	O	
turco	O	O	O	O	
non	O	O	O	O	
conosce	O	O	O	O	
neppure	O	O	O	O	
la	O	O	O	O	
canzonatoria	O	O	O	O	
strofetta	O	O	O	O	
:	O	O	O	O	
C	O	O	O	O	
'	O	O	O	O	
est	O	O	O	O	
par	O	O	O	O	
là	O	O	O	O	
,	O	O	O	O	
Par	O	O	O	O	
Allah	B-PER	O	O	O	
!	O	O	O	O	

Qu	O	O	O	O	
'	O	O	O	O	
Abdallah	B-PER	O	O	O	
S	O	O	O	O	
'	O	O	O	O	
en	O	O	O	O	
alla	O	O	O	O	
!	O	O	O	O	

O	O	O	O	O	
non	O	O	O	O	
è	O	O	O	O	
dunque	O	O	O	O	
fiato	O	O	O	O	
sprecato	O	O	O	O	
?	O	O	O	O	

E	O	O	O	O	
allora	O	O	O	O	
,	O	O	O	O	
scusate	O	O	O	O	
,	O	O	O	O	
perchè	O	O	O	O	
non	O	O	O	O	
smettete	O	O	O	O	
?	O	O	O	O	

...	O	O	O	O	
Io	O	O	O	O	
le	O	O	O	O	
potrei	O	O	O	O	
dar	O	O	O	O	
causa	O	O	O	O	
vinta	O	O	O	O	
,	O	O	O	O	
signora	B-PER	O	O	O	
,	O	O	O	O	
e	O	O	O	O	
risponderle	O	O	O	O	
che	O	O	O	O	
il	O	O	O	O	
suo	O	O	O	O	
consiglio	O	O	O	O	
è	O	O	O	O	
veramente	O	O	O	O	
da	O	O	O	O	
seguire	O	O	O	O	
.	O	O	O	O	

Potrei	O	O	O	O	
risponderle	O	O	O	O	
che	O	O	O	O	
se	O	O	O	O	
appunto	O	O	O	O	
ella	O	O	O	O	
,	O	O	O	O	
d	O	O	O	O	
'	O	O	O	O	
ordinario	O	O	O	O	
così	O	O	O	O	
indulgente	O	O	O	O	
con	O	O	O	O	
me	O	O	O	O	
,	O	O	O	O	
si	O	O	O	O	
è	O	O	O	O	
tanto	O	O	O	O	
sdegnata	O	O	O	O	
,	O	O	O	O	
ciò	O	O	O	O	
prova	O	O	O	O	
luminosamente	O	O	O	O	
che	O	O	O	O	
quando	O	O	O	O	
due	B-PER	O	O	O	
persone	I-PER	O	O	O	
,	O	O	O	O	
grazie	O	O	O	O	
ad	O	O	O	O	
una	O	O	O	O	
lunga	O	O	O	O	
ed	O	O	O	O	
assidua	O	O	O	O	
dimestichezza	O	O	O	O	
intellettuale	O	O	O	O	
,	O	O	O	O	
sembrano	O	O	O	O	
capaci	O	O	O	O	
d	O	O	O	O	
'	O	O	O	O	
intendersi	O	O	O	O	
,	O	O	O	O	
a	O	O	O	O	
un	O	O	O	O	
tratto	O	O	O	O	
,	O	O	O	O	
per	O	O	O	O	
un	O	O	O	O	
'	O	O	O	O	
idea	O	O	O	O	
,	O	O	O	O	
per	O	O	O	O	
una	O	O	O	O	
parola	O	O	O	O	
,	O	O	O	O	
per	O	O	O	O	
una	O	O	O	O	
intonazione	O	O	O	O	
di	O	O	O	O	
voce	O	O	O	O	
,	O	O	O	O	
non	O	O	O	O	
s	O	O	O	O	
'	O	O	O	O	
intendono	O	O	O	O	
più	O	O	O	O	
,	O	O	O	O	
anzi	O	O	O	O	
si	O	O	O	O	
crucciano	O	O	O	O	
—	O	O	O	O	
nè	O	O	O	O	
sempre	O	O	O	O	
manifestano	O	O	O	O	
il	O	O	O	O	
loro	O	O	O	O	
cruccio	O	O	O	O	
con	O	O	O	O	
lo	O	O	O	O	
spirito	O	O	O	O	
amabilmente	O	O	O	O	
sardonico	O	O	O	O	
che	O	O	O	O	
ella	O	O	O	O	
mette	O	O	O	O	
nel	O	O	O	O	
manifestarmi	O	O	O	O	
il	O	O	O	O	
suo	O	O	O	O	
.	O	O	O	O	

Queste	O	O	O	O	
risposte	O	O	O	O	
che	O	O	O	O	
potrei	O	O	O	O	
darle	O	O	O	O	
le	O	O	O	O	
tengo	O	O	O	O	
tuttavia	O	O	O	O	
per	O	O	O	O	
me	O	O	O	O	
.	O	O	O	O	

A	O	O	O	O	
lei	O	O	O	O	
dico	O	O	O	O	
,	O	O	O	O	
contessa	B-PER	O	O	O	
,	O	O	O	O	
che	O	O	O	O	
dopo	O	O	O	O	
la	O	O	O	O	
sua	O	O	O	O	
lettera	O	O	O	O	
e	O	O	O	O	
grazie	O	O	O	O	
a	O	O	O	O	
nuove	O	O	O	O	
riflessioni	O	O	O	O	
,	O	O	O	O	
mi	O	O	O	O	
sono	O	O	O	O	
ricreduto	O	O	O	O	
.	O	O	O	O	

No	O	O	O	O	
,	O	O	O	O	
non	O	O	O	O	
è	O	O	O	O	
vero	O	O	O	O	
che	O	O	O	O	
ogni	O	O	O	O	
cervello	O	O	O	O	
sia	O	O	O	O	
un	B-LOC	O	O	O	
mondo	I-LOC	O	O	O	
e	O	O	O	O	
che	O	O	O	O	
questi	B-LOC	O	O	O	
mondi	I-LOC	O	O	O	
s	O	O	O	O	
'	O	O	O	O	
aggirino	O	O	O	O	
eternamente	O	O	O	O	
separati	O	O	O	O	
,	O	O	O	O	
senza	O	O	O	O	
speranza	O	O	O	O	
di	O	O	O	O	
poter	O	O	O	O	
mai	O	O	O	O	
comunicare	O	O	O	O	
.	O	O	O	O	

Sì	O	O	O	O	
,	O	O	O	O	
tra	O	O	O	O	
gli	B-PER	O	O	O	
uomini	I-PER	O	O	O	
che	O	O	O	O	
più	O	O	O	O	
sembrano	O	O	O	O	
diversi	O	O	O	O	
,	O	O	O	O	
tra	O	O	O	O	
un	B-PER	O	O	O	
viaggiatore	I-PER	O	O	O	
europeo	I-PER	O	O	O	
,	I-PER	O	O	O	
sapiente	I-PER	O	O	O	
,	I-PER	O	O	O	
cosciente	I-PER	O	O	O	
,	I-PER	O	O	O	
raffinato	I-PER	O	O	O	
,	O	O	O	O	
e	O	O	O	O	
l	B-PER	O	O	O	
'	I-PER	O	O	O	
ultimo	I-PER	O	O	O	
Zulù	I-PER	O	O	O	
,	O	O	O	O	
c	O	O	O	O	
'	O	O	O	O	
è	O	O	O	O	
un	O	O	O	O	
fondo	O	O	O	O	
comune	O	O	O	O	
,	O	O	O	O	
se	O	O	O	O	
non	O	O	O	O	
propriamente	O	O	O	O	
di	O	O	O	O	
pensieri	O	O	O	O	
,	O	O	O	O	
almeno	O	O	O	O	
d	O	O	O	O	
'	O	O	O	O	
istinti	O	O	O	O	
,	O	O	O	O	
che	O	O	O	O	
li	O	O	O	O	
affratella	O	O	O	O	
.	O	O	O	O	

E	O	O	O	O	
tra	O	O	O	O	
gli	B-PER	O	O	O	
uomini	I-PER	O	O	O	
e	I-PER	O	O	O	
le	I-PER	O	O	O	
donne	I-PER	O	O	O	
—	O	O	O	O	
il	O	O	O	O	
punto	O	O	O	O	
controverso	O	O	O	O	
era	O	O	O	O	
questo	O	O	O	O	
!	O	O	O	O	

—	O	O	O	O	
le	O	O	O	O	
differenze	O	O	O	O	
del	O	O	O	O	
sesso	O	O	O	O	
non	O	O	O	O	
sono	O	O	O	O	
così	O	O	O	O	
profonde	O	O	O	O	
da	O	O	O	O	
rendere	O	O	O	O	
impossibile	O	O	O	O	
o	O	O	O	O	
molto	O	O	O	O	
difficile	O	O	O	O	
la	O	O	O	O	
comprensione	O	O	O	O	
reciproca	O	O	O	O	
.	O	O	O	O	

Uomini	B-PER	O	O	O	
e	I-PER	O	O	O	
donne	I-PER	O	O	O	
non	O	O	O	O	
solamente	O	O	O	O	
s	O	O	O	O	
'	O	O	O	O	
intendono	O	O	O	O	
quando	O	O	O	O	
s	O	O	O	O	
'	O	O	O	O	
amano	O	O	O	O	
,	O	O	O	O	
s	O	O	O	O	
'	O	O	O	O	
accostano	O	O	O	O	
e	O	O	O	O	
si	O	O	O	O	
parlano	O	O	O	O	
,	O	O	O	O	
ma	O	O	O	O	
possono	O	O	O	O	
anche	O	O	O	O	
intendersi	O	O	O	O	
a	O	O	O	O	
distanza	O	O	O	O	
,	O	O	O	O	
senza	O	O	O	O	
vedersi	O	O	O	O	
;	O	O	O	O	
e	O	O	O	O	
intendersi	O	O	O	O	
a	O	O	O	O	
segno	O	O	O	O	
da	O	O	O	O	
accordare	O	O	O	O	
le	O	O	O	O	
loro	O	O	O	O	
volontà	O	O	O	O	
e	O	O	O	O	
da	O	O	O	O	
uniformare	O	O	O	O	
i	O	O	O	O	
loro	O	O	O	O	
atti	O	O	O	O	
a	O	O	O	O	
queste	O	O	O	O	
volontà	O	O	O	O	
concordi	O	O	O	O	
!	O	O	O	O	

...	O	O	O	O	
Ella	O	O	O	O	
dice	O	O	O	O	
che	O	O	O	O	
adesso	O	O	O	O	
è	O	O	O	O	
troppo	O	O	O	O	
?	O	O	O	O	

Che	O	O	O	O	
casco	O	O	O	O	
nell	O	O	O	O	
'	O	O	O	O	
eccesso	O	O	O	O	
contrario	O	O	O	O	
?	O	O	O	O	

Che	O	O	O	O	
vengo	O	O	O	O	
a	O	O	O	O	
parlarle	O	O	O	O	
di	O	O	O	O	
spiritismo	O	O	O	O	
e	O	O	O	O	
di	O	O	O	O	
telepatia	O	O	O	O	
quando	O	O	O	O	
la	O	O	O	O	
discussione	O	O	O	O	
s	O	O	O	O	
'	O	O	O	O	
aggirava	O	O	O	O	
intorno	O	O	O	O	
a	O	O	O	O	
un	O	O	O	O	
argomento	O	O	O	O	
tutto	O	O	O	O	
morale	O	O	O	O	
?	O	O	O	O	

No	O	O	O	O	
,	O	O	O	O	
mia	B-PER	O	O	O	
cara	I-PER	O	O	O	
amica	I-PER	O	O	O	
:	O	O	O	O	
non	O	O	O	O	
le	O	O	O	O	
parlo	O	O	O	O	
di	O	O	O	O	
telepatia	O	O	O	O	
nè	O	O	O	O	
di	O	O	O	O	
magnetismo	O	O	O	O	
:	O	O	O	O	
resto	O	O	O	O	
nell	O	O	O	O	
'	O	O	O	O	
argomento	O	O	O	O	
.	O	O	O	O	

Ed	O	O	O	O	
io	O	O	O	O	
,	O	O	O	O	
guardi	O	O	O	O	
,	O	O	O	O	
mi	O	O	O	O	
sono	O	O	O	O	
ricreduto	O	O	O	O	
appunto	O	O	O	O	
perchè	O	O	O	O	
,	O	O	O	O	
dopo	O	O	O	O	
la	O	O	O	O	
sua	O	O	O	O	
lettera	O	O	O	O	
,	O	O	O	O	
ho	O	O	O	O	
rammentato	O	O	O	O	
un	O	O	O	O	
fatto	O	O	O	O	
che	O	O	O	O	
dimostra	O	O	O	O	
appunto	O	O	O	O	
la	O	O	O	O	
possibilità	O	O	O	O	
di	O	O	O	O	
quest	O	O	O	O	
'	O	O	O	O	
accordo	O	O	O	O	
a	O	O	O	O	
distanza	O	O	O	O	
,	O	O	O	O	
di	O	O	O	O	
questa	O	O	O	O	
muta	O	O	O	O	
intesa	O	O	O	O	
!	O	O	O	O	

...	O	O	O	O	
Una	O	O	O	O	
storiella	O	O	O	O	
?	O	O	O	O	

mi	O	O	O	O	
par	O	O	O	O	
d	O	O	O	O	
'	O	O	O	O	
udirla	O	O	O	O	
esclamare	O	O	O	O	
,	O	O	O	O	
con	O	O	O	O	
una	O	O	O	O	
scrollatina	O	O	O	O	
di	O	O	O	O	
spalle	O	O	O	O	
,	O	O	O	O	
con	O	O	O	O	
un	O	O	O	O	
sorrisetto	O	O	O	O	
canzonatorio	O	O	O	O	
,	O	O	O	O	
come	O	O	O	O	
per	O	O	O	O	
significarmi	O	O	O	O	
che	O	O	O	O	
ella	O	O	O	O	
non	O	O	O	O	
crede	O	O	O	O	
ai	O	O	O	O	
fatti	O	O	O	O	
narrati	O	O	O	O	
dai	O	O	O	O	
narratori	B-PER	O	O	O	
di	I-PER	O	O	O	
professione	I-PER	O	O	O	
.	O	O	O	O	

Io	O	O	O	O	
vorrei	O	O	O	O	
pregarla	O	O	O	O	
di	O	O	O	O	
credere	O	O	O	O	
che	O	O	O	O	
non	O	O	O	O	
invento	O	O	O	O	
.	O	O	O	O	

Potrà	O	O	O	O	
anche	O	O	O	O	
darsi	O	O	O	O	
che	O	O	O	O	
il	O	O	O	O	
fatto	O	O	O	O	
non	O	O	O	O	
sia	O	O	O	O	
vero	O	O	O	O	
;	O	O	O	O	
garantisco	O	O	O	O	
soltanto	O	O	O	O	
che	O	O	O	O	
m	O	O	O	O	
'	O	O	O	O	
è	O	O	O	O	
stato	O	O	O	O	
riferito	O	O	O	O	
,	O	O	O	O	
dagli	O	O	O	O	
stessi	O	O	O	O	
protagonisti	B-PER	O	O	O	
,	O	O	O	O	
così	O	O	O	O	
come	O	O	O	O	
glie	O	O	O	O	
lo	O	O	O	O	
racconterò	O	O	O	O	
.	O	O	O	O	

Noi	O	O	O	O	
cantastorie	B-PER	O	O	O	
siamo	O	O	O	O	
spesso	O	O	O	O	
presi	O	O	O	O	
a	O	O	O	O	
confidenti	B-PER	O	O	O	
dalla	O	O	O	O	
gente	B-PER	O	O	O	
che	O	O	O	O	
ha	O	O	O	O	
qualcosa	O	O	O	O	
sullo	O	O	O	O	
stomaco	O	O	O	O	
.	O	O	O	O	

La	O	O	O	O	
confessione	O	O	O	O	
non	O	O	O	O	
fu	O	O	O	O	
detta	O	O	O	O	
molto	O	O	O	O	
propriamente	O	O	O	O	
Sacramento	O	O	O	O	
della	O	O	O	O	
penitenza	O	O	O	O	
;	O	O	O	O	
prima	O	O	O	O	
che	O	O	O	O	
penitenza	O	O	O	O	
è	O	O	O	O	
sollievo	O	O	O	O	
.	O	O	O	O	

I	O	O	O	O	
nostri	O	O	O	O	
secreti	O	O	O	O	
ci	O	O	O	O	
rodono	O	O	O	O	
,	O	O	O	O	
ci	O	O	O	O	
opprimono	O	O	O	O	
,	O	O	O	O	
ci	O	O	O	O	
soffocano	O	O	O	O	
;	O	O	O	O	
il	O	O	O	O	
pensiero	O	O	O	O	
assiduo	O	O	O	O	
,	O	O	O	O	
cocente	O	O	O	O	
,	O	O	O	O	
tende	O	O	O	O	
ad	O	O	O	O	
esprimersi	O	O	O	O	
,	O	O	O	O	
spinge	O	O	O	O	
all	O	O	O	O	
'	O	O	O	O	
azione	O	O	O	O	
ed	O	O	O	O	
alla	O	O	O	O	
rivelazione	O	O	O	O	
.	O	O	O	O	

La	O	O	O	O	
psicologia	O	O	O	O	
fisiologica	O	O	O	O	
spiega	O	O	O	O	
molto	O	O	O	O	
bene	O	O	O	O	
questo	O	O	O	O	
rapporto	O	O	O	O	
tra	O	O	O	O	
la	O	O	O	O	
funzione	O	O	O	O	
ideatrice	O	O	O	O	
e	O	O	O	O	
la	O	O	O	O	
motrice	O	O	O	O	
;	O	O	O	O	
ma	O	O	O	O	
noi	O	O	O	O	
lasceremo	O	O	O	O	
da	O	O	O	O	
parte	O	O	O	O	
la	O	O	O	O	
scienza	O	O	O	O	
e	O	O	O	O	
le	O	O	O	O	
sue	O	O	O	O	
spiegazioni	O	O	O	O	
.	O	O	O	O	

Io	O	O	O	O	
voglio	O	O	O	O	
soltanto	O	O	O	O	
dirle	O	O	O	O	
che	O	O	O	O	
,	O	O	O	O	
come	O	O	O	O	
i	B-PER	O	O	O	
confessori	I-PER	O	O	O	
,	O	O	O	O	
i	B-PER	O	O	O	
narratori	I-PER	O	O	O	
ne	O	O	O	O	
odono	O	O	O	O	
spesso	O	O	O	O	
d	O	O	O	O	
'	O	O	O	O	
ogni	O	O	O	O	
colore	O	O	O	O	
.	O	O	O	O	

Oltre	O	O	O	O	
l	O	O	O	O	
'	O	O	O	O	
istintivo	O	O	O	O	
e	O	O	O	O	
spesso	O	O	O	O	
incosciente	O	O	O	O	
bisogno	O	O	O	O	
di	O	O	O	O	
comunicare	O	O	O	O	
l	O	O	O	O	
'	O	O	O	O	
invasante	O	O	O	O	
pensiero	O	O	O	O	
,	O	O	O	O	
un	O	O	O	O	
interesse	O	O	O	O	
tutto	O	O	O	O	
personale	O	O	O	O	
,	O	O	O	O	
la	O	O	O	O	
salute	O	O	O	O	
dell	O	O	O	O	
'	O	O	O	O	
anima	O	O	O	O	
,	O	O	O	O	
spinge	O	O	O	O	
i	B-PER	O	O	O	
credenti	I-PER	O	O	O	
a	O	O	O	O	
confessarsi	O	O	O	O	
.	O	O	O	O	

L	O	O	O	O	
'	O	O	O	O	
egoismo	O	O	O	O	
che	O	O	O	O	
spinge	O	O	O	O	
a	O	O	O	O	
noi	O	O	O	O	
i	B-PER	O	O	O	
confidenti	I-PER	O	O	O	
si	O	O	O	O	
chiama	O	O	O	O	
vanità	O	O	O	O	
.	O	O	O	O	

Essi	O	O	O	O	
vengono	O	O	O	O	
a	O	O	O	O	
narrarci	O	O	O	O	
i	O	O	O	O	
fatti	O	O	O	O	
loro	O	O	O	O	
perchè	O	O	O	O	
,	O	O	O	O	
presumendo	O	O	O	O	
che	O	O	O	O	
questi	O	O	O	O	
fatti	O	O	O	O	
siano	O	O	O	O	
straordinarii	O	O	O	O	
e	O	O	O	O	
che	O	O	O	O	
a	O	O	O	O	
nessuno	B-PER	O	O	O	
mai	O	O	O	O	
potrebbero	O	O	O	O	
capitarne	O	O	O	O	
altrettali	O	O	O	O	
,	O	O	O	O	
noi	O	O	O	O	
riveliamo	O	O	O	O	
al	O	O	O	O	
gran	B-PER	O	O	O	
pubblico	I-PER	O	O	O	
e	O	O	O	O	
tramandiamo	O	O	O	O	
ai	O	O	O	O	
posteri	O	O	O	O	
i	O	O	O	O	
rari	O	O	O	O	
e	O	O	O	O	
fatali	O	O	O	O	
avvenimenti	O	O	O	O	
.	O	O	O	O	

A	O	O	O	O	
onor	O	O	O	O	
del	O	O	O	O	
vero	O	O	O	O	
,	O	O	O	O	
non	O	O	O	O	
tutti	O	O	O	O	
sono	O	O	O	O	
così	O	O	O	O	
vani	O	O	O	O	
;	O	O	O	O	
alcuni	B-PER	O	O	O	
,	I-PER	O	O	O	
più	I-PER	O	O	O	
modesti	I-PER	O	O	O	
,	I-PER	O	O	O	
più	I-PER	O	O	O	
semplici	I-PER	O	O	O	
,	O	O	O	O	
vengono	O	O	O	O	
a	O	O	O	O	
noi	O	O	O	O	
imaginando	O	O	O	O	
che	O	O	O	O	
la	O	O	O	O	
nostra	O	O	O	O	
scienza	O	O	O	O	
sappia	O	O	O	O	
leggere	O	O	O	O	
là	O	O	O	O	
dov	O	O	O	O	
'	O	O	O	O	
essi	O	O	O	O	
non	O	O	O	O	
comprendono	O	O	O	O	
;	O	O	O	O	
altri	B-PER	O	O	O	
ancora	O	O	O	O	
—	O	O	O	O	
e	O	O	O	O	
sono	O	O	O	O	
quelli	B-PER	O	O	O	
che	O	O	O	O	
ci	O	O	O	O	
fanno	O	O	O	O	
maggior	O	O	O	O	
piacere	O	O	O	O	
—	O	O	O	O	
non	O	O	O	O	
vengono	O	O	O	O	
a	O	O	O	O	
noi	O	O	O	O	
,	O	O	O	O	
ci	O	O	O	O	
mandano	O	O	O	O	
le	O	O	O	O	
loro	O	O	O	O	
confessioni	O	O	O	O	
scritte	O	O	O	O	
,	O	O	O	O	
dentro	O	O	O	O	
una	O	O	O	O	
busta	O	O	O	O	
.	O	O	O	O	

Uno	O	O	O	O	
per	O	O	O	O	
applaudirci	O	O	O	O	
e	O	O	O	O	
confermare	O	O	O	O	
le	O	O	O	O	
nostre	O	O	O	O	
idee	O	O	O	O	
,	O	O	O	O	
un	O	O	O	O	
altro	O	O	O	O	
per	O	O	O	O	
dimostrarci	O	O	O	O	
che	O	O	O	O	
siamo	O	O	O	O	
semplicemente	O	O	O	O	
idioti	B-PER	O	O	O	
,	O	O	O	O	
ci	O	O	O	O	
narrano	O	O	O	O	
una	O	O	O	O	
quantità	O	O	O	O	
di	O	O	O	O	
cose	O	O	O	O	
,	O	O	O	O	
ci	O	O	O	O	
forniscono	O	O	O	O	
una	O	O	O	O	
quantità	O	O	O	O	
di	O	O	O	O	
documenti	O	O	O	O	
umani	O	O	O	O	
ai	O	O	O	O	
quali	O	O	O	O	
facciamo	O	O	O	O	
sempre	O	O	O	O	
festa	O	O	O	O	
.	O	O	O	O	

Edmondo	B-PER	O	O	O	
de	I-PER	O	O	O	
Goncourt	I-PER	O	O	O	
ne	O	O	O	O	
chiese	O	O	O	O	
alle	O	O	O	O	
sue	B-PER	O	O	O	
lettrici	I-PER	O	O	O	
per	O	O	O	O	
scrivere	O	O	O	O	
Chérie	B-PER	O	O	O	
;	O	O	O	O	
più	O	O	O	O	
valore	O	O	O	O	
hanno	O	O	O	O	
quelli	O	O	O	O	
offerti	O	O	O	O	
spontaneamente	O	O	O	O	
,	O	O	O	O	
senza	O	O	O	O	
la	O	O	O	O	
pretesa	O	O	O	O	
di	O	O	O	O	
far	O	O	O	O	
della	O	O	O	O	
storia	O	O	O	O	
.	O	O	O	O	

Io	O	O	O	O	
ne	O	O	O	O	
ho	O	O	O	O	
da	O	O	O	O	
parte	O	O	O	O	
una	O	O	O	O	
cartella	O	O	O	O	
,	O	O	O	O	
e	O	O	O	O	
qualche	O	O	O	O	
volta	O	O	O	O	
la	O	O	O	O	
vuoterò	O	O	O	O	
.	O	O	O	O	

Oggi	O	O	O	O	
,	O	O	O	O	
dopo	O	O	O	O	
questo	O	O	O	O	
già	O	O	O	O	
troppo	O	O	O	O	
lungo	O	O	O	O	
esordio	O	O	O	O	
,	O	O	O	O	
vengo	O	O	O	O	
al	O	O	O	O	
fatterello	O	O	O	O	
che	O	O	O	O	
le	O	O	O	O	
ho	O	O	O	O	
promesso	O	O	O	O	
per	O	O	O	O	
giustificare	O	O	O	O	
la	O	O	O	O	
sua	O	O	O	O	
fede	O	O	O	O	
antica	O	O	O	O	
e	O	O	O	O	
la	O	O	O	O	
mia	O	O	O	O	
conversione	O	O	O	O	
recente	O	O	O	O	
:	O	O	O	O	
le	O	O	O	O	
anime	O	O	O	O	
s	O	O	O	O	
'	O	O	O	O	
intendono	O	O	O	O	
,	O	O	O	O	
s	O	O	O	O	
'	O	O	O	O	
accordano	O	O	O	O	
—	O	O	O	O	
anche	O	O	O	O	
da	O	O	O	O	
lontano	O	O	O	O	
—	O	O	O	O	
senza	O	O	O	O	
che	O	O	O	O	
gli	O	O	O	O	
occhi	O	O	O	O	
vedano	O	O	O	O	
,	O	O	O	O	
senza	O	O	O	O	
che	O	O	O	O	
le	O	O	O	O	
orecchie	O	O	O	O	
odano	O	O	O	O	
.	O	O	O	O	

C	O	O	O	O	
'	O	O	O	O	
era	O	O	O	O	
dunque	O	O	O	O	
una	O	O	O	O	
volta	O	O	O	O	
un	B-PER	O	O	O	
signore	I-PER	O	O	O	
e	O	O	O	O	
una	B-PER	O	O	O	
signora	I-PER	O	O	O	
che	O	O	O	O	
s	O	O	O	O	
'	O	O	O	O	
erano	O	O	O	O	
molto	O	O	O	O	
amati	O	O	O	O	
—	O	O	O	O	
anche	O	O	O	O	
questa	O	O	O	O	
è	O	O	O	O	
una	O	O	O	O	
prova	O	O	O	O	
per	O	O	O	O	
lei	O	O	O	O	
!	O	O	O	O	

—	O	O	O	O	
ma	O	O	O	O	
che	O	O	O	O	
poi	O	O	O	O	
non	O	O	O	O	
s	O	O	O	O	
'	O	O	O	O	
amavano	O	O	O	O	
più	O	O	O	O	
—	O	O	O	O	
e	O	O	O	O	
ciò	O	O	O	O	
darebbe	O	O	O	O	
ragione	O	O	O	O	
alla	O	O	O	O	
mia	O	O	O	O	
prima	O	O	O	O	
idea	O	O	O	O	
.	O	O	O	O	

Ma	O	O	O	O	
le	O	O	O	O	
ripeto	O	O	O	O	
che	O	O	O	O	
mi	O	O	O	O	
sono	O	O	O	O	
ricreduto	O	O	O	O	
!	O	O	O	O	

Insomma	O	O	O	O	
,	O	O	O	O	
questo	B-PER	O	O	O	
signore	I-PER	O	O	O	
e	O	O	O	O	
questa	B-PER	O	O	O	
signora	I-PER	O	O	O	
,	O	O	O	O	
dopo	O	O	O	O	
essere	O	O	O	O	
stati	O	O	O	O	
insieme	O	O	O	O	
qualcosa	O	O	O	O	
come	O	O	O	O	
cinque	O	O	O	O	
anni	O	O	O	O	
—	O	O	O	O	
un	O	O	O	O	
lustro	O	O	O	O	
!	O	O	O	O	

—	O	O	O	O	
se	O	O	O	O	
n	O	O	O	O	
'	O	O	O	O	
erano	O	O	O	O	
andati	O	O	O	O	
ciascuno	B-PER	O	O	O	
per	O	O	O	O	
la	O	O	O	O	
sua	O	O	O	O	
via	O	O	O	O	
.	O	O	O	O	

Ho	O	O	O	O	
detto	O	O	O	O	
:	O	O	O	O	
dopo	O	O	O	O	
essere	O	O	O	O	
stati	O	O	O	O	
insieme	O	O	O	O	
,	O	O	O	O	
e	O	O	O	O	
non	O	O	O	O	
ho	O	O	O	O	
detto	O	O	O	O	
bene	O	O	O	O	
.	O	O	O	O	

Non	O	O	O	O	
erano	O	O	O	O	
stati	O	O	O	O	
precisamente	O	O	O	O	
insieme	O	O	O	O	
,	O	O	O	O	
sotto	O	O	O	O	
lo	O	O	O	O	
stesso	O	O	O	O	
tetto	O	O	O	O	
:	O	O	O	O	
la	B-PER	O	O	O	
signora	I-PER	O	O	O	
non	O	O	O	O	
era	O	O	O	O	
interamente	O	O	O	O	
libera	O	O	O	O	
,	O	O	O	O	
e	O	O	O	O	
doveva	O	O	O	O	
salvare	O	O	O	O	
certe	O	O	O	O	
apparenze	O	O	O	O	
.	O	O	O	O	

L	B-PER	O	O	O	
'	I-PER	O	O	O	
amico	I-PER	O	O	O	
suo	I-PER	O	O	O	
avrebbe	O	O	O	O	
potuto	O	O	O	O	
andare	O	O	O	O	
da	O	O	O	O	
lei	O	O	O	O	
anche	O	O	O	O	
tutti	O	O	O	O	
i	O	O	O	O	
giorni	O	O	O	O	
;	O	O	O	O	
ma	O	O	O	O	
ella	O	O	O	O	
sa	O	O	O	O	
che	O	O	O	O	
giorno	O	O	O	O	
significa	O	O	O	O	
quello	O	O	O	O	
spazio	O	O	O	O	
di	O	O	O	O	
tempo	O	O	O	O	
il	O	O	O	O	
quale	O	O	O	O	
comprende	O	O	O	O	
anche	O	O	O	O	
la	O	O	O	O	
notte	O	O	O	O	
;	O	O	O	O	
e	O	O	O	O	
gli	B-PER	O	O	O	
amanti	I-PER	O	O	O	
,	O	O	O	O	
da	O	O	O	O	
che	O	O	O	O	
mondo	B-LOC	O	O	O	
è	O	O	O	O	
mondo	B-LOC	O	O	O	
,	O	O	O	O	
hanno	O	O	O	O	
sempre	O	O	O	O	
preferito	O	O	O	O	
le	O	O	O	O	
tenebre	O	O	O	O	
alla	O	O	O	O	
luce	O	O	O	O	
;	O	O	O	O	
senza	O	O	O	O	
contare	O	O	O	O	
che	O	O	O	O	
il	B-PER	O	O	O	
signore	I-PER	O	O	O	
del	O	O	O	O	
quale	O	O	O	O	
le	O	O	O	O	
parlo	O	O	O	O	
aveva	O	O	O	O	
molte	O	O	O	O	
occupazioni	O	O	O	O	
durante	O	O	O	O	
il	O	O	O	O	
giorno	O	O	O	O	
propriamente	O	O	O	O	
detto	O	O	O	O	
.	O	O	O	O	

Dunque	O	O	O	O	
,	O	O	O	O	
perchè	O	O	O	O	
di	O	O	O	O	
giorno	O	O	O	O	
egli	O	O	O	O	
aveva	O	O	O	O	
da	O	O	O	O	
fare	O	O	O	O	
e	O	O	O	O	
perchè	O	O	O	O	
le	O	O	O	O	
ombre	O	O	O	O	
sono	O	O	O	O	
maggiormente	O	O	O	O	
propizie	O	O	O	O	
ai	O	O	O	O	
ludi	O	O	O	O	
erotici	O	O	O	O	
,	O	O	O	O	
egli	O	O	O	O	
preferiva	O	O	O	O	
i	O	O	O	O	
convegni	O	O	O	O	
notturni	O	O	O	O	
.	O	O	O	O	

Ora	O	O	O	O	
questi	O	O	O	O	
erano	O	O	O	O	
molto	O	O	O	O	
più	O	O	O	O	
difficili	O	O	O	O	
:	O	O	O	O	
nè	O	O	O	O	
la	B-PER	O	O	O	
signora	I-PER	O	O	O	
sapeva	O	O	O	O	
quando	O	O	O	O	
poteva	O	O	O	O	
ricevere	O	O	O	O	
l	B-PER	O	O	O	
'	I-PER	O	O	O	
amico	I-PER	O	O	O	
suo	I-PER	O	O	O	
;	O	O	O	O	
nè	O	O	O	O	
,	O	O	O	O	
prevedendo	O	O	O	O	
d	O	O	O	O	
'	O	O	O	O	
esser	O	O	O	O	
libera	O	O	O	O	
,	O	O	O	O	
aveva	O	O	O	O	
sempre	O	O	O	O	
modo	O	O	O	O	
di	O	O	O	O	
mandargli	O	O	O	O	
un	O	O	O	O	
biglietto	O	O	O	O	
.	O	O	O	O	

Ecco	O	O	O	O	
dunque	O	O	O	O	
la	O	O	O	O	
combinazione	O	O	O	O	
imaginata	O	O	O	O	
dai	O	O	O	O	
nostri	B-PER	O	O	O	
amici	I-PER	O	O	O	
per	O	O	O	O	
rimediare	O	O	O	O	
:	O	O	O	O	
quando	O	O	O	O	
il	B-PER	O	O	O	
signore	I-PER	O	O	O	
,	O	O	O	O	
passando	O	O	O	O	
a	O	O	O	O	
tarda	O	O	O	O	
sera	O	O	O	O	
sotto	O	O	O	O	
la	O	B-FAC	O	O	
casa	O	I-FAC	O	O	
della	O	I-FAC	O	O	
signora	B-PER	I-FAC	O	O	
,	O	O	O	O	
vedeva	O	O	O	O	
illuminata	O	O	O	O	
una	O	O	O	O	
certa	O	O	O	O	
finestra	O	O	O	O	
,	O	O	O	O	
una	O	O	O	O	
finestra	O	O	O	O	
che	O	O	O	O	
in	O	O	O	O	
nessun	O	O	O	O	
'	O	O	O	O	
altra	O	O	O	O	
occasione	O	O	O	O	
e	O	O	O	O	
per	O	O	O	O	
nessun	O	O	O	O	
altro	O	O	O	O	
motivo	O	O	O	O	
poteva	O	O	O	O	
essere	O	O	O	O	
illuminata	O	O	O	O	
,	O	O	O	O	
questa	O	O	O	O	
straordinaria	O	O	O	O	
illuminazione	O	O	O	O	
significava	O	O	O	O	
che	O	O	O	O	
la	B-PER	O	O	O	
signora	I-PER	O	O	O	
era	O	O	O	O	
di	O	O	O	O	
sopra	O	O	O	O	
ad	O	O	O	O	
aspettarlo	O	O	O	O	
.	O	O	O	O	

Per	O	O	O	O	
gli	B-PER	O	O	O	
amanti	I-PER	O	O	O	
,	O	O	O	O	
la	O	O	O	O	
finestra	O	O	O	O	
dietro	O	O	O	O	
alla	O	O	O	O	
quale	O	O	O	O	
si	O	O	O	O	
struggeva	O	O	O	O	
una	O	O	O	O	
candela	O	O	O	O	
stearica	O	O	O	O	
non	O	O	O	O	
era	O	O	O	O	
più	O	O	O	O	
una	O	O	O	O	
finestra	O	O	O	O	
,	O	O	O	O	
ma	O	O	O	O	
un	B-FAC	O	O	O	
faro	I-FAC	O	O	O	
,	O	O	O	O	
il	B-FAC	O	O	O	
solo	I-FAC	O	O	O	
Faro	I-FAC	O	O	O	
,	O	O	O	O	
il	B-FAC	O	O	O	
Faro	I-FAC	O	O	O	
per	O	O	O	O	
antonomasia	O	O	O	O	
.	O	O	O	O	

Egli	O	O	O	O	
era	O	O	O	O	
poeta	B-PER	O	O	O	
ed	O	O	O	O	
ella	O	O	O	O	
comprendeva	O	O	O	O	
la	O	O	O	O	
poesia	O	O	O	O	
:	O	O	O	O	
intorno	O	O	O	O	
a	O	O	O	O	
questo	B-FAC	O	O	O	
Faro	I-FAC	O	O	O	
,	O	O	O	O	
a	O	O	O	O	
quest	O	O	O	O	
'	O	O	O	O	
Occhio	O	O	O	O	
della	O	O	O	O	
Notte	O	O	O	O	
,	O	O	O	O	
a	O	O	O	O	
questo	O	O	O	O	
Sguardo	O	O	O	O	
vigilante	O	O	O	O	
ed	O	O	O	O	
amico	O	O	O	O	
,	O	O	O	O	
egli	O	O	O	O	
aveva	O	O	O	O	
scritto	O	O	O	O	
certi	O	O	O	O	
versi	O	O	O	O	
che	O	O	O	O	
ella	O	O	O	O	
aveva	O	O	O	O	
mandati	O	O	O	O	
a	O	O	O	O	
memoria	O	O	O	O	
.	O	O	O	O	

I	B-FAC	O	O	O	
fari	I-FAC	O	O	O	
sogliono	O	O	O	O	
essere	O	O	O	O	
particolarmente	O	O	O	O	
utili	O	O	O	O	
durante	O	O	O	O	
il	O	O	O	O	
cattivo	O	O	O	O	
tempo	O	O	O	O	
;	O	O	O	O	
e	O	O	O	O	
appunto	O	O	O	O	
quando	O	O	O	O	
tirava	O	O	O	O	
vento	O	O	O	O	
,	O	O	O	O	
quando	O	O	O	O	
c	O	O	O	O	
'	O	O	O	O	
era	O	O	O	O	
nebbia	O	O	O	O	
,	O	O	O	O	
quando	O	O	O	O	
pioveva	O	O	O	O	
,	O	O	O	O	
quando	O	O	O	O	
nevicava	O	O	O	O	
,	O	O	O	O	
la	O	O	O	O	
finestra	O	O	O	O	
soleva	O	O	O	O	
splendere	O	O	O	O	
e	O	O	O	O	
indicare	O	O	O	O	
che	O	O	O	O	
l	O	O	O	O	
'	O	O	O	O	
approdo	O	O	O	O	
era	O	O	O	O	
libero	O	O	O	O	
;	O	O	O	O	
nelle	O	O	O	O	
notti	O	O	O	O	
serene	O	O	O	O	
,	O	O	O	O	
siccome	O	O	O	O	
la	B-PER	O	O	O	
signora	I-PER	O	O	O	
doveva	O	O	O	O	
andar	O	O	O	O	
fuori	O	O	O	O	
per	O	O	O	O	
suo	O	O	O	O	
conto	O	O	O	O	
,	O	O	O	O	
o	O	O	O	O	
riceveva	O	O	O	O	
visite	O	O	O	O	
,	O	O	O	O	
tutto	O	O	O	O	
restava	O	O	O	O	
buio	O	O	O	O	
e	O	O	O	O	
il	B-PER	O	O	O	
nocchiero	I-PER	O	O	O	
filava	O	O	O	O	
al	O	O	O	O	
largo	O	O	O	O	
.	O	O	O	O	

Queste	O	O	O	O	
notizie	O	O	O	O	
,	O	O	O	O	
diciamo	O	O	O	O	
così	O	O	O	O	
nautiche	O	O	O	O	
,	O	O	O	O	
sono	O	O	O	O	
necessarie	O	O	O	O	
all	O	O	O	O	
'	O	O	O	O	
intelligenza	O	O	O	O	
della	O	O	O	O	
storiella	O	O	O	O	
.	O	O	O	O	

La	O	O	O	O	
quale	O	O	O	O	
meriterebbe	O	O	O	O	
d	O	O	O	O	
'	O	O	O	O	
essere	O	O	O	O	
narrata	O	O	O	O	
in	O	O	O	O	
uno	O	O	O	O	
stile	O	O	O	O	
un	O	O	O	O	
poco	O	O	O	O	
più	O	O	O	O	
serio	O	O	O	O	
;	O	O	O	O	
perchè	O	O	O	O	
,	O	O	O	O	
come	O	O	O	O	
durante	O	O	O	O	
cinque	O	O	O	O	
anni	O	O	O	O	
i	B-PER	O	O	O	
miei	I-PER	O	O	O	
due	I-PER	O	O	O	
protagonisti	I-PER	O	O	O	
si	O	O	O	O	
erano	O	O	O	O	
amati	O	O	O	O	
d	O	O	O	O	
'	O	O	O	O	
un	O	O	O	O	
amore	O	O	O	O	
dolce	O	O	O	O	
e	O	O	O	O	
forte	O	O	O	O	
ad	O	O	O	O	
un	O	O	O	O	
tempo	O	O	O	O	
,	O	O	O	O	
così	O	O	O	O	
,	O	O	O	O	
anzi	O	O	O	O	
a	O	O	O	O	
più	O	O	O	O	
forte	O	O	O	O	
ragione	O	O	O	O	
,	O	O	O	O	
dopo	O	O	O	O	
la	O	O	O	O	
rottura	O	O	O	O	
non	O	O	O	O	
ebbero	O	O	O	O	
di	O	O	O	O	
che	O	O	O	O	
ridere	O	O	O	O	
.	O	O	O	O	

Perchè	O	O	O	O	
ruppero	O	O	O	O	
,	O	O	O	O	
allora	O	O	O	O	
?	O	O	O	O	

Se	O	O	O	O	
io	O	O	O	O	
pensassi	O	O	O	O	
oggi	O	O	O	O	
come	O	O	O	O	
ieri	O	O	O	O	
,	O	O	O	O	
le	O	O	O	O	
direi	O	O	O	O	
che	O	O	O	O	
ruppero	O	O	O	O	
per	O	O	O	O	
quella	O	O	O	O	
tale	O	O	O	O	
impossibilità	O	O	O	O	
di	O	O	O	O	
comprendersi	O	O	O	O	
bene	O	O	O	O	
,	O	O	O	O	
per	O	O	O	O	
quella	O	O	O	O	
intellettuale	O	O	O	O	
e	O	O	O	O	
sentimentale	O	O	O	O	
discordia	O	O	O	O	
che	O	O	O	O	
m	O	O	O	O	
'	O	O	O	O	
ha	O	O	O	O	
valso	O	O	O	O	
i	O	O	O	O	
suoi	O	O	O	O	
vivaci	O	O	O	O	
rimproveri	O	O	O	O	
;	O	O	O	O	
ma	O	O	O	O	
io	O	O	O	O	
mi	O	O	O	O	
sono	O	O	O	O	
,	O	O	O	O	
come	O	O	O	O	
le	O	O	O	O	
ho	O	O	O	O	
detto	O	O	O	O	
,	O	O	O	O	
convertito	O	O	O	O	
;	O	O	O	O	
e	O	O	O	O	
quand	O	O	O	O	
'	O	O	O	O	
anche	O	O	O	O	
non	O	O	O	O	
fossi	O	O	O	O	
ancora	O	O	O	O	
convertito	O	O	O	O	
,	O	O	O	O	
non	O	O	O	O	
vorrei	O	O	O	O	
farla	O	O	O	O	
arrabbiare	O	O	O	O	
ripetendole	O	O	O	O	
una	O	O	O	O	
cosa	O	O	O	O	
che	O	O	O	O	
tanto	O	O	O	O	
le	O	O	O	O	
dispiace	O	O	O	O	
;	O	O	O	O	
le	O	O	O	O	
dirò	O	O	O	O	
quindi	O	O	O	O	
che	O	O	O	O	
l	O	O	O	O	
'	O	O	O	O	
amor	O	O	O	O	
loro	O	O	O	O	
s	O	O	O	O	
'	O	O	O	O	
intepidì	O	O	O	O	
e	O	O	O	O	
s	O	O	O	O	
'	O	O	O	O	
avviò	O	O	O	O	
alla	O	O	O	O	
morte	O	O	O	O	
come	O	O	O	O	
tutte	O	O	O	O	
le	O	O	O	O	
cose	O	O	O	O	
che	O	O	O	O	
hanno	O	O	O	O	
avuto	O	O	O	O	
nascimento	O	O	O	O	
.	O	O	O	O	

E	O	O	O	O	
come	O	O	O	O	
l	O	O	O	O	
'	O	O	O	O	
amor	O	O	O	O	
loro	O	O	O	O	
era	O	O	O	O	
stato	O	O	O	O	
una	O	O	O	O	
bella	O	O	O	O	
cosa	O	O	O	O	
,	O	O	O	O	
ed	O	O	O	O	
entrambi	O	O	O	O	
sentivano	O	O	O	O	
che	O	O	O	O	
la	O	O	O	O	
fine	O	O	O	O	
di	O	O	O	O	
una	O	O	O	O	
cosa	O	O	O	O	
bella	O	O	O	O	
è	O	O	O	O	
molto	O	O	O	O	
triste	O	O	O	O	
e	O	O	O	O	
che	O	O	O	O	
bisognerebbe	O	O	O	O	
a	O	O	O	O	
ogni	O	O	O	O	
costo	O	O	O	O	
impedirla	O	O	O	O	
,	O	O	O	O	
così	O	O	O	O	
essi	O	O	O	O	
ostinavansi	O	O	O	O	
a	O	O	O	O	
ravvivare	O	O	O	O	
il	O	O	O	O	
loro	O	O	O	O	
sentimento	O	O	O	O	
agonizzante	O	O	O	O	
;	O	O	O	O	
ma	O	O	O	O	
poichè	O	O	O	O	
l	O	O	O	O	
'	O	O	O	O	
impresa	O	O	O	O	
era	O	O	O	O	
disperata	O	O	O	O	
e	O	O	O	O	
gli	O	O	O	O	
sforzi	O	O	O	O	
si	O	O	O	O	
rompevano	O	O	O	O	
contro	O	O	O	O	
la	O	O	O	O	
fatalità	O	O	O	O	
della	O	O	O	O	
morte	O	O	O	O	
,	O	O	O	O	
così	O	O	O	O	
,	O	O	O	O	
vedendo	O	O	O	O	
inutili	O	O	O	O	
gli	O	O	O	O	
sforzi	O	O	O	O	
,	O	O	O	O	
e	O	O	O	O	
non	O	O	O	O	
potendo	O	O	O	O	
prendersela	O	O	O	O	
col	O	O	O	O	
destino	O	O	O	O	
irresponsabile	O	O	O	O	
,	O	O	O	O	
e	O	O	O	O	
dovendo	O	O	O	O	
per	O	O	O	O	
un	O	O	O	O	
bisogno	O	O	O	O	
tutto	O	O	O	O	
umano	O	O	O	O	
prendersela	O	O	O	O	
con	O	O	O	O	
qualcuno	B-PER	O	O	O	
,	O	O	O	O	
ciascuno	B-PER	O	O	O	
dei	I-PER	O	O	O	
due	I-PER	O	O	O	
se	O	O	O	O	
la	O	O	O	O	
prendeva	O	O	O	O	
con	O	O	O	O	
l	B-PER	O	O	O	
'	I-PER	O	O	O	
altro	I-PER	O	O	O	
.	O	O	O	O	

S	O	O	O	O	
'	O	O	O	O	
accusarono	O	O	O	O	
,	O	O	O	O	
adunque	O	O	O	O	
,	O	O	O	O	
di	O	O	O	O	
colpe	O	O	O	O	
in	O	O	O	O	
piccola	O	O	O	O	
parte	O	O	O	O	
vere	O	O	O	O	
,	O	O	O	O	
in	O	O	O	O	
molta	O	O	O	O	
parte	O	O	O	O	
imaginarie	O	O	O	O	
;	O	O	O	O	
dalle	O	O	O	O	
accuse	O	O	O	O	
futili	O	O	O	O	
passarono	O	O	O	O	
ben	O	O	O	O	
presto	O	O	O	O	
alle	O	O	O	O	
maggiori	O	O	O	O	
e	O	O	O	O	
da	O	O	O	O	
queste	O	O	O	O	
arrivarono	O	O	O	O	
subito	O	O	O	O	
alla	O	O	O	O	
massima	O	O	O	O	
che	O	O	O	O	
,	O	O	O	O	
per	O	O	O	O	
due	B-PER	O	O	O	
amanti	I-PER	O	O	O	
,	O	O	O	O	
è	O	O	O	O	
quella	O	O	O	O	
del	O	O	O	O	
tradimento	O	O	O	O	
.	O	O	O	O	

Credendo	O	O	O	O	
ciascuno	B-PER	O	O	O	
d	O	O	O	O	
'	O	O	O	O	
esser	O	O	O	O	
tradito	O	O	O	O	
dall	O	O	O	O	
'	O	O	O	O	
altro	B-PER	O	O	O	
,	O	O	O	O	
naturalmente	O	O	O	O	
entrambi	O	O	O	O	
pensarono	O	O	O	O	
di	O	O	O	O	
potere	O	O	O	O	
,	O	O	O	O	
anzi	O	O	O	O	
di	O	O	O	O	
dover	O	O	O	O	
tradire	O	O	O	O	
a	O	O	O	O	
propria	O	O	O	O	
volta	O	O	O	O	
;	O	O	O	O	
talchè	O	O	O	O	
,	O	O	O	O	
come	O	O	O	O	
sempre	O	O	O	O	
accade	O	O	O	O	
,	O	O	O	O	
ciò	O	O	O	O	
che	O	O	O	O	
era	O	O	O	O	
dapprima	O	O	O	O	
ingiusta	O	O	O	O	
imaginazione	O	O	O	O	
divenne	O	O	O	O	
tosto	O	O	O	O	
ingrata	O	O	O	O	
realtà	O	O	O	O	
.	O	O	O	O	

Egli	O	O	O	O	
amò	O	O	O	O	
un	B-PER	O	O	O	
'	I-PER	O	O	O	
altra	I-PER	O	O	O	
donna	I-PER	O	O	O	
,	O	O	O	O	
ella	O	O	O	O	
un	B-PER	O	O	O	
altro	I-PER	O	O	O	
uomo	I-PER	O	O	O	
.	O	O	O	O	

Persuasi	O	O	O	O	
d	O	O	O	O	
'	O	O	O	O	
aver	O	O	O	O	
ricevuto	O	O	O	O	
un	O	O	O	O	
torto	O	O	O	O	
,	O	O	O	O	
il	O	O	O	O	
torto	O	O	O	O	
estremo	O	O	O	O	
,	O	O	O	O	
non	O	O	O	O	
si	O	O	O	O	
videro	O	O	O	O	
più	O	O	O	O	
.	O	O	O	O	

I	O	O	O	O	
loro	O	O	O	O	
nuovi	O	O	O	O	
amori	O	O	O	O	
finirono	O	O	O	O	
rapidamente	O	O	O	O	
,	O	O	O	O	
ma	O	O	O	O	
essi	O	O	O	O	
continuarono	O	O	O	O	
ad	O	O	O	O	
evitarsi	O	O	O	O	
.	O	O	O	O	

Un	O	O	O	O	
giorno	O	O	O	O	
,	O	O	O	O	
impensatamente	O	O	O	O	
,	O	O	O	O	
s	O	O	O	O	
'	O	O	O	O	
incontrarono	O	O	O	O	
,	O	O	O	O	
per	O	O	O	O	
la	B-LOC	O	O	O	
via	I-LOC	O	O	O	
.	O	O	O	O	

Mentre	O	O	O	O	
egli	O	O	O	O	
scantonava	O	O	O	O	
,	O	O	O	O	
ella	O	O	O	O	
gli	O	O	O	O	
apparve	O	O	O	O	
dinanzi	O	O	O	O	
:	O	O	O	O	
i	O	O	O	O	
loro	O	O	O	O	
sguardi	O	O	O	O	
s	O	O	O	O	
'	O	O	O	O	
incrociarono	O	O	O	O	
un	O	O	O	O	
istante	O	O	O	O	
.	O	O	O	O	

E	O	O	O	O	
allora	O	O	O	O	
,	O	O	O	O	
tumultuariamente	O	O	O	O	
,	O	O	O	O	
le	O	O	O	O	
sopite	O	O	O	O	
memorie	O	O	O	O	
si	O	O	O	O	
ridestarono	O	O	O	O	
nel	O	O	O	O	
cuore	O	O	O	O	
di	O	O	O	O	
lui	O	O	O	O	
.	O	O	O	O	

Aveva	O	O	O	O	
più	O	O	O	O	
d	O	O	O	O	
'	O	O	O	O	
una	O	O	O	O	
volta	O	O	O	O	
pensato	O	O	O	O	
a	O	O	O	O	
lei	O	O	O	O	
,	O	O	O	O	
ma	O	O	O	O	
con	O	O	O	O	
un	O	O	O	O	
sentimento	O	O	O	O	
torbido	O	O	O	O	
,	O	O	O	O	
fatto	O	O	O	O	
di	O	O	O	O	
rancore	O	O	O	O	
e	O	O	O	O	
di	O	O	O	O	
sdegno	O	O	O	O	
;	O	O	O	O	
ora	O	O	O	O	
,	O	O	O	O	
a	O	O	O	O	
un	O	O	O	O	
tratto	O	O	O	O	
,	O	O	O	O	
per	O	O	O	O	
averla	O	O	O	O	
guardata	O	O	O	O	
negli	O	O	O	O	
occhi	O	O	O	O	
,	O	O	O	O	
tutte	O	O	O	O	
le	O	O	O	O	
dolcezze	O	O	O	O	
antiche	O	O	O	O	
gli	O	O	O	O	
rifluivano	O	O	O	O	
al	O	O	O	O	
cuore	O	O	O	O	
...	O	O	O	O	
Come	O	O	O	O	
s	O	O	O	O	
'	O	O	O	O	
erano	O	O	O	O	
amati	O	O	O	O	
!	O	O	O	O	

Era	O	O	O	O	
possibile	O	O	O	O	
dimenticare	O	O	O	O	
quella	O	O	O	O	
passione	O	O	O	O	
?	O	O	O	O	

Credeva	O	O	O	O	
d	O	O	O	O	
'	O	O	O	O	
averla	O	O	O	O	
dimenticata	O	O	O	O	
,	O	O	O	O	
aveva	O	O	O	O	
voluto	O	O	O	O	
cancellarne	O	O	O	O	
i	O	O	O	O	
ricordi	O	O	O	O	
;	O	O	O	O	
ed	O	O	O	O	
ecco	O	O	O	O	
che	O	O	O	O	
risorgevano	O	O	O	O	
,	O	O	O	O	
immortali	O	O	O	O	
!	O	O	O	O	

...	O	O	O	O	
Da	O	O	O	O	
quel	O	O	O	O	
punto	O	O	O	O	
egli	O	O	O	O	
non	O	O	O	O	
visse	O	O	O	O	
più	O	O	O	O	
della	O	O	O	O	
vita	O	O	O	O	
reale	O	O	O	O	
;	O	O	O	O	
le	O	O	O	O	
impressioni	O	O	O	O	
del	O	O	O	O	
presente	O	O	O	O	
si	O	O	O	O	
perderono	O	O	O	O	
nella	O	O	O	O	
continua	O	O	O	O	
evocazione	O	O	O	O	
d	O	O	O	O	
'	O	O	O	O	
un	O	O	O	O	
passato	O	O	O	O	
non	O	O	O	O	
tanto	O	O	O	O	
passato	O	O	O	O	
come	O	O	O	O	
pareva	O	O	O	O	
.	O	O	O	O	

Perchè	O	O	O	O	
,	O	O	O	O	
infatti	O	O	O	O	
,	O	O	O	O	
i	O	O	O	O	
sentimenti	O	O	O	O	
muoiono	O	O	O	O	
forse	O	O	O	O	
proprio	O	O	O	O	
come	O	O	O	O	
gli	B-PER	O	O	O	
esseri	I-PER	O	O	O	
,	O	O	O	O	
per	O	O	O	O	
non	O	O	O	O	
più	O	O	O	O	
rinascere	O	O	O	O	
?	O	O	O	O	

E	O	O	O	O	
si	O	O	O	O	
può	O	O	O	O	
mai	O	O	O	O	
ricordare	O	O	O	O	
un	O	O	O	O	
affetto	O	O	O	O	
senza	O	O	O	O	
ancora	O	O	O	O	
in	O	O	O	O	
certa	O	O	O	O	
guisa	O	O	O	O	
provarlo	O	O	O	O	
?	O	O	O	O	

Quando	O	O	O	O	
noi	O	O	O	O	
non	O	O	O	O	
lo	O	O	O	O	
comprendiamo	O	O	O	O	
più	O	O	O	O	
abbiamo	O	O	O	O	
un	O	O	O	O	
bel	O	O	O	O	
tentare	O	O	O	O	
di	O	O	O	O	
evocarne	O	O	O	O	
la	O	O	O	O	
memoria	O	O	O	O	
:	O	O	O	O	
essa	O	O	O	O	
ci	O	O	O	O	
sfugge	O	O	O	O	
.	O	O	O	O	

