Aspettavamo	O	O	O	O	
i	O	O	O	O	
giorni	O	O	O	O	
di	O	O	O	O	
tirocinio	O	O	O	O	
con	O	O	O	O	
una	O	O	O	O	
ansietà	O	O	O	O	
segreta	O	O	O	O	
.	O	O	O	O	

I	O	O	O	O	
giorni	O	O	O	O	
di	O	O	O	O	
lezione	O	O	O	O	
erano	O	O	O	O	
monotoni	O	O	O	O	
,	O	O	O	O	
spesso	O	O	O	O	
tristi	O	O	O	O	
.	O	O	O	O	

Noi	O	O	O	O	
studiavamo	O	O	O	O	
senza	O	O	O	O	
voglia	O	O	O	O	
,	O	O	O	O	
malamente	O	O	O	O	
,	O	O	O	O	
con	O	O	O	O	
programmi	O	O	O	O	
incerti	O	O	O	O	
,	O	O	O	O	
con	O	O	O	O	
professori	B-PER	O	O	O	
troppo	O	O	O	O	
severi	O	O	O	O	
o	O	O	O	O	
assolutamente	O	O	O	O	
inetti	O	O	O	O	
.	O	O	O	O	

Eravamo	O	O	O	O	
già	O	O	O	O	
maestre	B-PER	O	O	O	
e	O	O	O	O	
l	O	O	O	O	
'	O	O	O	O	
essere	O	O	O	O	
trattate	O	O	O	O	
da	O	O	O	O	
scolarette	B-PER	O	O	O	
ci	O	O	O	O	
umiliava	O	O	O	O	
,	O	O	O	O	
ci	O	O	O	O	
stizziva	O	O	O	O	
.	O	O	O	O	

A	O	O	O	O	
casa	B-FAC	O	O	O	
,	O	O	O	O	
qualcuna	B-PER	O	O	O	
di	I-PER	O	O	O	
noi	I-PER	O	O	O	
aveva	O	O	O	O	
la	O	O	O	O	
povertà	O	O	O	O	
,	O	O	O	O	
quasi	B-PER	O	O	O	
tutte	I-PER	O	O	O	
una	O	O	O	O	
miseria	O	O	O	O	
decente	O	O	O	O	
—	O	O	O	O	
e	O	O	O	O	
chi	O	O	O	O	
un	B-PER	O	O	O	
fratello	I-PER	O	O	O	
ebete	I-PER	O	O	O	
,	O	O	O	O	
chi	O	O	O	O	
un	B-PER	O	O	O	
padre	I-PER	O	O	O	
paralizzato	I-PER	O	O	O	
,	O	O	O	O	
chi	O	O	O	O	
una	B-PER	O	O	O	
matrigna	I-PER	O	O	O	
tormentatrice	I-PER	O	O	O	
,	O	O	O	O	
qualche	O	O	O	O	
piaga	O	O	O	O	
celata	O	O	O	O	
con	O	O	O	O	
cura	O	O	O	O	
,	O	O	O	O	
qualche	O	O	O	O	
vergogna	O	O	O	O	
nascosta	O	O	O	O	
con	O	O	O	O	
una	O	O	O	O	
nobile	O	O	O	O	
pietà	O	O	O	O	
,	O	O	O	O	
qualche	O	O	O	O	
infelicità	O	O	O	O	
,	O	O	O	O	
qualche	O	O	O	O	
ingiustizia	O	O	O	O	
del	O	O	O	O	
destino	O	O	O	O	
,	O	O	O	O	
a	O	O	O	O	
cui	O	O	O	O	
la	O	O	O	O	
rassegnazione	O	O	O	O	
era	O	O	O	O	
completa	O	O	O	O	
.	O	O	O	O	

Non	O	O	O	O	
erano	O	O	O	O	
allegri	O	O	O	O	
i	O	O	O	O	
nostri	O	O	O	O	
diciotto	O	O	O	O	
anni	O	O	O	O	
,	O	O	O	O	
e	O	O	O	O	
le	O	O	O	O	
aride	O	O	O	O	
lezioni	O	O	O	O	
di	O	O	O	O	
aritmetica	O	O	O	O	
,	O	O	O	O	
di	O	O	O	O	
pedagogia	O	O	O	O	
,	O	O	O	O	
di	O	O	O	O	
geografia	O	O	O	O	
,	O	O	O	O	
finivano	O	O	O	O	
col	O	O	O	O	
ravvolgerci	O	O	O	O	
in	O	O	O	O	
un	O	O	O	O	
ambiente	O	O	O	O	
di	O	O	O	O	
malinconia	O	O	O	O	
.	O	O	O	O	

Ma	O	O	O	O	
il	O	O	O	O	
tirocinio	O	O	O	O	
ci	O	O	O	O	
salvava	O	O	O	O	
dalla	O	O	O	O	
tetraggine	O	O	O	O	
,	O	O	O	O	
rompendo	O	O	O	O	
la	O	O	O	O	
monotonia	O	O	O	O	
,	O	O	O	O	
dandoci	O	O	O	O	
un	O	O	O	O	
giorno	O	O	O	O	
di	O	O	O	O	
pausa	O	O	O	O	
.	O	O	O	O	

Eravamo	O	O	O	O	
trenta	O	O	O	O	
e	O	O	O	O	
ne	O	O	O	O	
scendevano	O	O	O	O	
tre	O	O	O	O	
al	O	O	O	O	
giorno	O	O	O	O	
al	O	O	O	O	
pianterreno	B-FAC	O	O	O	
,	O	O	O	O	
nelle	O	O	O	O	
scuole	B-FAC	O	O	O	
elementari	I-FAC	O	O	O	
:	O	O	O	O	
così	O	O	O	O	
il	O	O	O	O	
turno	O	O	O	O	
capitava	O	O	O	O	
ogni	O	O	O	O	
dieci	O	O	O	O	
giorni	O	O	O	O	
.	O	O	O	O	

In	O	O	O	O	
questo	O	O	O	O	
benedetto	O	O	O	O	
decimo	O	O	O	O	
giorno	O	O	O	O	
,	O	O	O	O	
le	B-PER	O	O	O	
tirocinanti	I-PER	O	O	O	
indossavano	O	O	O	O	
l	O	O	O	O	
'	O	O	O	O	
abito	O	O	O	O	
nuovo	O	O	O	O	
se	O	O	O	O	
lo	O	O	O	O	
avevano	O	O	O	O	
,	O	O	O	O	
e	O	O	O	O	
se	O	O	O	O	
non	O	O	O	O	
lo	O	O	O	O	
avevano	O	O	O	O	
,	O	O	O	O	
mettevano	O	O	O	O	
un	O	O	O	O	
colletto	O	O	O	O	
pulito	O	O	O	O	
,	O	O	O	O	
un	O	O	O	O	
fiocco	O	O	O	O	
di	O	O	O	O	
nastro	O	O	O	O	
per	O	O	O	O	
cravatta	O	O	O	O	
:	O	O	O	O	
si	O	O	O	O	
pettinavano	O	O	O	O	
meglio	O	O	O	O	
,	O	O	O	O	
qualcuna	B-PER	O	O	O	
si	O	O	O	O	
faceva	O	O	O	O	
i	O	O	O	O	
ricciolini	O	O	O	O	
.	O	O	O	O	

Entravano	O	O	O	O	
in	O	O	O	O	
classe	B-FAC	O	O	O	
alle	O	O	O	O	
otto	O	O	O	O	
,	O	O	O	O	
dicevano	O	O	O	O	
la	O	O	O	O	
preghiera	O	O	O	O	
,	O	O	O	O	
segnavano	O	O	O	O	
la	O	O	O	O	
presenza	O	O	O	O	
sul	O	O	O	O	
registro	O	O	O	O	
,	O	O	O	O	
e	O	O	O	O	
stavano	O	O	O	O	
lì	O	O	O	O	
,	O	O	O	O	
distratte	O	O	O	O	
,	O	O	O	O	
con	O	O	O	O	
gli	O	O	O	O	
occhi	O	O	O	O	
trasognati	O	O	O	O	
,	O	O	O	O	
aspettando	O	O	O	O	
le	O	O	O	O	
nove	O	O	O	O	
per	O	O	O	O	
andar	O	O	O	O	
giù	O	O	O	O	
,	O	O	O	O	
mentre	O	O	O	O	
le	B-PER	O	O	O	
amiche	I-PER	O	O	O	
mormoravano	O	O	O	O	
:	O	O	O	O	
—	O	O	O	O	
Beate	O	O	O	O	
voi	O	O	O	O	
che	O	O	O	O	
andate	O	O	O	O	
al	O	O	O	O	
tirocinio	O	O	O	O	
!	O	O	O	O	

Risalivano	O	O	O	O	
alle	O	O	O	O	
due	O	O	O	O	
,	O	O	O	O	
molto	O	O	O	O	
riscaldate	O	O	O	O	
in	O	O	O	O	
volto	O	O	O	O	
,	O	O	O	O	
coi	O	O	O	O	
capelli	O	O	O	O	
un	O	O	O	O	
po	O	O	O	O	
'	O	O	O	O	
arruffati	O	O	O	O	
,	O	O	O	O	
con	O	O	O	O	
gli	O	O	O	O	
occhi	O	O	O	O	
lucenti	O	O	O	O	
,	O	O	O	O	
stanche	O	O	O	O	
,	O	O	O	O	
ma	O	O	O	O	
felici	O	O	O	O	
,	O	O	O	O	
felici	O	O	O	O	
di	O	O	O	O	
quelle	O	O	O	O	
ore	O	O	O	O	
passate	O	O	O	O	
fra	O	O	O	O	
le	B-PER	O	O	O	
bimbe	I-PER	O	O	O	
,	O	O	O	O	
felici	O	O	O	O	
di	O	O	O	O	
quel	O	O	O	O	
primo	O	O	O	O	
contatto	O	O	O	O	
,	O	O	O	O	
di	O	O	O	O	
quelle	O	O	O	O	
prime	O	O	O	O	
lezioni	O	O	O	O	
date	O	O	O	O	
timidamente	O	O	O	O	
,	O	O	O	O	
contente	O	O	O	O	
di	O	O	O	O	
quella	O	O	O	O	
nuova	O	O	O	O	
dignità	O	O	O	O	
conquistata	O	O	O	O	
.	O	O	O	O	

E	O	O	O	O	
narravano	O	O	O	O	
alle	O	O	O	O	
altre	B-PER	O	O	O	
quello	O	O	O	O	
che	O	O	O	O	
avevano	O	O	O	O	
spiegato	O	O	O	O	
alle	O	O	O	O	
piccine	B-PER	O	O	O	
,	O	O	O	O	
l	O	O	O	O	
'	O	O	O	O	
addizione	O	O	O	O	
sul	O	O	O	O	
pallottoliere	O	O	O	O	
,	O	O	O	O	
i	O	O	O	O	
dittonghi	O	O	O	O	
e	O	O	O	O	
la	O	O	O	O	
maglia	O	O	O	O	
di	O	O	O	O	
calza	O	O	O	O	
:	O	O	O	O	
dicevano	O	O	O	O	
che	O	O	O	O	
le	B-PER	O	O	O	
piccine	I-PER	O	O	O	
erano	O	O	O	O	
tanto	O	O	O	O	
carine	O	O	O	O	
,	O	O	O	O	
tanto	O	O	O	O	
intelligenti	O	O	O	O	
,	O	O	O	O	
alcune	B-PER	O	O	O	
tranquille	I-PER	O	O	O	
,	O	O	O	O	
alcune	B-PER	O	O	O	
insolenti	I-PER	O	O	O	
,	O	O	O	O	
che	O	O	O	O	
la	B-PER	O	O	O	
maestra	I-PER	O	O	O	
titolare	I-PER	O	O	O	
lasciava	O	O	O	O	
fare	O	O	O	O	
tutto	O	O	O	O	
alla	O	O	O	O	
tirocinante	O	O	O	O	
,	O	O	O	O	
che	O	O	O	O	
insegnare	O	O	O	O	
era	O	O	O	O	
un	O	O	O	O	
po	O	O	O	O	
'	O	O	O	O	
duro	O	O	O	O	
,	O	O	O	O	
ma	O	O	O	O	
che	O	O	O	O	
infine	O	O	O	O	
diventava	O	O	O	O	
un	O	O	O	O	
piacere	O	O	O	O	
.	O	O	O	O	

Poi	O	O	O	O	
venivano	O	O	O	O	
i	O	O	O	O	
caratteri	O	O	O	O	
delle	O	O	O	O	
piccole	B-PER	O	O	O	
descritti	O	O	O	O	
minutamente	O	O	O	O	
:	O	O	O	O	
Orefice	B-PER	O	O	O	
è	O	O	O	O	
buona	O	O	O	O	
,	O	O	O	O	
ma	O	O	O	O	
è	O	O	O	O	
stupida	O	O	O	O	
e	O	O	O	O	
si	O	O	O	O	
succhia	O	O	O	O	
il	O	O	O	O	
mignolo	O	O	O	O	
:	O	O	O	O	
bisogna	O	O	O	O	
tenerla	O	O	O	O	
sempre	O	O	O	O	
d	O	O	O	O	
'	O	O	O	O	
occhio	O	O	O	O	
—	O	O	O	O	
Abbamonte	B-PER	O	O	O	
è	O	O	O	O	
bellina	O	O	O	O	
,	O	O	O	O	
ma	O	O	O	O	
è	O	O	O	O	
zoppa	O	O	O	O	
,	O	O	O	O	
poveretta	O	O	O	O	
,	O	O	O	O	
non	O	O	O	O	
può	O	O	O	O	
fare	O	O	O	O	
la	O	O	O	O	
ginnastica	O	O	O	O	
—	O	O	O	O	
Chiarizia	B-PER	O	O	O	
è	O	O	O	O	
insolente	O	O	O	O	
,	O	O	O	O	
risponde	O	O	O	O	
male	O	O	O	O	
e	O	O	O	O	
brontola	O	O	O	O	
,	O	O	O	O	
ma	O	O	O	O	
è	O	O	O	O	
figlia	O	B-PER	O	O	
di	O	I-PER	O	O	
un	B-PER	I-PER	O	O	
segretario	I-PER	I-PER	O	O	
municipale	I-PER	I-PER	O	O	
,	O	O	O	O	
non	O	O	O	O	
si	O	O	O	O	
può	O	O	O	O	
sgridarla	O	O	O	O	
molto	O	O	O	O	
.	O	O	O	O	

—	O	O	O	O	
Tutte	B-PER	O	O	O	
quelle	I-PER	O	O	O	
che	I-PER	O	O	O	
avevano	I-PER	O	O	O	
fatto	I-PER	O	O	O	
il	I-PER	O	O	O	
tirocinio	I-PER	O	O	O	
prima	I-PER	O	O	O	
di	I-PER	O	O	O	
me	I-PER	O	O	O	
,	O	O	O	O	
mi	O	O	O	O	
avevano	O	O	O	O	
detto	O	O	O	O	
:	O	O	O	O	
—	O	O	O	O	
Quando	O	O	O	O	
andrai	O	O	O	O	
giù	O	O	O	O	
,	O	O	O	O	
Aloe	B-PER	O	O	O	
ti	O	O	O	O	
farà	O	O	O	O	
dannare	O	O	O	O	
.	O	O	O	O	

—	O	O	O	O	
Aloe	B-PER	O	O	O	
ha	O	O	O	O	
un	O	O	O	O	
diavolo	O	O	O	O	
per	O	O	O	O	
capello	O	O	O	O	
.	O	O	O	O	

—	O	O	O	O	
Se	O	O	O	O	
non	O	O	O	O	
ci	O	O	O	O	
fosse	O	O	O	O	
Aloe	B-PER	O	O	O	
,	O	O	O	O	
la	B-PER	O	O	O	
classe	I-PER	O	O	O	
sarebbe	O	O	O	O	
tranquilla	O	O	O	O	
.	O	O	O	O	

—	O	O	O	O	
Dovrebbero	O	O	O	O	
cacciarla	O	O	O	O	
,	O	O	O	O	
Aloe	B-PER	O	O	O	
:	O	O	O	O	
è	O	O	O	O	
un	B-PER	O	O	O	
demonio	I-PER	O	O	O	
di	I-PER	O	O	O	
malignità	I-PER	O	O	O	
.	O	O	O	O	

—	O	O	O	O	
Aloe	B-PER	O	O	O	
è	O	O	O	O	
terribile	O	O	O	O	
.	O	O	O	O	

Finalmente	O	O	O	O	
andai	O	O	O	O	
io	O	O	O	O	
:	O	O	O	O	
traversai	O	O	O	O	
il	B-FAC	O	O	O	
giardinetto	I-FAC	O	O	O	
della	I-FAC	O	O	O	
ginnastica	I-FAC	O	O	O	
e	O	O	O	O	
mi	O	O	O	O	
fermai	O	O	O	O	
innanzi	O	O	O	O	
alla	O	O	O	O	
porta	O	O	O	O	
vetrata	O	O	O	O	
della	O	O	O	O	
classe	B-FAC	O	O	O	
,	O	O	O	O	
con	O	O	O	O	
una	O	O	O	O	
certa	O	O	O	O	
trepidazione	O	O	O	O	
.	O	O	O	O	

Sullo	O	O	O	O	
scalino	O	O	O	O	
una	B-PER	O	O	O	
bimba	I-PER	O	O	O	
era	O	O	O	O	
accoccolata	O	O	O	O	
,	O	O	O	O	
col	O	O	O	O	
capo	O	O	O	O	
chinato	O	O	O	O	
;	O	O	O	O	
ma	O	O	O	O	
non	O	O	O	O	
piangeva	O	O	O	O	
.	O	O	O	O	

—	O	O	O	O	
Che	O	O	O	O	
fai	O	O	O	O	
qui	O	O	O	O	
?	O	O	O	O	

—	O	O	O	O	
le	O	O	O	O	
chiesi	O	O	O	O	
,	O	O	O	O	
dandomi	O	O	O	O	
un	O	O	O	O	
tono	O	O	O	O	
d	O	O	O	O	
'	O	O	O	O	
autorità	O	O	O	O	
.	O	O	O	O	

—	O	O	O	O	
Sono	O	O	O	O	
arrivata	O	O	O	O	
tardi	O	O	O	O	
—	O	O	O	O	
rispose	O	O	O	O	
a	O	O	O	O	
bassa	O	O	O	O	
voce	O	O	O	O	
,	O	O	O	O	
senza	O	O	O	O	
guardarmi	O	O	O	O	
in	O	O	O	O	
volto	O	O	O	O	
—	O	O	O	O	
e	O	O	O	O	
la	B-PER	O	O	O	
maestra	I-PER	O	O	O	
non	O	O	O	O	
ha	O	O	O	O	
voluto	O	O	O	O	
farmi	O	O	O	O	
entrare	O	O	O	O	
.	O	O	O	O	

—	O	O	O	O	
Perchè	O	O	O	O	
non	O	O	O	O	
te	O	O	O	O	
ne	O	O	O	O	
vai	O	O	O	O	
a	O	O	O	O	
casa	O	O	O	O	
?	O	O	O	O	

—	O	O	O	O	
Perchè	O	O	O	O	
mamma	B-PER	O	O	O	
non	O	O	O	O	
ci	O	O	O	O	
sta	O	O	O	O	
,	O	O	O	O	
a	O	O	O	O	
casa	B-FAC	O	O	O	
,	O	O	O	O	
adesso	O	O	O	O	
.	O	O	O	O	

—	O	O	O	O	
E	O	O	O	O	
dove	O	O	O	O	
sta	O	O	O	O	
mamma	B-PER	O	O	O	
?	O	O	O	O	

—	O	O	O	O	
Alla	O	O	O	O	
fabbrica	B-FAC	O	O	O	
del	I-FAC	O	O	O	
tabacco	I-FAC	O	O	O	
.	O	O	O	O	

—	O	O	O	O	
Come	O	O	O	O	
si	O	O	O	O	
chiama	O	O	O	O	
mamma	B-PER	O	O	O	
?	O	O	O	O	

—	O	O	O	O	
Si	O	O	O	O	
chiama	O	O	O	O	
mamma	B-PER	O	O	O	
—	O	O	O	O	
disse	O	O	O	O	
lei	O	O	O	O	
,	O	O	O	O	
semplicemente	O	O	O	O	
,	O	O	O	O	
un	O	O	O	O	
po	O	O	O	O	
'	O	O	O	O	
meravigliata	O	O	O	O	
.	O	O	O	O	

—	O	O	O	O	
Entra	O	O	O	O	
con	O	O	O	O	
me	O	O	O	O	
in	O	O	O	O	
classe	B-FAC	O	O	O	
;	O	O	O	O	
ti	O	O	O	O	
farò	O	O	O	O	
perdonare	O	O	O	O	
dalla	O	O	O	O	
maestra	B-PER	O	O	O	
il	O	O	O	O	
ritardo	O	O	O	O	
.	O	O	O	O	

Appena	O	O	O	O	
entrai	O	O	O	O	
vi	O	O	O	O	
fu	O	O	O	O	
un	O	O	O	O	
movimento	O	O	O	O	
precipitoso	O	O	O	O	
:	O	O	O	O	
tutte	B-PER	O	O	O	
quelle	I-PER	O	O	O	
piccine	I-PER	O	O	O	
—	I-PER	O	O	O	
sessanta	I-PER	O	O	O	
forse	I-PER	O	O	O	
—	O	O	O	O	
si	O	O	O	O	
alzarono	O	O	O	O	
,	O	O	O	O	
strillando	O	O	O	O	
su	O	O	O	O	
tutti	O	O	O	O	
i	O	O	O	O	
toni	O	O	O	O	
:	O	O	O	O	
—	O	O	O	O	
Buon	O	O	O	O	
giorno	O	O	O	O	
,	O	O	O	O	
maestra	B-PER	O	O	O	
!	O	O	O	O	

Buon	O	O	O	O	
giorno	O	O	O	O	
,	O	O	O	O	
maestra	B-PER	O	O	O	
!	O	O	O	O	

Credo	O	O	O	O	
di	O	O	O	O	
essere	O	O	O	O	
diventata	O	O	O	O	
rossa	O	O	O	O	
dall	O	O	O	O	
'	O	O	O	O	
orgoglio	O	O	O	O	
;	O	O	O	O	
mi	O	O	O	O	
tremava	O	O	O	O	
la	O	O	O	O	
voce	O	O	O	O	
,	O	O	O	O	
dicendo	O	O	O	O	
alla	O	O	O	O	
maestra	B-PER	O	O	O	
titolare	I-PER	O	O	O	
:	O	O	O	O	
—	O	O	O	O	
Buon	O	O	O	O	
giorno	O	O	O	O	
,	O	O	O	O	
signorina	B-PER	O	O	O	
.	O	O	O	O	

Fate	O	O	O	O	
sedere	O	O	O	O	
le	O	O	O	O	
piccole	O	O	O	O	
:	O	O	O	O	
vi	O	O	O	O	
prego	O	O	O	O	
,	O	O	O	O	
lasciate	O	O	O	O	
che	O	O	O	O	
questa	O	O	O	O	
qui	O	O	O	O	
rientri	O	O	O	O	
in	O	O	O	O	
classe	B-FAC	O	O	O	
.	O	O	O	O	

La	B-PER	O	O	O	
maestra	I-PER	O	O	O	
fece	O	O	O	O	
una	O	O	O	O	
smorfietta	O	O	O	O	
:	O	O	O	O	
—	O	O	O	O	
Questa	O	O	O	O	
qui	O	O	O	O	
è	O	O	O	O	
Aloe	B-PER	O	O	O	
.	O	O	O	O	

Vi	O	O	O	O	
divertirete	O	O	O	O	
bene	O	O	O	O	
—	O	O	O	O	
disse	O	O	O	O	
.	O	O	O	O	

E	O	O	O	O	
volte	O	O	O	O	
le	O	O	O	O	
spalle	O	O	O	O	
,	O	O	O	O	
se	O	O	O	O	
ne	O	O	O	O	
andò	O	O	O	O	
a	O	O	O	O	
far	O	O	O	O	
colazione	O	O	O	O	
.	O	O	O	O	

Aloe	B-PER	O	O	O	
le	O	O	O	O	
cavò	O	O	O	O	
la	O	O	O	O	
lingua	O	O	O	O	
,	O	O	O	O	
tanto	O	O	O	O	
per	O	O	O	O	
cominciare	O	O	O	O	
.	O	O	O	O	

Era	O	O	O	O	
una	B-PER	O	O	O	
bambina	I-PER	O	O	O	
di	I-PER	O	O	O	
dieci	I-PER	O	O	O	
anni	I-PER	O	O	O	
,	O	O	O	O	
molto	O	O	O	O	
brutta	O	O	O	O	
,	O	O	O	O	
molto	O	O	O	O	
magra	O	O	O	O	
,	O	O	O	O	
coi	O	O	O	O	
pomelli	O	O	O	O	
sporgenti	O	O	O	O	
,	O	O	O	O	
una	O	O	O	O	
bocca	O	O	O	O	
larga	O	O	O	O	
e	O	O	O	O	
avvizzita	O	O	O	O	
di	O	O	O	O	
donna	B-PER	O	O	O	
,	O	O	O	O	
due	O	O	O	O	
occhi	O	O	O	O	
grigi	O	O	O	O	
e	O	O	O	O	
vivi	O	O	O	O	
,	O	O	O	O	
maliziosi	O	O	O	O	
,	O	O	O	O	
una	O	O	O	O	
criniera	O	O	O	O	
nera	O	O	O	O	
di	O	O	O	O	
ricciolini	O	O	O	O	
ruvidi	O	O	O	O	
,	O	O	O	O	
troppo	O	O	O	O	
folti	O	O	O	O	
,	O	O	O	O	
che	O	O	O	O	
pareva	O	O	O	O	
le	O	O	O	O	
lasciassero	O	O	O	O	
il	O	O	O	O	
volto	O	O	O	O	
esangue	O	O	O	O	
.	O	O	O	O	

Portava	O	O	O	O	
un	O	O	O	O	
vestitino	O	O	O	O	
di	O	O	O	O	
lanetta	O	O	O	O	
stinto	O	O	O	O	
,	O	O	O	O	
le	O	O	O	O	
calze	O	O	O	O	
di	O	O	O	O	
cotone	O	O	O	O	
azzurro	O	O	O	O	
tutte	O	O	O	O	
rattoppate	O	O	O	O	
col	O	O	O	O	
filo	O	O	O	O	
bianco	O	O	O	O	
e	O	O	O	O	
aveva	O	O	O	O	
le	O	O	O	O	
scarpe	O	O	O	O	
rotte	O	O	O	O	
.	O	O	O	O	

—	O	O	O	O	
Andate	O	O	O	O	
al	O	O	O	O	
posto	O	O	O	O	
—	O	O	O	O	
le	O	O	O	O	
dissi	O	O	O	O	
—	O	O	O	O	
e	O	O	O	O	
state	O	O	O	O	
quieta	O	O	O	O	
.	O	O	O	O	

Ella	O	O	O	O	
andò	O	O	O	O	
lentamente	O	O	O	O	
al	O	O	O	O	
banco	O	O	O	O	
e	O	O	O	O	
stette	O	O	O	O	
cinque	O	O	O	O	
minuti	O	O	O	O	
tranquilla	O	O	O	O	
.	O	O	O	O	

Ma	O	O	O	O	
mentre	O	O	O	O	
si	O	O	O	O	
diceva	O	O	O	O	
l	O	O	O	O	
'	O	O	O	O	
Avemaria	O	O	O	O	
,	O	O	O	O	
diede	O	O	O	O	
un	O	O	O	O	
pizzicotto	O	O	O	O	
nel	O	O	O	O	
braccio	O	O	O	O	
a	O	O	O	O	
Cavalieri	B-PER	O	O	O	
,	O	O	O	O	
che	O	O	O	O	
si	O	O	O	O	
mise	O	O	O	O	
a	O	O	O	O	
piangere	O	O	O	O	
.	O	O	O	O	

Cavalieri	B-PER	O	O	O	
era	O	O	O	O	
una	B-PER	O	O	O	
grassottella	I-PER	O	O	O	
,	O	O	O	O	
bianca	O	O	O	O	
e	O	O	O	O	
pienotta	O	O	O	O	
,	O	O	O	O	
coi	O	O	O	O	
capelli	O	O	O	O	
castagni	O	O	O	O	
,	O	O	O	O	
la	O	O	O	O	
boccuccia	O	O	O	O	
rotonda	O	O	O	O	
e	O	O	O	O	
schiusa	O	O	O	O	
;	O	O	O	O	
le	O	O	O	O	
fossette	O	O	O	O	
nelle	O	O	O	O	
guance	O	O	O	O	
,	O	O	O	O	
al	O	O	O	O	
mento	O	O	O	O	
,	O	O	O	O	
nelle	O	O	O	O	
manine	O	O	O	O	
;	O	O	O	O	
una	O	O	O	O	
piega	O	O	O	O	
nel	O	O	O	O	
grasso	O	O	O	O	
del	O	O	O	O	
collo	O	O	O	O	
,	O	O	O	O	
una	O	O	O	O	
piega	O	O	O	O	
nel	O	O	O	O	
grasso	O	O	O	O	
dei	O	O	O	O	
polsi	O	O	O	O	
.	O	O	O	O	

Era	O	O	O	O	
vestita	O	O	O	O	
di	O	O	O	O	
flanella	O	O	O	O	
rossa	O	O	O	O	
,	O	O	O	O	
calda	O	O	O	O	
calda	O	O	O	O	
,	O	O	O	O	
con	O	O	O	O	
un	O	O	O	O	
grembiule	O	O	O	O	
bianco	O	O	O	O	
ricamato	O	O	O	O	
,	O	O	O	O	
con	O	O	O	O	
le	O	O	O	O	
calzette	O	O	O	O	
di	O	O	O	O	
lana	O	O	O	O	
rossa	O	O	O	O	
:	O	O	O	O	
aveva	O	O	O	O	
un	O	O	O	O	
panierino	O	O	O	O	
elegante	O	O	O	O	
per	O	O	O	O	
la	O	O	O	O	
colazione	O	O	O	O	
.	O	O	O	O	

Passava	O	O	O	O	
il	O	O	O	O	
tempo	O	O	O	O	
a	O	O	O	O	
guardarsi	O	O	O	O	
le	O	O	O	O	
braccia	O	O	O	O	
,	O	O	O	O	
a	O	O	O	O	
guardarsi	O	O	O	O	
le	O	O	O	O	
mani	O	O	O	O	
,	O	O	O	O	
a	O	O	O	O	
guardarsi	O	O	O	O	
i	O	O	O	O	
piedi	O	O	O	O	
,	O	O	O	O	
a	O	O	O	O	
guardarsi	O	O	O	O	
le	O	O	O	O	
pieghe	O	O	O	O	
del	O	O	O	O	
grembiule	O	O	O	O	
,	O	O	O	O	
sorridente	O	O	O	O	
e	O	O	O	O	
rotondetta	O	O	O	O	
,	O	O	O	O	
gonfiando	O	O	O	O	
il	O	O	O	O	
bocchino	O	O	O	O	
,	O	O	O	O	
non	O	O	O	O	
capendo	O	O	O	O	
nulla	O	O	O	O	
,	O	O	O	O	
attirando	O	O	O	O	
i	O	O	O	O	
baci	O	O	O	O	
per	O	O	O	O	
quell	O	O	O	O	
'	O	O	O	O	
aspetto	O	O	O	O	
di	O	O	O	O	
pallottolina	O	O	O	O	
bianca	O	O	O	O	
,	O	O	O	O	
rossa	O	O	O	O	
e	O	O	O	O	
pulituccia	O	O	O	O	
.	O	O	O	O	

—	O	O	O	O	
Aloe	B-PER	O	O	O	
,	O	O	O	O	
perchè	O	O	O	O	
avete	O	O	O	O	
dato	O	O	O	O	
il	O	O	O	O	
pizzicotto	O	O	O	O	
a	O	O	O	O	
Cavalieri	B-PER	O	O	O	
?	O	O	O	O	

—	O	O	O	O	
Signora	B-PER	O	O	O	
maestra	I-PER	O	O	O	
,	O	O	O	O	
perchè	O	O	O	O	
è	O	O	O	O	
troppo	O	O	O	O	
grassa	O	O	O	O	
—	O	O	O	O	
mi	O	O	O	O	
rispose	O	O	O	O	
,	O	O	O	O	
levandomi	O	O	O	O	
in	O	O	O	O	
volto	O	O	O	O	
i	O	O	O	O	
suoi	O	O	O	O	
occhi	O	O	O	O	
di	O	O	O	O	
donnina	B-PER	O	O	O	
malata	I-PER	O	O	O	
e	I-PER	O	O	O	
cattiva	I-PER	O	O	O	
.	O	O	O	O	

—	O	O	O	O	
Cercatele	O	O	O	O	
scusa	O	O	O	O	
,	O	O	O	O	
subito	O	O	O	O	
.	O	O	O	O	

—	O	O	O	O	
No	O	O	O	O	
—	O	O	O	O	
rispose	O	O	O	O	
,	O	O	O	O	
duramente	O	O	O	O	
,	O	O	O	O	
battendo	O	O	O	O	
un	O	O	O	O	
piede	O	O	O	O	
sul	O	O	O	O	
tavolato	O	O	O	O	
.	O	O	O	O	

—	O	O	O	O	
Andiamo	O	O	O	O	
,	O	O	O	O	
Aloe	B-PER	O	O	O	
,	O	O	O	O	
siate	O	O	O	O	
buona	O	O	O	O	
:	O	O	O	O	
le	O	O	O	O	
avete	O	O	O	O	
fatto	O	O	O	O	
male	O	O	O	O	
a	O	O	O	O	
Cavalieri	B-PER	O	O	O	
,	O	O	O	O	
Cavalieri	B-PER	O	O	O	
piange	O	O	O	O	
,	O	O	O	O	
chiedetele	O	O	O	O	
scusa	O	O	O	O	
.	O	O	O	O	

Allora	O	O	O	O	
,	O	O	O	O	
senza	O	O	O	O	
guardare	O	O	O	O	
nè	O	O	O	O	
me	O	O	O	O	
,	O	O	O	O	
nè	O	O	O	O	
la	B-PER	O	O	O	
piccola	I-PER	O	O	O	
vicina	I-PER	O	O	O	
,	O	O	O	O	
mormorò	O	O	O	O	
a	O	O	O	O	
bassa	O	O	O	O	
voce	O	O	O	O	
:	O	O	O	O	
—	O	O	O	O	
Chiedo	O	O	O	O	
scusa	O	O	O	O	
.	O	O	O	O	

Cavalieri	B-PER	O	O	O	
,	O	O	O	O	
rabbonita	O	O	O	O	
,	O	O	O	O	
lo	O	O	O	O	
buttò	O	O	O	O	
al	O	O	O	O	
collo	O	O	O	O	
le	O	O	O	O	
braccia	O	O	O	O	
grassocce	O	O	O	O	
e	O	O	O	O	
la	O	O	O	O	
baciò	O	O	O	O	
sulla	O	O	O	O	
guancia	O	O	O	O	
.	O	O	O	O	

E	O	O	O	O	
Aloe	B-PER	O	O	O	
si	O	O	O	O	
diede	O	O	O	O	
a	O	O	O	O	
piangere	O	O	O	O	
,	O	O	O	O	
tremando	O	O	O	O	
tutta	O	O	O	O	
,	O	O	O	O	
singhiozzando	O	O	O	O	
,	O	O	O	O	
inconsolabile	O	O	O	O	
.	O	O	O	O	

Per	O	O	O	O	
quanto	O	O	O	O	
cercassi	O	O	O	O	
d	O	O	O	O	
'	O	O	O	O	
essere	O	O	O	O	
imperiosa	O	O	O	O	
,	O	O	O	O	
non	O	O	O	O	
ci	O	O	O	O	
riescivo	O	O	O	O	
.	O	O	O	O	

Quelle	B-PER	O	O	O	
creature	I-PER	O	O	O	
non	O	O	O	O	
ci	O	O	O	O	
credevano	O	O	O	O	
alla	O	O	O	O	
mia	O	O	O	O	
durezza	O	O	O	O	
,	O	O	O	O	
alle	O	O	O	O	
mie	O	O	O	O	
occhiate	O	O	O	O	
burbere	O	O	O	O	
,	O	O	O	O	
alla	O	O	O	O	
voce	O	O	O	O	
secca	O	O	O	O	
e	O	O	O	O	
breve	O	O	O	O	
,	O	O	O	O	
alle	O	O	O	O	
minacce	O	O	O	O	
di	O	O	O	O	
castighi	O	O	O	O	
.	O	O	O	O	

Mi	O	O	O	O	
sogguardavano	O	O	O	O	
,	O	O	O	O	
sorridendo	O	O	O	O	
;	O	O	O	O	
oppure	O	O	O	O	
mi	O	O	O	O	
chiedevano	O	O	O	O	
perdono	O	O	O	O	
con	O	O	O	O	
certi	O	O	O	O	
sguardi	O	O	O	O	
supplici	O	O	O	O	
—	O	O	O	O	
io	O	O	O	O	
mi	O	O	O	O	
voltava	O	O	O	O	
verso	O	O	O	O	
la	O	O	O	O	
lavagna	O	O	O	O	
,	O	O	O	O	
per	O	O	O	O	
non	O	O	O	O	
perdere	O	O	O	O	
la	O	O	O	O	
gravità	O	O	O	O	
.	O	O	O	O	

Non	O	O	O	O	
era	O	O	O	O	
possibile	O	O	O	O	
di	O	O	O	O	
farle	O	O	O	O	
stare	O	O	O	O	
tranquille	O	O	O	O	
:	O	O	O	O	
ogni	O	O	O	O	
momento	O	O	O	O	
nasceva	O	O	O	O	
un	O	O	O	O	
nuovo	O	O	O	O	
incidente	O	O	O	O	
.	O	O	O	O	

In	O	O	O	O	
quanto	O	O	O	O	
a	O	O	O	O	
Parascandolo	B-PER	O	O	O	
,	I-PER	O	O	O	
una	I-PER	O	O	O	
bimba	I-PER	O	O	O	
sottile	I-PER	O	O	O	
,	O	O	O	O	
con	O	O	O	O	
certi	O	O	O	O	
occhi	O	O	O	O	
lionati	O	O	O	O	
e	O	O	O	O	
un	O	O	O	O	
nasino	O	O	O	O	
dalle	O	O	O	O	
nari	O	O	O	O	
dilatate	O	O	O	O	
,	O	O	O	O	
ella	O	O	O	O	
mangiava	O	O	O	O	
sempre	O	O	O	O	
.	O	O	O	O	

Prima	O	O	O	O	
aveva	O	O	O	O	
mangiato	O	O	O	O	
il	O	O	O	O	
pane	O	O	O	O	
della	O	O	O	O	
sua	O	O	O	O	
colazione	O	O	O	O	
,	O	O	O	O	
poi	O	O	O	O	
aveva	O	O	O	O	
cavato	O	O	O	O	
di	O	O	O	O	
sotto	O	O	O	O	
al	O	O	O	O	
banco	O	O	O	O	
una	O	O	O	O	
arancia	O	O	O	O	
e	O	O	O	O	
l	O	O	O	O	
'	O	O	O	O	
aveva	O	O	O	O	
mangiata	O	O	O	O	
;	O	O	O	O	
poi	O	O	O	O	
si	O	O	O	O	
era	O	O	O	O	
messa	O	O	O	O	
a	O	O	O	O	
rosicchiare	O	O	O	O	
certe	O	O	O	O	
nocciuole	O	O	O	O	
che	O	O	O	O	
aveva	O	O	O	O	
in	O	O	O	O	
tasca	O	O	O	O	
.	O	O	O	O	

—	O	O	O	O	
Parascandolo	B-PER	O	O	O	
,	O	O	O	O	
voi	O	O	O	O	
mangiate	O	O	O	O	
ancora	O	O	O	O	
?	O	O	O	O	

—	O	O	O	O	
Maestra	B-PER	O	O	O	
,	O	O	O	O	
è	O	O	O	O	
un	O	O	O	O	
confetto	O	O	O	O	
che	O	O	O	O	
aveva	O	O	O	O	
nel	O	O	O	O	
panierino	O	O	O	O	
.	O	O	O	O	

Più	O	O	O	O	
tardi	O	O	O	O	
:	O	O	O	O	
—	O	O	O	O	
Parascandolo	B-PER	O	O	O	
,	O	O	O	O	
finitela	O	O	O	O	
di	O	O	O	O	
mangiare	O	O	O	O	
.	O	O	O	O	

—	O	O	O	O	
Maestra	B-PER	O	O	O	
,	O	O	O	O	
è	O	O	O	O	
una	O	O	O	O	
noce	O	O	O	O	
,	O	O	O	O	
me	O	O	O	O	
l	O	O	O	O	
'	O	O	O	O	
ha	O	O	O	O	
data	O	O	O	O	
Amarante	B-PER	O	O	O	
.	O	O	O	O	

E	O	O	O	O	
dopo	O	O	O	O	
:	O	O	O	O	
—	O	O	O	O	
Parascandolo	B-PER	O	O	O	
,	O	O	O	O	
dite	O	O	O	O	
la	O	O	O	O	
lezione	O	O	O	O	
.	O	O	O	O	

Ella	O	O	O	O	
inghiottiva	O	O	O	O	
di	O	O	O	O	
traverso	O	O	O	O	
,	O	O	O	O	
diventava	O	O	O	O	
rossa	O	O	O	O	
,	O	O	O	O	
le	O	O	O	O	
venivano	O	O	O	O	
le	O	O	O	O	
lagrime	O	O	O	O	
agli	O	O	O	O	
occhi	O	O	O	O	
,	O	O	O	O	
non	O	O	O	O	
si	O	O	O	O	
raccapezzava	O	O	O	O	
,	O	O	O	O	
si	O	O	O	O	
tastava	O	O	O	O	
le	O	O	O	O	
tasche	O	O	O	O	
del	O	O	O	O	
grembiule	O	O	O	O	
,	O	O	O	O	
a	O	O	O	O	
sentire	O	O	O	O	
se	O	O	O	O	
vi	O	O	O	O	
erano	O	O	O	O	
certe	O	O	O	O	
sementi	O	O	O	O	
infornate	O	O	O	O	
che	O	O	O	O	
aveva	O	O	O	O	
comperate	O	O	O	O	
.	O	O	O	O	

Invece	O	O	O	O	
Edwige	B-PER	O	O	O	
Santelia	I-PER	O	O	O	
sapeva	O	O	O	O	
tutte	O	O	O	O	
le	O	O	O	O	
lezioni	O	O	O	O	
,	O	O	O	O	
addizionava	O	O	O	O	
a	O	O	O	O	
tre	O	O	O	O	
cifre	O	O	O	O	
,	O	O	O	O	
faceva	O	O	O	O	
le	O	O	O	O	
aste	O	O	O	O	
bene	O	O	O	O	
inclinate	O	O	O	O	
,	O	O	O	O	
teneva	O	O	O	O	
la	O	O	O	O	
penna	O	O	O	O	
leggermente	O	O	O	O	
,	O	O	O	O	
senza	O	O	O	O	
sporcarsi	O	O	O	O	
le	O	O	O	O	
dita	O	O	O	O	
d	O	O	O	O	
'	O	O	O	O	
inchiostro	O	O	O	O	
.	O	O	O	O	

Stava	O	O	O	O	
zitta	O	O	O	O	
zitta	O	O	O	O	
,	O	O	O	O	
senza	O	O	O	O	
voltarsi	O	O	O	O	
alle	O	O	O	O	
piccole	B-PER	O	O	O	
compagne	I-PER	O	O	O	
,	O	O	O	O	
guardandomi	O	O	O	O	
fissamente	O	O	O	O	
in	O	O	O	O	
volto	O	O	O	O	
con	O	O	O	O	
certi	O	O	O	O	
occhi	O	O	O	O	
timidi	O	O	O	O	
,	O	O	O	O	
come	O	O	O	O	
se	O	O	O	O	
volesse	O	O	O	O	
interpretare	O	O	O	O	
la	O	O	O	O	
mia	O	O	O	O	
volontà	O	O	O	O	
.	O	O	O	O	

Feci	O	O	O	O	
una	O	O	O	O	
quantità	O	O	O	O	
di	O	O	O	O	
tentativi	O	O	O	O	
per	O	O	O	O	
confonderla	O	O	O	O	
,	O	O	O	O	
per	O	O	O	O	
coglierla	O	O	O	O	
in	O	O	O	O	
fallo	O	O	O	O	
,	O	O	O	O	
leggermente	O	O	O	O	
irritata	O	O	O	O	
di	O	O	O	O	
quella	O	O	O	O	
bonomia	O	O	O	O	
monotona	O	O	O	O	
.	O	O	O	O	

Mi	O	O	O	O	
rispondeva	O	O	O	O	
sempre	O	O	O	O	
bene	O	O	O	O	
,	O	O	O	O	
con	O	O	O	O	
una	O	O	O	O	
lentezza	O	O	O	O	
e	O	O	O	O	
una	O	O	O	O	
umiltà	O	O	O	O	
,	O	O	O	O	
senza	O	O	O	O	
turbarsi	O	O	O	O	
mai	O	O	O	O	
.	O	O	O	O	

Così	O	O	O	O	
fu	O	O	O	O	
che	O	O	O	O	
mi	O	O	O	O	
vinse	O	O	O	O	
:	O	O	O	O	
e	O	O	O	O	
in	O	O	O	O	
un	O	O	O	O	
momento	O	O	O	O	
in	O	O	O	O	
cui	O	O	O	O	
Aloe	B-PER	O	O	O	
aveva	O	O	O	O	
cavata	O	O	O	O	
fuori	O	O	O	O	
la	O	O	O	O	
spugna	O	O	O	O	
del	O	O	O	O	
calamaio	O	O	O	O	
,	O	O	O	O	
impiastricciandosi	O	O	O	O	
orribilmente	O	O	O	O	
d	O	O	O	O	
'	O	O	O	O	
inchiostro	O	O	O	O	
,	O	O	O	O	
le	O	O	O	O	
gridai	O	O	O	O	
:	O	O	O	O	
—	O	O	O	O	
Aloe	B-PER	O	O	O	
,	O	O	O	O	
ma	O	O	O	O	
non	O	O	O	O	
potete	O	O	O	O	
star	O	O	O	O	
ferma	O	O	O	O	
un	O	O	O	O	
minuto	O	O	O	O	
?	O	O	O	O	

Vedete	O	O	O	O	
Santelia	B-PER	O	O	O	
!	O	O	O	O	

—	O	O	O	O	
Ah	O	O	O	O	
!	O	O	O	O	

quella	O	O	O	O	
è	O	O	O	O	
Santelia	B-PER	O	O	O	
—	O	O	O	O	
mi	O	O	O	O	
rispose	O	O	O	O	
,	O	O	O	O	
con	O	O	O	O	
un	O	O	O	O	
accento	O	O	O	O	
profondo	O	O	O	O	
.	O	O	O	O	

Lei	O	O	O	O	
Aloe	B-PER	O	O	O	
non	O	O	O	O	
sapeva	O	O	O	O	
nulla	O	O	O	O	
,	O	O	O	O	
non	O	O	O	O	
aveva	O	O	O	O	
il	O	O	O	O	
sillabario	O	O	O	O	
,	O	O	O	O	
non	O	O	O	O	
aveva	O	O	O	O	
la	O	O	O	O	
penna	O	O	O	O	
,	O	O	O	O	
non	O	O	O	O	
aveva	O	O	O	O	
l	O	O	O	O	
'	O	O	O	O	
abbaco	O	O	O	O	
,	O	O	O	O	
non	O	O	O	O	
aveva	O	O	O	O	
il	O	O	O	O	
quaderno	O	O	O	O	
per	O	O	O	O	
le	O	O	O	O	
aste	O	O	O	O	
.	O	O	O	O	

Stava	O	O	O	O	
ritta	O	O	O	O	
innanzi	O	O	O	O	
al	O	O	O	O	
cartellone	O	O	O	O	
delle	O	O	O	O	
sillabe	O	O	O	O	
,	O	O	O	O	
guardandolo	O	O	O	O	
con	O	O	O	O	
le	O	O	O	O	
mani	O	O	O	O	
penzoloni	O	O	O	O	
,	O	O	O	O	
senza	O	O	O	O	
aprire	O	O	O	O	
bocca	O	O	O	O	
.	O	O	O	O	

Una	O	O	O	O	
viva	O	O	O	O	
espressione	O	O	O	O	
di	O	O	O	O	
sofferenza	O	O	O	O	
le	O	O	O	O	
si	O	O	O	O	
traduceva	O	O	O	O	
sulla	O	O	O	O	
faccia	O	O	O	O	
smorta	O	O	O	O	
.	O	O	O	O	

—	O	O	O	O	
Leggete	O	O	O	O	
dunque	O	O	O	O	
.	O	O	O	O	

—	O	O	O	O	
Non	O	O	O	O	
so	O	O	O	O	
—	O	O	O	O	
mormorava	O	O	O	O	
—	O	O	O	O	
non	O	O	O	O	
so	O	O	O	O	
.	O	O	O	O	

—	O	O	O	O	
Andate	O	O	O	O	
a	O	O	O	O	
sedere	O	O	O	O	
all	O	O	O	O	
'	O	O	O	O	
ultimo	O	O	O	O	
banco	O	O	O	O	
e	O	O	O	O	
fatevi	O	O	O	O	
prestare	O	O	O	O	
il	O	O	O	O	
sillabario	O	O	O	O	
da	O	O	O	O	
Tecchia	B-PER	O	O	O	
:	O	O	O	O	
essa	O	O	O	O	
leggerà	O	O	O	O	
in	O	O	O	O	
quello	O	O	O	O	
di	O	O	O	O	
Buongarzone	B-PER	O	O	O	
.	O	O	O	O	

Perchè	O	O	O	O	
Tecchia	B-PER	O	O	O	
e	O	O	O	O	
Buongarzone	B-PER	O	O	O	
,	O	O	O	O	
una	B-PER	O	O	O	
brunettina	I-PER	O	O	O	
pallida	I-PER	O	O	O	
e	O	O	O	O	
una	B-PER	O	O	O	
biondina	I-PER	O	O	O	
dagli	I-PER	O	O	O	
occhi	I-PER	O	O	O	
azzurri	I-PER	O	O	O	
,	O	O	O	O	
stavano	O	O	O	O	
sempre	O	O	O	O	
accanto	O	O	O	O	
,	O	O	O	O	
leggevano	O	O	O	O	
nello	O	O	O	O	
stesso	O	O	O	O	
libro	O	O	O	O	
,	O	O	O	O	
intingevano	O	O	O	O	
la	O	O	O	O	
penna	O	O	O	O	
nello	O	O	O	O	
stesso	O	O	O	O	
calamaio	O	O	O	O	
,	O	O	O	O	
avevano	O	O	O	O	
una	O	O	O	O	
sola	O	O	O	O	
cartella	O	O	O	O	
.	O	O	O	O	

Capitavano	O	O	O	O	
alla	O	O	O	O	
scuola	O	O	O	O	
,	O	O	O	O	
tenendosi	O	O	O	O	
per	O	O	O	O	
mano	O	O	O	O	
,	O	O	O	O	
serie	O	O	O	O	
serie	O	O	O	O	
.	O	O	O	O	

Quando	O	O	O	O	
Tecchia	B-PER	O	O	O	
non	O	O	O	O	
sapeva	O	O	O	O	
la	O	O	O	O	
lezione	O	O	O	O	
,	O	O	O	O	
neppure	O	O	O	O	
Buongarzone	B-PER	O	O	O	
la	O	O	O	O	
sapeva	O	O	O	O	
:	O	O	O	O	
quando	O	O	O	O	
Buongarzone	B-PER	O	O	O	
andava	O	O	O	O	
in	O	O	O	O	
castigo	O	O	O	O	
,	O	O	O	O	
Tecchia	B-PER	O	O	O	
piangeva	O	O	O	O	
sommessamente	O	O	O	O	
,	O	O	O	O	
sino	O	O	O	O	
a	O	O	O	O	
che	O	O	O	O	
non	O	O	O	O	
si	O	O	O	O	
mandasse	O	O	O	O	
in	O	O	O	O	
castigo	O	O	O	O	
anche	O	O	O	O	
lei	O	O	O	O	
.	O	O	O	O	

Alla	O	O	O	O	
ricreazione	O	O	O	O	
passeggiavano	O	O	O	O	
a	O	O	O	O	
braccetto	O	O	O	O	
,	O	O	O	O	
senza	O	O	O	O	
parlarsi	O	O	O	O	
.	O	O	O	O	

Facevano	O	O	O	O	
colazione	O	O	O	O	
insieme	O	O	O	O	
,	O	O	O	O	
senza	O	O	O	O	
far	O	O	O	O	
rumore	O	O	O	O	
,	O	O	O	O	
in	O	O	O	O	
un	O	O	O	O	
angolo	O	O	O	O	
di	O	O	O	O	
banco	O	O	O	O	
,	O	O	O	O	
rosicchiando	O	O	O	O	
come	O	O	O	O	
due	O	O	O	O	
sorcetti	O	O	O	O	
.	O	O	O	O	

Quando	O	O	O	O	
Tecchia	B-PER	O	O	O	
andava	O	O	O	O	
al	O	O	O	O	
pallottoliere	O	O	O	O	
,	O	O	O	O	
Buongarzone	B-PER	O	O	O	
restava	O	O	O	O	
fremente	O	O	O	O	
al	O	O	O	O	
banco	O	O	O	O	
,	O	O	O	O	
cercando	O	O	O	O	
di	O	O	O	O	
suggerire	O	O	O	O	
,	O	O	O	O	
di	O	O	O	O	
aiutare	O	O	O	O	
l	B-PER	O	O	O	
'	I-PER	O	O	O	
amica	I-PER	O	O	O	
:	O	O	O	O	
—	O	O	O	O	
Tecchia	B-PER	O	O	O	
—	O	O	O	O	
settantatre	O	O	O	O	
e	O	O	O	O	
otto	O	O	O	O	
?	O	O	O	O	

E	O	O	O	O	
Buongarzone	B-PER	O	O	O	
soffiava	O	O	O	O	
,	O	O	O	O	
chinando	O	O	O	O	
gli	O	O	O	O	
occhi	O	O	O	O	
,	O	O	O	O	
per	O	O	O	O	
non	O	O	O	O	
farsi	O	O	O	O	
scorgere	O	O	O	O	
:	O	O	O	O	
—	O	O	O	O	
Ottantuno	O	O	O	O	
....	O	O	O	O	
ottantuno	O	O	O	O	
.	O	O	O	O	

Si	O	O	O	O	
capivano	O	O	O	O	
fra	O	O	O	O	
loro	O	O	O	O	
,	O	O	O	O	
senza	O	O	O	O	
dirsi	O	O	O	O	
nulla	O	O	O	O	
.	O	O	O	O	

Ogni	O	O	O	O	
tanto	O	O	O	O	
scoppiavano	O	O	O	O	
a	O	O	O	O	
ridere	O	O	O	O	
,	O	O	O	O	
di	O	O	O	O	
accordo	O	O	O	O	
,	O	O	O	O	
non	O	O	O	O	
si	O	O	O	O	
sa	O	O	O	O	
perchè	O	O	O	O	
,	O	O	O	O	
pigliandosi	O	O	O	O	
per	O	O	O	O	
mano	O	O	O	O	
.	O	O	O	O	

Poi	O	O	O	O	
,	O	O	O	O	
si	O	O	O	O	
scambiavano	O	O	O	O	
le	O	O	O	O	
loro	O	O	O	O	
riflessioni	O	O	O	O	
:	O	O	O	O	
—	O	O	O	O	
L	O	O	O	O	
'	O	O	O	O	
abbaco	O	O	O	O	
è	O	O	O	O	
scucito	O	O	O	O	
.	O	O	O	O	

—	O	O	O	O	
Ci	O	O	O	O	
vuole	O	O	O	O	
il	O	O	O	O	
filo	O	O	O	O	
bianco	O	O	O	O	
.	O	O	O	O	

—	O	O	O	O	
Bisogna	O	O	O	O	
domandarlo	O	O	O	O	
alla	O	O	O	O	
bidella	B-PER	O	O	O	
.	O	O	O	O	

—	O	O	O	O	
Non	O	O	O	O	
ci	O	O	O	O	
sta	O	O	O	O	
.	O	O	O	O	

E	O	O	O	O	
si	O	O	O	O	
guardavano	O	O	O	O	
,	O	O	O	O	
l	B-PER	O	O	O	
'	I-PER	O	O	O	
una	I-PER	O	O	O	
nell	O	O	O	O	
'	O	O	O	O	
ammirazione	O	O	O	O	
dell	O	O	O	O	
'	O	O	O	O	
altra	B-PER	O	O	O	
,	O	O	O	O	
come	O	O	O	O	
se	O	O	O	O	
le	B-PER	O	O	O	
altre	I-PER	O	O	O	
bimbe	I-PER	O	O	O	
non	O	O	O	O	
esistessero	O	O	O	O	
,	O	O	O	O	
aspettando	O	O	O	O	
l	O	O	O	O	
'	O	O	O	O	
ora	O	O	O	O	
dell	O	O	O	O	
'	O	O	O	O	
uscita	O	O	O	O	
,	O	O	O	O	
per	O	O	O	O	
andarsene	O	O	O	O	
pian	O	O	O	O	
piano	O	O	O	O	
,	O	O	O	O	
tenendosi	O	O	O	O	
per	O	O	O	O	
mano	O	O	O	O	
,	O	O	O	O	
dicendo	O	O	O	O	
di	O	O	O	O	
queste	O	O	O	O	
cose	O	O	O	O	
:	O	O	O	O	
—	O	O	O	O	
Oggi	O	O	O	O	
ci	O	O	O	O	
stanno	O	O	O	O	
i	O	O	O	O	
maccheroni	O	O	O	O	
.	O	O	O	O	

—	O	O	O	O	
Mammella	B-PER	O	O	O	
ha	O	O	O	O	
fatto	O	O	O	O	
la	O	O	O	O	
cicoria	O	O	O	O	
.	O	O	O	O	

Ma	O	O	O	O	
l	O	O	O	O	
'	O	O	O	O	
ora	O	O	O	O	
lunga	O	O	O	O	
e	O	O	O	O	
difficile	O	O	O	O	
fu	O	O	O	O	
quella	O	O	O	O	
dei	O	O	O	O	
lavori	O	O	O	O	
donneschi	O	O	O	O	
.	O	O	O	O	

Poche	B-PER	O	O	O	
sapevano	O	O	O	O	
fare	O	O	O	O	
la	O	O	O	O	
calza	O	O	O	O	
,	O	O	O	O	
qualcuna	B-PER	O	O	O	
sapeva	O	O	O	O	
far	O	O	O	O	
l	O	O	O	O	
'	O	O	O	O	
orlo	O	O	O	O	
:	O	O	O	O	
e	O	O	O	O	
di	O	O	O	O	
queste	B-PER	O	O	O	
,	I-PER	O	O	O	
poche	I-PER	O	O	O	
avevano	O	O	O	O	
il	O	O	O	O	
filo	O	O	O	O	
e	O	O	O	O	
i	O	O	O	O	
ferri	O	O	O	O	
e	O	O	O	O	
l	O	O	O	O	
'	O	O	O	O	
ago	O	O	O	O	
e	O	O	O	O	
il	O	O	O	O	
ditale	O	O	O	O	
e	O	O	O	O	
qualche	O	O	O	O	
cosa	O	O	O	O	
da	O	O	O	O	
orlare	O	O	O	O	
.	O	O	O	O	

Santelia	B-PER	O	O	O	
cuciva	O	O	O	O	
già	O	O	O	O	
una	O	O	O	O	
camicia	O	O	O	O	
.	O	O	O	O	

Cavalieri	B-PER	O	O	O	
si	O	O	O	O	
bucò	O	O	O	O	
un	O	O	O	O	
ditino	O	O	O	O	
,	O	O	O	O	
ne	O	O	O	O	
sprizzò	O	O	O	O	
il	O	O	O	O	
sangue	O	O	O	O	
,	O	O	O	O	
lo	O	O	O	O	
succhiò	O	O	O	O	
e	O	O	O	O	
non	O	O	O	O	
volle	O	O	O	O	
più	O	O	O	O	
cucire	O	O	O	O	
.	O	O	O	O	

Tecchia	B-PER	O	O	O	
e	O	O	O	O	
Buongarzone	B-PER	O	O	O	
avevano	O	O	O	O	
la	O	O	O	O	
calza	O	O	O	O	
e	O	O	O	O	
lavoravano	O	O	O	O	
,	O	O	O	O	
urtandosi	O	O	O	O	
coi	O	O	O	O	
gomiti	O	O	O	O	
,	O	O	O	O	
dure	O	O	O	O	
dure	O	O	O	O	
,	O	O	O	O	
come	O	O	O	O	
se	O	O	O	O	
contassero	O	O	O	O	
le	O	O	O	O	
maglie	O	O	O	O	
.	O	O	O	O	

Le	B-PER	O	O	O	
altre	I-PER	O	O	O	
che	O	O	O	O	
non	O	O	O	O	
cucivano	O	O	O	O	
e	O	O	O	O	
non	O	O	O	O	
facevano	O	O	O	O	
la	O	O	O	O	
calza	O	O	O	O	
,	O	O	O	O	
non	O	O	O	O	
potevano	O	O	O	O	
star	O	O	O	O	
ferme	O	O	O	O	
,	O	O	O	O	
non	O	O	O	O	
potevano	O	O	O	O	
tacere	O	O	O	O	
.	O	O	O	O	

Dovetti	O	O	O	O	
andare	O	O	O	O	
molto	O	O	O	O	
in	O	O	O	O	
collera	O	O	O	O	
per	O	O	O	O	
ottenere	O	O	O	O	
un	O	O	O	O	
po	O	O	O	O	
'	O	O	O	O	
di	O	O	O	O	
silenzio	O	O	O	O	
.	O	O	O	O	

Dopo	O	O	O	O	
cinque	O	O	O	O	
minuti	O	O	O	O	
,	O	O	O	O	
una	O	O	O	O	
vocina	O	O	O	O	
timida	O	O	O	O	
mi	O	O	O	O	
chiese	O	O	O	O	
:	O	O	O	O	
—	O	O	O	O	
Maestra	B-PER	O	O	O	
,	O	O	O	O	
fateci	O	O	O	O	
un	O	O	O	O	
favore	O	O	O	O	
.	O	O	O	O	

—	O	O	O	O	
Che	O	O	O	O	
favore	O	O	O	O	
?	O	O	O	O	

—	O	O	O	O	
Dite	O	O	O	O	
prima	O	O	O	O	
,	O	O	O	O	
che	O	O	O	O	
ce	O	O	O	O	
lo	O	O	O	O	
fate	O	O	O	O	
.	O	O	O	O	

—	O	O	O	O	
Se	O	O	O	O	
non	O	O	O	O	
so	O	O	O	O	
che	O	O	O	O	
cosa	O	O	O	O	
è	O	O	O	O	
....	O	O	O	O	
—	O	O	O	O	
Maestra	B-PER	O	O	O	
,	O	O	O	O	
ce	O	O	O	O	
lo	O	O	O	O	
potete	O	O	O	O	
fare	O	O	O	O	
.	O	O	O	O	

—	O	O	O	O	
Dite	O	O	O	O	
dunque	O	O	O	O	
.	O	O	O	O	

—	O	O	O	O	
Maestra	B-PER	O	O	O	
,	O	O	O	O	
vogliamo	O	O	O	O	
sapere	O	O	O	O	
come	O	O	O	O	
vi	O	O	O	O	
chiamate	O	O	O	O	
.	O	O	O	O	

Dissi	O	O	O	O	
in	O	O	O	O	
fretta	O	O	O	O	
il	O	O	O	O	
mio	O	O	O	O	
nome	O	O	O	O	
e	O	O	O	O	
subito	O	O	O	O	
un	O	O	O	O	
coro	O	O	O	O	
di	O	O	O	O	
esclamazioni	O	O	O	O	
:	O	O	O	O	
—	O	O	O	O	
Oh	O	O	O	O	
che	O	O	O	O	
bel	O	O	O	O	
nome	O	O	O	O	
che	O	O	O	O	
avete	O	O	O	O	
,	O	O	O	O	
maestra	B-PER	O	O	O	
!	O	O	O	O	

Beata	B-PER	O	O	O	
voi	I-PER	O	O	O	
che	O	O	O	O	
avete	O	O	O	O	
questo	O	O	O	O	
nome	O	O	O	O	
.	O	O	O	O	

Ma	O	O	O	O	
in	O	O	O	O	
questa	O	O	O	O	
ora	O	O	O	O	
,	O	O	O	O	
quella	B-PER	O	O	O	
scarna	I-PER	O	O	O	
di	I-PER	O	O	O	
Aloe	I-PER	O	O	O	
,	O	O	O	O	
dagli	O	O	O	O	
occhi	O	O	O	O	
febbrili	O	O	O	O	
,	O	O	O	O	
fece	O	O	O	O	
quante	O	O	O	O	
impertinenze	O	O	O	O	
possono	O	O	O	O	
frullare	O	O	O	O	
in	O	O	O	O	
una	O	O	O	O	
testolina	O	O	O	O	
stravagante	O	O	O	O	
:	O	O	O	O	
stracciò	O	O	O	O	
un	O	O	O	O	
quaderno	O	O	O	O	
,	O	O	O	O	
tolse	O	O	O	O	
una	O	O	O	O	
scarpa	O	O	O	O	
a	O	O	O	O	
Parascandolo	B-PER	O	O	O	
,	O	O	O	O	
si	O	O	O	O	
ficcò	O	O	O	O	
uno	O	O	O	O	
spillo	O	O	O	O	
tra	O	O	O	O	
due	O	O	O	O	
denti	O	O	O	O	
che	O	O	O	O	
non	O	O	O	O	
si	O	O	O	O	
poteva	O	O	O	O	
più	O	O	O	O	
cavare	O	O	O	O	
,	O	O	O	O	
sventrò	O	O	O	O	
il	O	O	O	O	
cuscinetto	O	O	O	O	
di	O	O	O	O	
un	O	O	O	O	
banco	O	O	O	O	
,	O	O	O	O	
ruppe	O	O	O	O	
un	O	O	O	O	
vetro	O	O	O	O	
e	O	O	O	O	
si	O	O	O	O	
ferì	O	O	O	O	
una	O	O	O	O	
mano	O	O	O	O	
.	O	O	O	O	

Niente	O	O	O	O	
ci	O	O	O	O	
poteva	O	O	O	O	
:	O	O	O	O	
si	O	O	O	O	
rideva	O	O	O	O	
delle	O	O	O	O	
sgridate	O	O	O	O	
,	O	O	O	O	
si	O	O	O	O	
rideva	O	O	O	O	
del	O	O	O	O	
castigo	O	O	O	O	
,	O	O	O	O	
andava	O	O	O	O	
in	O	O	O	O	
un	O	O	O	O	
angolo	O	O	O	O	
,	O	O	O	O	
ballava	O	O	O	O	
la	O	O	O	O	
tarantella	O	O	O	O	
e	O	O	O	O	
faceva	O	O	O	O	
le	O	O	O	O	
castagnette	O	O	O	O	
con	O	O	O	O	
le	O	O	O	O	
dita	O	O	O	O	
,	O	O	O	O	
si	O	O	O	O	
buttava	O	O	O	O	
per	O	O	O	O	
terra	O	O	O	O	
,	O	O	O	O	
faceva	O	O	O	O	
le	O	O	O	O	
capriole	O	O	O	O	
.	O	O	O	O	

Frenarla	O	O	O	O	
non	O	O	O	O	
era	O	O	O	O	
possibile	O	O	O	O	
.	O	O	O	O	

In	O	O	O	O	
certi	O	O	O	O	
momenti	O	O	O	O	
mi	O	O	O	O	
veniva	O	O	O	O	
da	O	O	O	O	
schiaffeggiarla	O	O	O	O	
:	O	O	O	O	
in	O	O	O	O	
certi	O	O	O	O	
altri	O	O	O	O	
mi	O	O	O	O	
salivano	O	O	O	O	
le	O	O	O	O	
lagrime	O	O	O	O	
agi	O	O	O	O	
occhi	O	O	O	O	
.	O	O	O	O	

Ella	O	O	O	O	
era	O	O	O	O	
indomabile	O	O	O	O	
.	O	O	O	O	

—	O	O	O	O	
Aloe	B-PER	O	O	O	
,	O	O	O	O	
se	O	O	O	O	
non	O	O	O	O	
state	O	O	O	O	
un	O	O	O	O	
po	O	O	O	O	
'	O	O	O	O	
tranquilla	O	O	O	O	
,	O	O	O	O	
chiamo	O	O	O	O	
la	B-PER	O	O	O	
direttrice	I-PER	O	O	O	
e	O	O	O	O	
me	O	O	O	O	
ne	O	O	O	O	
vado	O	O	O	O	
su	O	O	O	O	
—	O	O	O	O	
le	O	O	O	O	
dissi	O	O	O	O	
placidamente	O	O	O	O	
.	O	O	O	O	

Ella	O	O	O	O	
mi	O	O	O	O	
guardò	O	O	O	O	
,	O	O	O	O	
di	O	O	O	O	
sottecchi	O	O	O	O	
.	O	O	O	O	

—	O	O	O	O	
Se	O	O	O	O	
vi	O	O	O	O	
fate	O	O	O	O	
dare	O	O	O	O	
un	O	O	O	O	
bacio	O	O	O	O	
,	O	O	O	O	
mi	O	O	O	O	
sto	O	O	O	O	
quieta	O	O	O	O	
—	O	O	O	O	
mi	O	O	O	O	
disse	O	O	O	O	
.	O	O	O	O	

—	O	O	O	O	
Che	O	O	O	O	
!	O	O	O	O	

siete	O	O	O	O	
troppo	O	O	O	O	
impertinente	O	O	O	O	
.	O	O	O	O	

—	O	O	O	O	
Voglio	O	O	O	O	
darvi	O	O	O	O	
un	O	O	O	O	
bacio	O	O	O	O	
—	O	O	O	O	
ripetè	O	O	O	O	
,	O	O	O	O	
ostinata	O	O	O	O	
.	O	O	O	O	

Infine	O	O	O	O	
dovetti	O	O	O	O	
farmi	O	O	O	O	
baciare	O	O	O	O	
.	O	O	O	O	

Allora	O	O	O	O	
lei	O	O	O	O	
si	O	O	O	O	
sedette	O	O	O	O	
,	O	O	O	O	
stette	O	O	O	O	
immobile	O	O	O	O	
,	O	O	O	O	
con	O	O	O	O	
le	O	O	O	O	
mani	O	O	O	O	
in	O	O	O	O	
croce	O	O	O	O	
,	O	O	O	O	
presa	O	O	O	O	
da	O	O	O	O	
una	O	O	O	O	
tristezza	O	O	O	O	
grande	O	O	O	O	
.	O	O	O	O	

Quando	O	O	O	O	
me	O	O	O	O	
ne	O	O	O	O	
andai	O	O	O	O	
,	O	O	O	O	
quelle	B-PER	O	O	O	
piccine	I-PER	O	O	O	
mi	O	O	O	O	
circondarono	O	O	O	O	
,	O	O	O	O	
strillando	O	O	O	O	
:	O	O	O	O	
—	O	O	O	O	
Maestra	B-PER	O	O	O	
,	O	O	O	O	
tornate	O	O	O	O	
presto	O	O	O	O	
!	O	O	O	O	

Maestra	B-PER	O	O	O	
,	O	O	O	O	
non	O	O	O	O	
lo	O	O	O	O	
dite	O	O	O	O	
sopra	O	O	O	O	
che	O	O	O	O	
siamo	O	O	O	O	
cattive	O	O	O	O	
!	O	O	O	O	

Aloe	B-PER	O	O	O	
se	O	O	O	O	
ne	O	O	O	O	
andò	O	O	O	O	
senza	O	O	O	O	
parlarmi	O	O	O	O	
.	O	O	O	O	

Nelle	O	O	O	O	
vacanze	O	O	O	O	
,	O	O	O	O	
vicino	O	O	O	O	
alla	O	O	O	O	
bottega	O	B-FAC	O	O	
di	O	I-FAC	O	O	
uno	B-PER	I-FAC	O	O	
stagnino	I-PER	I-FAC	O	O	
,	O	O	O	O	
vidi	O	O	O	O	
Santelia	B-PER	O	O	O	
seduta	O	O	O	O	
,	O	O	O	O	
che	O	O	O	O	
cuciva	O	O	O	O	
.	O	O	O	O	

Mi	O	O	O	O	
riconobbe	O	O	O	O	
e	O	O	O	O	
si	O	O	O	O	
alzò	O	O	O	O	
,	O	O	O	O	
guardandomi	O	O	O	O	
con	O	O	O	O	
lo	O	O	O	O	
stesso	O	O	O	O	
sguardo	O	O	O	O	
timido	O	O	O	O	
:	O	O	O	O	
—	O	O	O	O	
È	O	O	O	O	
papà	B-PER	O	O	O	
vostro	O	O	O	O	
,	O	O	O	O	
lo	B-PER	O	O	O	
stagnino	I-PER	O	O	O	
?	O	O	O	O	

—	O	O	O	O	
Sì	O	O	O	O	
,	O	O	O	O	
signora	B-PER	O	O	O	
maestra	I-PER	O	O	O	
.	O	O	O	O	

—	O	O	O	O	
Voi	O	O	O	O	
siete	O	O	O	O	
passata	O	O	O	O	
all	O	O	O	O	
'	O	O	O	O	
altra	B-FAC	O	O	O	
classe	I-FAC	O	O	O	
?	O	O	O	O	

—	O	O	O	O	
Sì	O	O	O	O	
,	O	O	O	O	
signora	B-PER	O	O	O	
maestra	I-PER	O	O	O	
:	O	O	O	O	
ho	O	O	O	O	
avuto	O	O	O	O	
la	O	O	O	O	
medaglia	O	O	O	O	
.	O	O	O	O	

—	O	O	O	O	
E	O	O	O	O	
le	B-PER	O	O	O	
altre	I-PER	O	O	O	
?	O	O	O	O	

—	O	O	O	O	
Ce	O	O	O	O	
ne	O	O	O	O	
sono	O	O	O	O	
restate	O	O	O	O	
venti	O	O	O	O	
,	O	O	O	O	
signora	B-PER	O	O	O	
maestra	I-PER	O	O	O	
.	O	O	O	O	

—	O	O	O	O	
Anche	O	O	O	O	
Aloe	B-PER	O	O	O	
,	O	O	O	O	
nevvero	O	O	O	O	
?	O	O	O	O	

—	O	O	O	O	
No	O	O	O	O	
,	O	O	O	O	
signora	B-PER	O	O	O	
maestra	I-PER	O	O	O	
:	O	O	O	O	
Aloe	B-PER	O	O	O	
è	O	O	O	O	
morta	O	O	O	O	
.	O	O	O	O	

—	O	O	O	O	
Quando	O	O	O	O	
è	O	O	O	O	
morta	O	O	O	O	
?	O	O	O	O	

—	O	O	O	O	
Nel	O	O	O	O	
mese	O	O	O	O	
di	O	O	O	O	
agosto	O	O	O	O	
.	O	O	O	O	

—	O	O	O	O	
E	O	O	O	O	
di	O	O	O	O	
che	O	O	O	O	
male	O	O	O	O	
?	O	O	O	O	

—	O	O	O	O	
Aveva	O	O	O	O	
la	O	O	O	O	
febbre	O	O	O	O	
e	O	O	O	O	
aveva	O	O	O	O	
pure	O	O	O	O	
la	O	O	O	O	
tosse	O	O	O	O	
e	O	O	O	O	
le	O	O	O	O	
faceva	O	O	O	O	
male	O	O	O	O	
il	O	O	O	O	
petto	O	O	O	O	
.	O	O	O	O	

Poi	O	O	O	O	
,	O	O	O	O	
è	O	O	O	O	
morta	O	O	O	O	
.	O	O	O	O	

—	O	O	O	O	
Voi	O	O	O	O	
l	O	O	O	O	
'	O	O	O	O	
avete	O	O	O	O	
vista	O	O	O	O	
?	O	O	O	O	

—	O	O	O	O	
Sì	O	O	O	O	
,	O	O	O	O	
signora	B-PER	O	O	O	
maestra	I-PER	O	O	O	
:	O	O	O	O	
ci	O	O	O	O	
è	O	O	O	O	
andata	O	O	O	O	
la	B-PER	O	O	O	
direttrice	I-PER	O	O	O	
e	O	O	O	O	
io	O	O	O	O	
ci	O	O	O	O	
sono	O	O	O	O	
andata	O	O	O	O	
con	O	O	O	O	
Cavalieri	B-PER	O	O	O	
.	O	O	O	O	

Ha	O	O	O	O	
detto	O	O	O	O	
alla	O	O	O	O	
direttrice	B-PER	O	O	O	
:	O	O	O	O	
dite	O	O	O	O	
a	O	O	O	O	
tutte	B-PER	O	O	O	
le	I-PER	O	O	O	
maestre	I-PER	O	O	O	
che	O	O	O	O	
cerco	O	O	O	O	
perdono	O	O	O	O	
delle	O	O	O	O	
impertinenze	O	O	O	O	
.	O	O	O	O	

E	O	O	O	O	
le	O	O	O	O	
scarpe	O	O	O	O	
nuove	O	O	O	O	
che	O	O	O	O	
la	B-PER	O	O	O	
mamma	I-PER	O	O	O	
le	O	O	O	O	
aveva	O	O	O	O	
fatte	O	O	O	O	
,	O	O	O	O	
che	O	O	O	O	
non	O	O	O	O	
poteva	O	O	O	O	
più	O	O	O	O	
mettere	O	O	O	O	
,	O	O	O	O	
perchè	O	O	O	O	
se	O	O	O	O	
ne	O	O	O	O	
moriva	O	O	O	O	
,	O	O	O	O	
le	O	O	O	O	
ha	O	O	O	O	
mandate	O	O	O	O	
a	O	O	O	O	
regalare	O	O	O	O	
a	O	O	O	O	
Casanova	O	B-PER	O	O	
,	O	I-PER	O	O	
quella	O	I-PER	O	O	
poveretta	O	I-PER	O	O	
che	O	I-PER	O	O	
veniva	O	I-PER	O	O	
a	O	I-PER	O	O	
scuola	B-FAC	I-PER	O	O	
con	O	I-PER	O	O	
gli	O	I-PER	O	O	
zoccoli	O	I-PER	O	O	
.	O	O	O	O	

