CAPITOLO	O	O	O	O	
PRIMO	O	O	O	O	
In	O	O	O	O	
un	B-FAC	O	O	O	
compartimento	I-FAC	O	O	O	
di	I-FAC	O	O	O	
prima	I-FAC	O	O	O	
classe	I-FAC	O	O	O	
,	O	O	O	O	
sulla	O	O	O	O	
linea	O	O	O	O	
Torino	B-GPE	O	O	O	
-	O	O	O	O	
Venezia	B-GPE	O	O	O	
,	O	O	O	O	
viaggiavano	O	O	O	O	
un	O	O	O	O	
giorno	O	O	O	O	
dell	O	O	O	O	
'	O	O	O	O	
autunno	O	O	O	O	
1874	O	O	O	O	
tre	B-PER	O	O	O	
uomini	I-PER	O	O	O	
soli	I-PER	O	O	O	
.	O	O	O	O	

Fra	O	O	O	O	
due	B-PER	O	O	O	
di	I-PER	O	O	O	
essi	I-PER	O	O	O	
vi	O	O	O	O	
era	O	O	O	O	
una	O	O	O	O	
singolare	O	O	O	O	
rassomiglianza	O	O	O	O	
,	O	O	O	O	
temperata	O	O	O	O	
dalla	O	O	O	O	
differenza	O	O	O	O	
di	O	O	O	O	
età	O	O	O	O	
,	O	O	O	O	
che	O	O	O	O	
nell	O	O	O	O	
'	O	O	O	O	
uno	B-PER	O	O	O	
poteva	I-PER	O	O	O	
essere	I-PER	O	O	O	
di	I-PER	O	O	O	
quarantacinque	I-PER	O	O	O	
anni	I-PER	O	O	O	
al	I-PER	O	O	O	
più	I-PER	O	O	O	
,	O	O	O	O	
nell	O	O	O	O	
'	O	O	O	O	
altro	B-PER	O	O	O	
di	I-PER	O	O	O	
21	I-PER	O	O	O	
a	I-PER	O	O	O	
22	I-PER	O	O	O	
.	O	O	O	O	

Erano	O	O	O	O	
evidentemente	O	O	O	O	
padre	B-PER	O	O	O	
e	O	O	O	O	
figlio	B-PER	O	O	O	
,	O	O	O	O	
bellissime	B-PER	O	O	O	
persone	I-PER	O	O	O	
entrambi	I-PER	O	O	O	
,	O	O	O	O	
vestite	O	O	O	O	
con	O	O	O	O	
semplicità	O	O	O	O	
signorile	O	O	O	O	
ed	O	O	O	O	
elegante	O	O	O	O	
.	O	O	O	O	

A	O	O	O	O	
studiare	O	O	O	O	
il	O	O	O	O	
carattere	O	O	O	O	
delle	O	O	O	O	
loro	O	O	O	O	
fisonomie	O	O	O	O	
,	O	O	O	O	
pur	O	O	O	O	
così	O	O	O	O	
somiglianti	O	O	O	O	
,	O	O	O	O	
si	O	O	O	O	
sarebbe	O	O	O	O	
venuti	O	O	O	O	
alla	O	O	O	O	
singolar	O	O	O	O	
conclusione	O	O	O	O	
che	O	O	O	O	
il	B-PER	O	O	O	
padre	I-PER	O	O	O	
aveva	O	O	O	O	
un	O	O	O	O	
tipo	O	O	O	O	
italiano	O	O	O	O	
con	O	O	O	O	
qualche	O	O	O	O	
mistura	O	O	O	O	
d	O	O	O	O	
'	O	O	O	O	
inglese	O	O	O	O	
,	O	O	O	O	
il	B-PER	O	O	O	
figlio	I-PER	O	O	O	
un	O	O	O	O	
tipo	O	O	O	O	
inglese	O	O	O	O	
con	O	O	O	O	
qualche	O	O	O	O	
mistura	O	O	O	O	
d	O	O	O	O	
'	O	O	O	O	
italiano	O	O	O	O	
.	O	O	O	O	

E	O	O	O	O	
quest	O	O	O	O	
'	O	O	O	O	
ultimo	O	O	O	O	
infatti	O	O	O	O	
rispondeva	O	O	O	O	
talvolta	O	O	O	O	
in	O	O	O	O	
inglese	O	O	O	O	
alle	O	O	O	O	
interrogazioni	O	O	O	O	
che	O	O	O	O	
gli	O	O	O	O	
venivano	O	O	O	O	
fatte	O	O	O	O	
,	O	O	O	O	
o	O	O	O	O	
,	O	O	O	O	
se	O	O	O	O	
rispondeva	O	O	O	O	
in	O	O	O	O	
italiano	O	O	O	O	
,	O	O	O	O	
il	O	O	O	O	
suo	O	O	O	O	
linguaggio	O	O	O	O	
era	O	O	O	O	
correttissimo	O	O	O	O	
ma	O	O	O	O	
non	O	O	O	O	
spedito	O	O	O	O	
.	O	O	O	O	

A	O	O	O	O	
ogni	O	O	O	O	
modo	O	O	O	O	
,	O	O	O	O	
il	O	O	O	O	
dialogo	O	O	O	O	
fra	O	O	O	O	
essi	O	O	O	O	
non	O	O	O	O	
era	O	O	O	O	
molto	O	O	O	O	
animato	O	O	O	O	
.	O	O	O	O	

Il	B-PER	O	O	O	
giovane	I-PER	O	O	O	
teneva	O	O	O	O	
per	O	O	O	O	
lo	O	O	O	O	
più	O	O	O	O	
la	O	O	O	O	
testa	O	O	O	O	
fuori	O	O	O	O	
del	O	O	O	O	
finestrino	O	O	O	O	
ricevendo	O	O	O	O	
in	O	O	O	O	
faccia	O	O	O	O	
con	O	O	O	O	
visibile	O	O	O	O	
compiacenza	O	O	O	O	
il	O	O	O	O	
vento	O	O	O	O	
che	O	O	O	O	
agitava	O	O	O	O	
la	O	O	O	O	
sua	O	O	O	O	
abbondante	O	O	O	O	
capigliatura	O	O	O	O	
.	O	O	O	O	

Quando	O	O	O	O	
ritirava	O	O	O	O	
il	O	O	O	O	
capo	O	O	O	O	
entro	O	O	O	O	
la	B-VEH	O	O	O	
carrozza	I-VEH	O	O	O	
,	O	O	O	O	
egli	O	O	O	O	
sfogliava	O	O	O	O	
un	O	O	O	O	
album	O	O	O	O	
di	O	O	O	O	
disegni	O	O	O	O	
a	O	O	O	O	
lapis	O	O	O	O	
,	O	O	O	O	
oppure	O	O	O	O	
un	O	O	O	O	
romanzo	O	O	O	O	
della	O	O	O	O	
collezione	O	O	O	O	
di	O	O	O	O	
Tauchnitz	O	O	O	O	
,	O	O	O	O	
e	O	O	O	O	
lasciava	O	O	O	O	
che	O	O	O	O	
suo	B-PER	O	O	O	
padre	I-PER	O	O	O	
discorresse	O	O	O	O	
a	O	O	O	O	
suo	O	O	O	O	
agio	O	O	O	O	
col	O	O	O	O	
terzo	B-PER	O	O	O	
viaggiatore	I-PER	O	O	O	
.	O	O	O	O	

Di	O	O	O	O	
questo	O	O	O	O	
non	O	O	O	O	
vale	O	O	O	O	
la	O	O	O	O	
spesa	O	O	O	O	
che	O	O	O	O	
noi	O	O	O	O	
ci	O	O	O	O	
occupiamo	O	O	O	O	
a	O	O	O	O	
lungo	O	O	O	O	
,	O	O	O	O	
giacchè	O	O	O	O	
non	O	O	O	O	
avremo	O	O	O	O	
da	O	O	O	O	
star	O	O	O	O	
con	O	O	O	O	
lui	O	O	O	O	
che	O	O	O	O	
pochi	O	O	O	O	
minuti	O	O	O	O	
.	O	O	O	O	

Era	O	O	O	O	
un	B-PER	O	O	O	
ometto	I-PER	O	O	O	
di	I-PER	O	O	O	
mezza	I-PER	O	O	O	
età	I-PER	O	O	O	
,	O	O	O	O	
assai	O	O	O	O	
rubizzo	O	O	O	O	
,	O	O	O	O	
assai	O	O	O	O	
lindo	O	O	O	O	
,	O	O	O	O	
assai	O	O	O	O	
officioso	O	O	O	O	
,	O	O	O	O	
che	O	O	O	O	
trovava	O	O	O	O	
un	O	O	O	O	
gusto	O	O	O	O	
matto	O	O	O	O	
a	O	O	O	O	
rispondere	O	O	O	O	
alle	O	O	O	O	
domande	O	O	O	O	
del	O	O	O	O	
suo	B-PER	O	O	O	
interlocutore	I-PER	O	O	O	
,	O	O	O	O	
a	O	O	O	O	
prevenirle	O	O	O	O	
anche	O	O	O	O	
,	O	O	O	O	
a	O	O	O	O	
mostrarsi	O	O	O	O	
persona	B-PER	O	O	O	
molto	I-PER	O	O	O	
bene	I-PER	O	O	O	
informata	I-PER	O	O	O	
e	I-PER	O	O	O	
molto	I-PER	O	O	O	
bene	I-PER	O	O	O	
accetta	I-PER	O	O	O	
io	O	O	O	O	
società	B-ORG	O	O	O	
.	O	O	O	O	

--	O	O	O	O	
Sicuro	O	O	O	O	
,	O	O	O	O	
sicuro	O	O	O	O	
--	O	O	O	O	
egli	O	O	O	O	
disse	O	O	O	O	
a	O	O	O	O	
un	O	O	O	O	
certo	O	O	O	O	
momento	O	O	O	O	
,	O	O	O	O	
ripigliando	O	O	O	O	
dopo	O	O	O	O	
una	O	O	O	O	
breve	O	O	O	O	
pausa	O	O	O	O	
un	O	O	O	O	
discorso	O	O	O	O	
già	O	O	O	O	
avviato	O	O	O	O	
da	O	O	O	O	
un	O	O	O	O	
pezzo	O	O	O	O	
--	O	O	O	O	
Eugenio	B-PER	O	O	O	
Nottoli	I-PER	O	O	O	
è	O	O	O	O	
morto	O	O	O	O	
da	O	O	O	O	
due	O	O	O	O	
anni	O	O	O	O	
,	O	O	O	O	
e	O	O	O	O	
la	O	O	O	O	
signora	B-PER	O	O	O	
Amalia	I-PER	O	O	O	
vive	O	O	O	O	
con	O	O	O	O	
la	B-PER	O	O	O	
figliuola	I-PER	O	O	O	
.	O	O	O	O	

--	O	O	O	O	
I	B-PER	O	O	O	
vecchi	I-PER	O	O	O	
Martelli	I-PER	O	O	O	
devono	O	O	O	O	
esser	O	O	O	O	
morti	O	O	O	O	
anche	O	O	O	O	
loro	O	O	O	O	
?	O	O	O	O	

--	O	O	O	O	
Oh	O	O	O	O	
sì	O	O	O	O	
,	O	O	O	O	
da	O	O	O	O	
lungo	O	O	O	O	
tempo	O	O	O	O	
.	O	O	O	O	

--	O	O	O	O	
Lasciando	O	O	O	O	
una	O	O	O	O	
fortuna	O	O	O	O	
?	O	O	O	O	

--	O	O	O	O	
Non	O	O	O	O	
mica	O	O	O	O	
molto	O	O	O	O	
.	O	O	O	O	

Il	O	O	O	O	
più	O	O	O	O	
è	O	O	O	O	
il	B-FAC	O	O	O	
palazzo	I-FAC	O	O	O	
a	O	O	O	O	
San	B-GPE	O	O	O	
Giovanni	I-GPE	O	O	O	
e	I-GPE	O	O	O	
Paolo	I-GPE	O	O	O	
.	O	O	O	O	

--	O	O	O	O	
Eh	O	O	O	O	
lo	O	O	O	O	
conosco	O	O	O	O	
benissimo	O	O	O	O	
....	O	O	O	O	
...	O	O	O	O	
Fui	O	O	O	O	
ospite	O	O	O	O	
colà	O	O	O	O	
per	O	O	O	O	
dieci	O	O	O	O	
mesi	O	O	O	O	
...	O	O	O	O	
la	O	O	O	O	
signora	B-PER	O	O	O	
Amalia	I-PER	O	O	O	
lo	O	O	O	O	
abita	O	O	O	O	
?	O	O	O	O	

--	O	O	O	O	
Lo	O	O	O	O	
ha	O	O	O	O	
ereditato	O	O	O	O	
insieme	O	O	O	O	
al	O	O	O	O	
fratello	B-PER	O	O	O	
,	O	O	O	O	
e	O	O	O	O	
abita	O	O	O	O	
il	B-FAC	O	O	O	
primo	I-FAC	O	O	O	
piano	I-FAC	O	O	O	
.	O	O	O	O	

--	O	O	O	O	
Il	B-PER	O	O	O	
fratello	I-PER	O	O	O	
l	O	O	O	O	
'	O	O	O	O	
ho	O	O	O	O	
visto	O	O	O	O	
a	O	O	O	O	
Londra	B-GPE	O	O	O	
nel	O	O	O	O	
1866	O	O	O	O	
.	O	O	O	O	

Ha	O	O	O	O	
preso	O	O	O	O	
moglie	B-PER	O	O	O	
?	O	O	O	O	

--	O	O	O	O	
Non	O	O	O	O	
signore	B-PER	O	O	O	
;	O	O	O	O	
...	O	O	O	O	
del	O	O	O	O	
resto	O	O	O	O	
egli	O	O	O	O	
vive	O	O	O	O	
per	O	O	O	O	
lo	O	O	O	O	
più	O	O	O	O	
a	O	O	O	O	
Firenze	B-GPE	O	O	O	
o	O	O	O	O	
a	O	O	O	O	
Roma	B-GPE	O	O	O	
.	O	O	O	O	

--	O	O	O	O	
E	O	O	O	O	
lei	O	O	O	O	
visita	O	O	O	O	
queste	B-PER	O	O	O	
signore	I-PER	O	O	O	
quando	O	O	O	O	
va	O	O	O	O	
a	O	O	O	O	
Venezia	B-GPE	O	O	O	
?	O	O	O	O	

--	O	O	O	O	
Chi	O	O	O	O	
?	O	O	O	O	

La	O	O	O	O	
signora	B-PER	O	O	O	
Nottoli	I-PER	O	O	O	
e	O	O	O	O	
sua	B-PER	O	O	O	
figlia	I-PER	O	O	O	
?	O	O	O	O	

....	O	O	O	O	
.	O	O	O	O	

Ecco	O	O	O	O	
,	O	O	O	O	
--	O	O	O	O	
rispose	O	O	O	O	
l	B-PER	O	O	O	
'	I-PER	O	O	O	
interrogato	I-PER	O	O	O	
,	O	O	O	O	
combattuto	O	O	O	O	
fra	O	O	O	O	
la	O	O	O	O	
voglia	O	O	O	O	
di	O	O	O	O	
farsi	O	O	O	O	
credere	O	O	O	O	
conoscente	O	O	O	O	
di	O	O	O	O	
tutto	B-LOC	O	O	O	
il	I-LOC	O	O	O	
mondo	I-LOC	O	O	O	
e	O	O	O	O	
il	O	O	O	O	
naturale	O	O	O	O	
impulso	O	O	O	O	
a	O	O	O	O	
dir	O	O	O	O	
la	O	O	O	O	
verità	O	O	O	O	
.	O	O	O	O	

--	O	O	O	O	
Frequentarle	O	O	O	O	
proprio	O	O	O	O	
,	O	O	O	O	
no	O	O	O	O	
...	O	O	O	O	
Ebbi	O	O	O	O	
occasione	O	O	O	O	
di	O	O	O	O	
vederle	O	O	O	O	
presso	O	O	O	O	
famiglie	B-PER	O	O	O	
amiche	I-PER	O	O	O	
...	O	O	O	O	
Ottime	B-PER	O	O	O	
e	I-PER	O	O	O	
distinte	I-PER	O	O	O	
signore	I-PER	O	O	O	
.	O	O	O	O	

--	O	O	O	O	
E	O	O	O	O	
se	O	O	O	O	
la	O	O	O	O	
passano	O	O	O	O	
bene	O	O	O	O	
?	O	O	O	O	

La	O	O	O	O	
signora	B-PER	O	O	O	
Amalia	I-PER	O	O	O	
sopporta	O	O	O	O	
rassegnata	O	O	O	O	
la	O	O	O	O	
sua	O	O	O	O	
vedovanza	O	O	O	O	
?	O	O	O	O	

--	O	O	O	O	
Le	O	O	O	O	
dirò	O	O	O	O	
,	O	O	O	O	
il	O	O	O	O	
Nottoli	B-PER	O	O	O	
aveva	O	O	O	O	
fama	O	O	O	O	
di	O	O	O	O	
essere	O	O	O	O	
molto	O	O	O	O	
bisbetico	O	O	O	O	
...	O	O	O	O	
--	O	O	O	O	
E	O	O	O	O	
così	O	O	O	O	
la	O	O	O	O	
sua	O	O	O	O	
morte	O	O	O	O	
non	O	O	O	O	
fu	O	O	O	O	
una	O	O	O	O	
disgrazia	O	O	O	O	
...	O	O	O	O	
--	O	O	O	O	
Sa	O	O	O	O	
,	O	O	O	O	
disgrazia	O	O	O	O	
e	O	O	O	O	
non	O	O	O	O	
disgrazia	O	O	O	O	
...	O	O	O	O	
Si	O	O	O	O	
comincia	O	O	O	O	
col	O	O	O	O	
piangere	O	O	O	O	
ma	O	O	O	O	
poi	O	O	O	O	
ci	O	O	O	O	
si	O	O	O	O	
adatta	O	O	O	O	
,	O	O	O	O	
eh	O	O	O	O	
,	O	O	O	O	
eh	O	O	O	O	
...	O	O	O	O	
Una	O	O	O	O	
posizione	O	O	O	O	
indipendente	O	O	O	O	
,	O	O	O	O	
età	O	O	O	O	
ancora	O	O	O	O	
fresca	O	O	O	O	
...	O	O	O	O	
--	O	O	O	O	
Eh	O	O	O	O	
--	O	O	O	O	
osservò	O	O	O	O	
l	O	O	O	O	
'	O	O	O	O	
altro	O	O	O	O	
facendo	O	O	O	O	
un	O	O	O	O	
conto	O	O	O	O	
mentale	O	O	O	O	
--	O	O	O	O	
devono	O	O	O	O	
essere	O	O	O	O	
quarantadue	O	O	O	O	
o	O	O	O	O	
quarantatre	O	O	O	O	
anni	O	O	O	O	
.	O	O	O	O	

--	O	O	O	O	
Saranno	O	O	O	O	
,	O	O	O	O	
ma	O	O	O	O	
li	O	O	O	O	
porta	O	O	O	O	
bene	O	O	O	O	
...	O	O	O	O	
È	O	O	O	O	
sempre	O	O	O	O	
una	B-PER	O	O	O	
bella	I-PER	O	O	O	
donna	I-PER	O	O	O	
.	O	O	O	O	

E	O	O	O	O	
lei	O	O	O	O	
,	O	O	O	O	
scusi	O	O	O	O	
,	O	O	O	O	
non	O	O	O	O	
la	O	O	O	O	
vede	O	O	O	O	
da	O	O	O	O	
...	O	O	O	O	
?	O	O	O	O	

--	O	O	O	O	
Dal	O	O	O	O	
49	O	O	O	O	
.	O	O	O	O	

Non	O	O	O	O	
son	O	O	O	O	
più	O	O	O	O	
tornato	O	O	O	O	
a	O	O	O	O	
Venezia	B-GPE	O	O	O	
...	O	O	O	O	
Allora	O	O	O	O	
,	O	O	O	O	
come	O	O	O	O	
le	O	O	O	O	
narrai	O	O	O	O	
,	O	O	O	O	
ero	O	O	O	O	
ospite	O	O	B-PER	O	
nella	O	O	I-PER	O	
casa	O	B-FAC	I-PER	O	
paterna	O	I-FAC	I-PER	O	
della	O	I-FAC	I-PER	O	
signora	B-PER	I-FAC	I-PER	O	
Amalia	I-PER	I-FAC	I-PER	O	
.	O	O	O	O	

--	O	O	O	O	
Loro	B-PER	O	O	O	
volontarî	I-PER	O	O	O	
devono	O	O	O	O	
essere	O	O	O	O	
stati	O	O	O	O	
trattati	O	O	O	O	
da	O	O	O	O	
principi	B-PER	O	O	O	
in	O	O	O	O	
quel	O	O	O	O	
tempo	O	O	O	O	
.	O	O	O	O	

--	O	O	O	O	
Eh	O	O	O	O	
,	O	O	O	O	
signor	B-PER	O	O	O	
mio	I-PER	O	O	O	
,	O	O	O	O	
certo	O	O	O	O	
i	B-PER	O	O	O	
cittadini	I-PER	O	O	O	
andavano	O	O	O	O	
a	O	O	O	O	
gara	O	O	O	O	
per	O	O	O	O	
mostrarci	O	O	O	O	
ogni	O	O	O	O	
sollecitudine	O	O	O	O	
,	O	O	O	O	
ma	O	O	O	O	
le	O	O	O	O	
palle	O	O	O	O	
piovevano	O	O	O	O	
e	O	O	O	O	
a	O	O	O	O	
Marghera	B-GPE	O	O	O	
si	O	O	O	O	
ebbe	O	O	O	O	
per	O	O	O	O	
qualche	O	O	O	O	
giorno	O	O	O	O	
una	O	O	O	O	
pioggia	O	O	O	O	
di	O	O	O	O	
fuoco	O	O	O	O	
da	O	O	O	O	
disgradarne	O	O	O	O	
Sodoma	B-GPE	O	O	O	
e	O	O	O	O	
Gomorra	B-GPE	O	O	O	
.	O	O	O	O	

E	O	O	O	O	
poi	O	O	O	O	
le	O	O	O	O	
febbri	O	O	O	O	
palustri	O	O	O	O	
e	O	O	O	O	
il	O	O	O	O	
coléra	O	O	O	O	
...	O	O	O	O	
Le	O	O	O	O	
assicuro	O	O	O	O	
io	O	O	O	O	
che	O	O	O	O	
non	O	O	O	O	
c	O	O	O	O	
'	O	O	O	O	
era	O	O	O	O	
da	O	O	O	O	
scherzare	O	O	O	O	
.	O	O	O	O	

--	O	O	O	O	
Oh	O	O	O	O	
lo	O	O	O	O	
so	O	O	O	O	
,	O	O	O	O	
me	O	O	O	O	
lo	O	O	O	O	
immagino	O	O	O	O	
,	O	O	O	O	
si	O	O	O	O	
figuri	O	O	O	O	
...	O	O	O	O	
Anche	O	O	O	O	
noi	O	O	O	O	
qui	O	O	O	O	
a	O	O	O	O	
Vicenza	B-GPE	O	O	O	
il	O	O	O	O	
10	O	O	O	O	
giugno	O	O	O	O	
1848	O	O	O	O	
fummo	O	O	O	O	
a	O	O	O	O	
un	O	O	O	O	
pelo	O	O	O	O	
di	O	O	O	O	
essere	O	O	O	O	
bombardati	O	O	O	O	
...	O	O	O	O	
Ecco	O	O	O	O	
lì	O	O	O	O	
la	O	B-PER	O	O	
Madonna	O	I-PER	O	O	
di	O	I-PER	O	O	
Monte	B-LOC	I-PER	O	O	
,	O	O	O	O	
in	O	O	O	O	
quella	O	O	O	O	
sera	O	O	O	O	
c	O	O	O	O	
'	O	O	O	O	
erano	O	O	O	O	
gli	B-PER	O	O	O	
Austriaci	I-PER	O	O	O	
coi	O	O	O	O	
loro	O	O	O	O	
bravi	O	O	O	O	
cannoni	O	O	O	O	
...	O	O	O	O	
Se	O	O	O	O	
ne	O	O	O	O	
rammenterà	O	O	O	O	
?	O	O	O	O	

--	O	O	O	O	
Senza	O	O	O	O	
dubbio	O	O	O	O	
....	O	O	O	O	
.	O	O	O	O	

Del	O	O	O	O	
resto	O	O	O	O	
bei	O	O	O	O	
tempi	O	O	O	O	
....	O	O	O	O	
E	O	O	O	O	
prima	O	O	O	O	
di	O	O	O	O	
tutto	O	O	O	O	
venticinque	O	O	O	O	
anni	O	O	O	O	
di	O	O	O	O	
meno	O	O	O	O	
....	O	O	O	O	
.	O	O	O	O	

Mal	O	O	O	O	
gioventù	O	O	O	O	
,	O	O	O	O	
entusiasmi	O	O	O	O	
,	O	O	O	O	
illusioni	O	O	O	O	
,	O	O	O	O	
tutto	O	O	O	O	
sfuma	O	O	O	O	
!	O	O	O	O	

--	O	O	O	O	
Pur	O	O	O	O	
troppo	O	O	O	O	
,	O	O	O	O	
pur	O	O	O	O	
troppo	O	O	O	O	
....	O	O	O	O	
.	O	O	O	O	

Oh	O	O	O	O	
,	O	O	O	O	
eccoci	O	O	O	O	
a	O	O	O	O	
Vicenza	B-GPE	O	O	O	
,	O	O	O	O	
e	O	O	O	O	
io	O	O	O	O	
debbo	O	O	O	O	
scendere	O	O	O	O	
,	O	O	O	O	
privarmi	O	O	O	O	
del	O	O	O	O	
bene	O	O	O	O	
della	O	O	O	O	
sua	O	O	O	O	
compagnia	O	O	O	O	
.	O	O	O	O	

--	O	O	O	O	
E	O	O	O	O	
con	O	O	O	O	
queste	O	O	O	O	
parole	O	O	O	O	
il	B-PER	O	O	O	
viaggiatore	I-PER	O	O	O	
si	O	O	O	O	
alzò	O	O	O	O	
in	O	O	O	O	
piedi	O	O	O	O	
e	O	O	O	O	
tolse	O	O	O	O	
dalla	O	O	O	O	
reticella	O	O	O	O	
un	O	O	O	O	
ombrello	O	O	O	O	
e	O	O	O	O	
una	O	O	O	O	
sacchetta	O	O	O	O	
da	O	O	O	O	
viaggio	O	O	O	O	
.	O	O	O	O	

Indi	O	O	O	O	
ripigliò	O	O	O	O	
:	O	O	O	O	
--	O	O	O	O	
Conta	O	O	O	O	
di	O	O	O	O	
trattenersi	O	O	O	O	
un	O	O	O	O	
pezzo	O	O	O	O	
in	O	O	O	O	
Venezia	B-GPE	O	O	O	
?	O	O	O	O	

--	O	O	O	O	
Non	O	O	O	O	
ho	O	O	O	O	
ancora	O	O	O	O	
deciso	O	O	O	O	
...	O	O	O	O	
Vorrei	O	O	O	O	
stabilirmi	O	O	O	O	
in	O	O	O	O	
Italia	B-GPE	O	O	O	
,	O	O	O	O	
ma	O	O	O	O	
son	O	O	O	O	
dubbio	O	O	O	O	
sulla	O	O	O	O	
scelta	O	O	O	O	
.	O	O	O	O	

--	O	O	O	O	
Speriamo	O	O	O	O	
che	O	O	O	O	
resti	O	O	O	O	
a	O	O	O	O	
Venezia	B-GPE	O	O	O	
.	O	O	O	O	

Una	B-GPE	O	O	O	
città	I-GPE	O	O	O	
che	O	O	O	O	
ha	O	O	O	O	
un	O	O	O	O	
avvenire	O	O	O	O	
...	O	O	O	O	
oh	O	O	O	O	
senza	O	O	O	O	
dubbio	O	O	O	O	
...	O	O	O	O	
E	O	O	O	O	
in	O	O	O	O	
questo	O	O	O	O	
caso	O	O	O	O	
confido	O	O	O	O	
che	O	O	O	O	
ci	O	O	O	O	
rivedremo	O	O	O	O	
...	O	O	O	O	
Eccole	O	O	O	O	
intanto	O	O	O	O	
la	O	O	O	O	
mia	O	O	O	O	
carta	O	O	O	O	
di	O	O	O	O	
visita	O	O	O	O	
.	O	O	O	O	

--	O	O	O	O	
Ed	O	O	O	O	
eccole	O	O	O	O	
la	O	O	O	O	
mia	O	O	O	O	
.	O	O	O	O	

Il	B-VEH	O	O	O	
convoglio	I-VEH	O	O	O	
si	O	O	O	O	
fermò	O	O	O	O	
sotto	O	O	O	O	
la	O	B-FAC	O	O	
tettoia	O	I-FAC	O	O	
della	O	I-FAC	O	O	
Stazione	B-FAC	I-FAC	O	O	
.	O	O	O	O	

Si	O	O	O	O	
scambiò	O	O	O	O	
una	O	O	O	O	
stretta	O	O	O	O	
di	O	O	O	O	
mano	O	O	O	O	
fra	O	O	O	O	
chi	O	O	O	O	
restava	O	O	O	O	
e	O	O	O	O	
chi	O	O	O	O	
scendeva	O	O	O	O	
,	O	O	O	O	
e	O	O	O	O	
il	B-PER	O	O	O	
conduttore	I-PER	O	O	O	
tornò	O	O	O	O	
a	O	O	O	O	
chiudere	O	O	O	O	
lo	O	O	O	O	
sportello	O	O	O	O	
lasciando	O	O	O	O	
soli	O	O	O	O	
padre	B-PER	O	O	O	
e	O	O	O	O	
figlio	B-PER	O	O	O	
.	O	O	O	O	

Ciò	O	O	O	O	
però	O	O	O	O	
non	O	O	O	O	
li	O	O	O	O	
rese	O	O	O	O	
molto	O	O	O	O	
loquaci	O	O	O	O	
.	O	O	O	O	

Il	B-PER	O	O	O	
giovine	I-PER	O	O	O	
volle	O	O	O	O	
vedere	O	O	O	O	
il	O	O	O	O	
nome	O	O	O	O	
del	O	O	O	O	
signore	B-PER	O	O	O	
che	O	O	O	O	
se	O	O	O	O	
n	O	O	O	O	
'	O	O	O	O	
era	O	O	O	O	
andato	O	O	O	O	
e	O	O	O	O	
disse	O	O	O	O	
poi	O	O	O	O	
in	O	O	O	O	
inglese	O	O	O	O	
:	O	O	O	O	
--	O	O	O	O	
Un	B-PER	O	O	O	
gran	I-PER	O	O	O	
chiacchierone	I-PER	O	O	O	
.	O	O	O	O	

--	O	O	O	O	
Indi	O	O	O	O	
lodò	O	O	O	O	
la	O	O	O	O	
bellezza	O	O	O	O	
delle	O	O	O	O	
colline	O	B-LOC	O	O	
tra	O	I-LOC	O	O	
Verona	B-GPE	I-LOC	O	O	
e	O	I-LOC	O	O	
Vicenza	B-GPE	I-LOC	O	O	
e	O	O	O	O	
si	O	O	O	O	
rimise	O	O	O	O	
a	O	O	O	O	
guardar	O	O	O	O	
fuori	O	O	O	O	
del	O	O	O	O	
finestrino	O	O	O	O	
.	O	O	O	O	

Poi	O	O	O	O	
,	O	O	O	O	
calando	O	O	O	O	
la	O	O	O	O	
sera	O	O	O	O	
,	O	O	O	O	
egli	O	O	O	O	
si	O	O	O	O	
rannicchiò	O	O	O	O	
nel	O	O	O	O	
suo	O	O	O	O	
cantuccio	O	O	O	O	
e	O	O	O	O	
andò	O	O	O	O	
via	O	O	O	O	
via	O	O	O	O	
sonnecchiando	O	O	O	O	
.	O	O	O	O	

Non	O	O	O	O	
dormiva	O	O	O	O	
invece	O	O	O	O	
suo	B-PER	O	O	O	
padre	I-PER	O	O	O	
;	O	O	O	O	
con	O	O	O	O	
la	O	O	O	O	
testa	O	O	O	O	
appoggiata	O	O	O	O	
ai	O	O	O	O	
guanciali	O	O	O	O	
del	O	O	O	O	
sedile	O	O	O	O	
contemplava	O	O	O	O	
i	O	O	O	O	
globi	O	O	O	O	
di	O	O	O	O	
fumo	O	O	O	O	
mandati	O	O	O	O	
dal	O	O	O	O	
suo	O	O	O	O	
sigaro	O	O	O	O	
e	O	O	O	O	
correva	O	O	O	O	
col	O	O	O	O	
pensiero	O	O	O	O	
agli	O	O	O	O	
anni	O	O	O	O	
fuggiti	O	O	O	O	
.	O	O	O	O	

Dopo	O	O	O	O	
Mestre	B-GPE	O	O	O	
toccò	O	O	O	O	
a	O	O	O	O	
lui	O	O	O	O	
a	O	O	O	O	
guardar	O	O	O	O	
fuori	O	O	O	O	
della	O	O	O	O	
finestra	O	O	O	O	
.	O	O	O	O	

E	O	O	O	O	
al	O	O	O	O	
lume	O	O	O	O	
della	O	O	O	O	
luna	O	O	O	O	
,	O	O	O	O	
che	O	O	O	O	
di	O	O	O	O	
tratto	O	O	O	O	
in	O	O	O	O	
tratto	O	O	O	O	
si	O	O	O	O	
faceva	O	O	O	O	
strada	O	O	O	O	
fra	O	O	O	O	
i	O	O	O	O	
nuvoli	O	O	O	O	
,	O	O	O	O	
vide	O	O	O	O	
Marghera	B-PER	O	O	O	
,	O	O	O	O	
l	B-PER	O	O	O	
'	I-PER	O	O	O	
eroica	I-PER	O	O	O	
,	I-PER	O	O	O	
la	I-PER	O	O	O	
memoranda	I-PER	O	O	O	
Marghera	I-PER	O	O	O	
.	O	O	O	O	

E	O	O	O	O	
ricordò	O	O	O	O	
la	O	O	O	O	
grandine	O	O	O	O	
di	O	O	O	O	
palle	O	O	O	O	
rovesciatasi	O	O	O	O	
sovr	O	O	O	O	
'	O	O	O	O	
essa	O	O	O	O	
nel	O	O	O	O	
maggio	O	O	O	O	
1849	O	O	O	O	
e	O	O	O	O	
gli	B-PER	O	O	O	
amici	I-PER	O	O	O	
mortigli	I-PER	O	O	O	
a	I-PER	O	O	O	
fianco	I-PER	O	O	O	
e	O	O	O	O	
lo	O	O	O	O	
spirito	O	O	O	O	
di	O	O	O	O	
sacrifizio	O	O	O	O	
e	O	O	O	O	
di	O	O	O	O	
fratellanza	O	O	O	O	
che	O	O	O	O	
animava	O	O	O	O	
capi	B-PER	O	O	O	
e	I-PER	O	O	O	
soldati	I-PER	O	O	O	
.	O	O	O	O	

Ricordò	O	O	O	O	
la	O	O	O	O	
malinconica	O	O	O	O	
sera	O	O	O	O	
,	O	O	O	O	
quando	O	O	O	O	
,	O	O	O	O	
reso	O	O	O	O	
impossibile	O	O	O	O	
ormai	O	O	O	O	
il	O	O	O	O	
resistere	O	O	O	O	
,	O	O	O	O	
il	O	O	O	O	
sottile	O	O	O	O	
manipolo	O	O	O	O	
dei	O	O	O	O	
difensori	B-PER	O	O	O	
con	O	O	O	O	
le	O	O	O	O	
scarpe	O	O	O	O	
rotte	O	O	O	O	
,	O	O	O	O	
cogli	O	O	O	O	
abiti	O	O	O	O	
sdrusciti	O	O	O	O	
,	O	O	O	O	
col	O	O	O	O	
viso	O	O	O	O	
annerito	O	O	O	O	
dalla	O	O	O	O	
polvere	O	O	O	O	
e	O	O	O	O	
dal	O	O	O	O	
fumo	O	O	O	O	
,	O	O	O	O	
diede	O	O	O	O	
un	O	O	O	O	
ultimo	O	O	O	O	
addio	O	O	O	O	
a	O	O	O	O	
quegli	O	O	O	O	
spalti	O	O	O	O	
squarciati	O	O	O	O	
,	O	O	O	O	
a	O	O	O	O	
quelle	B-FAC	O	O	O	
casematte	I-FAC	O	O	O	
arse	I-FAC	O	O	O	
,	O	O	O	O	
a	O	O	O	O	
quei	B-FAC	O	O	O	
quartieri	I-FAC	O	O	O	
distrutti	I-FAC	O	O	O	
,	O	O	O	O	
e	O	O	O	O	
,	O	O	O	O	
non	O	O	O	O	
visto	O	O	O	O	
dal	O	O	O	O	
nemico	O	O	O	O	
,	O	O	O	O	
sfilò	O	O	O	O	
silenzioso	O	O	O	O	
pel	O	O	O	O	
ponte	B-FAC	O	O	O	
riportando	O	O	O	O	
a	O	O	O	O	
Venezia	B-GPE	O	O	O	
il	O	O	O	O	
saluto	O	O	O	O	
di	O	O	O	O	
quelli	B-PER	O	O	O	
ch	I-PER	O	O	O	
'	I-PER	O	O	O	
erano	I-PER	O	O	O	
caduti	I-PER	O	O	O	
.	O	O	O	O	

E	O	O	O	O	
nella	O	O	O	O	
città	B-GPE	O	O	O	
,	O	O	O	O	
che	O	O	O	O	
angoscie	O	O	O	O	
quella	O	O	O	O	
sera	O	O	O	O	
,	O	O	O	O	
che	O	O	O	O	
pianti	O	O	O	O	
,	O	O	O	O	
che	O	O	O	O	
baci	O	O	O	O	
di	O	O	O	O	
sorelle	B-PER	O	O	O	
,	O	O	O	O	
di	O	O	O	O	
fidanzate	B-PER	O	O	O	
,	O	O	O	O	
di	O	O	O	O	
spose	B-PER	O	O	O	
,	O	O	O	O	
di	O	O	O	O	
madri	B-PER	O	O	O	
!	O	O	O	O	

E	O	O	O	O	
anch	O	O	O	O	
'	O	O	O	O	
egli	O	O	O	O	
aveva	O	O	O	O	
visto	O	O	O	O	
illuminarsi	O	O	O	O	
al	O	O	O	O	
suo	O	O	O	O	
comparire	O	O	O	O	
un	O	O	O	O	
pallido	O	O	O	O	
e	O	O	O	O	
bellissimo	O	O	O	O	
volto	O	O	O	O	
,	O	O	O	O	
e	O	O	O	O	
aveva	O	O	O	O	
sentito	O	O	O	O	
una	O	O	O	O	
mano	O	O	O	O	
bianca	O	O	O	O	
e	O	O	O	O	
gentile	O	O	O	O	
tremar	O	O	O	O	
nella	O	O	O	O	
sua	O	O	O	O	
mano	O	O	O	O	
incallita	O	O	O	O	
.	O	O	O	O	

Ahimè	O	O	O	O	
!	O	O	O	O	

da	O	O	O	O	
venticinque	O	O	O	O	
anni	O	O	O	O	
egli	O	O	O	O	
non	O	O	O	O	
rivedeva	O	O	O	O	
più	O	O	O	O	
quel	O	O	O	O	
bel	O	O	O	O	
viso	O	O	O	O	
,	O	O	O	O	
egli	O	O	O	O	
non	O	O	O	O	
toccava	O	O	O	O	
più	O	O	O	O	
quella	O	O	O	O	
mano	O	O	O	O	
!	O	O	O	O	

E	O	O	O	O	
in	O	O	O	O	
venticinque	O	O	O	O	
anni	O	O	O	O	
ci	O	O	O	O	
aveva	O	O	O	O	
pensato	O	O	O	O	
talvolta	O	O	O	O	
,	O	O	O	O	
ma	O	O	O	O	
,	O	O	O	O	
confessiamolo	O	O	O	O	
,	O	O	O	O	
ci	O	O	O	O	
aveva	O	O	O	O	
pensato	O	O	O	O	
assai	O	O	O	O	
poco	O	O	O	O	
...	O	O	O	O	
Ora	O	O	O	O	
invece	O	O	O	O	
...	O	O	O	O	
ora	O	O	O	O	
invece	O	O	O	O	
,	O	O	O	O	
lettore	B-PER	O	O	O	
cortese	I-PER	O	O	O	
,	O	O	O	O	
abbi	O	O	O	O	
pazienza	O	O	O	O	
perchè	O	O	O	O	
siamo	O	O	O	O	
arrivati	O	O	O	O	
a	O	O	O	O	
Venezia	B-GPE	O	O	O	
e	O	O	O	O	
il	O	O	O	O	
signor	B-PER	O	O	O	
Michele	I-PER	O	O	O	
Arsandi	I-PER	O	O	O	
e	O	O	O	O	
suo	B-PER	O	O	O	
figlio	I-PER	O	O	O	
Arturo	I-PER	O	O	O	
devono	O	O	O	O	
ritirare	O	O	O	O	
i	O	O	O	O	
loro	O	O	O	O	
bagagli	O	O	O	O	
.	O	O	O	O	

CAPITOLO	O	O	O	O	
SECONDO	O	O	O	O	
Il	O	O	O	O	
mattino	O	O	O	O	
seguente	O	O	O	O	
il	O	O	O	O	
signor	B-PER	O	O	O	
Michele	I-PER	O	O	O	
Arsandi	I-PER	O	O	O	
e	O	O	O	O	
suo	B-PER	O	O	O	
figlio	I-PER	O	O	O	
Arturo	I-PER	O	O	O	
(	O	O	O	O	
chè	O	O	O	O	
così	O	O	O	O	
si	O	O	O	O	
chiamano	O	O	O	O	
i	B-PER	O	O	O	
nostri	I-PER	O	O	O	
due	I-PER	O	O	O	
viaggiatori	I-PER	O	O	O	
)	O	O	O	O	
dopo	O	O	O	O	
aver	O	O	O	O	
fatto	O	O	O	O	
una	O	O	O	O	
lunga	O	O	O	O	
passeggiata	O	O	O	O	
sulla	O	O	O	O	
piazza	B-FAC	O	O	O	
,	O	O	O	O	
sul	O	O	O	O	
molo	B-FAC	O	O	O	
,	O	O	O	O	
sulla	O	O	O	O	
Riva	B-LOC	O	O	O	
degli	I-LOC	O	O	O	
Schiavoni	I-LOC	O	O	O	
,	O	O	O	O	
dopo	O	O	O	O	
esser	O	O	O	O	
entrati	O	O	O	O	
nella	O	O	O	O	
Chiesa	B-FAC	O	O	O	
di	I-FAC	O	O	O	
San	I-FAC	O	O	O	
Marco	I-FAC	O	O	O	
e	O	O	O	O	
nel	O	O	O	O	
cortile	O	B-FAC	O	O	
del	O	I-FAC	O	O	
Palazzo	B-FAC	I-FAC	O	O	
Ducale	I-FAC	I-FAC	O	O	
,	O	O	O	O	
si	O	O	O	O	
erano	O	O	O	O	
ridotti	O	O	O	O	
all	O	O	O	O	
'	O	O	O	O	
albergo	B-FAC	O	O	O	
a	O	O	O	O	
farvi	O	O	O	O	
colazione	O	O	O	O	
.	O	O	O	O	

Ma	O	O	O	O	
il	O	O	O	O	
giovane	B-PER	O	O	O	
Arturo	I-PER	O	O	O	
era	O	O	O	O	
così	O	O	O	O	
entusiasmato	O	O	O	O	
delle	O	O	O	O	
cose	O	O	O	O	
vedute	O	O	O	O	
,	O	O	O	O	
così	O	O	O	O	
impaziente	O	O	O	O	
di	O	O	O	O	
ripigliare	O	O	O	O	
il	O	O	O	O	
suo	O	O	O	O	
pellegrinaggio	O	O	O	O	
per	O	O	O	O	
la	B-GPE	O	O	O	
fantastica	I-GPE	O	O	O	
città	I-GPE	O	O	O	
,	O	O	O	O	
che	O	O	O	O	
non	O	O	O	O	
istava	O	O	O	O	
fermo	O	O	O	O	
sulla	O	O	O	O	
sedia	O	O	O	O	
e	O	O	O	O	
appena	O	O	O	O	
tastava	O	O	O	O	
le	O	O	O	O	
vivande	O	O	O	O	
.	O	O	O	O	

Egli	O	O	O	O	
,	O	O	O	O	
poco	O	O	O	O	
loquace	O	O	O	O	
per	O	O	O	O	
abitudine	O	O	O	O	
,	O	O	O	O	
usciva	O	O	O	O	
ogni	O	O	O	O	
momento	O	O	O	O	
in	O	O	O	O	
esclamazioni	O	O	O	O	
di	O	O	O	O	
Bello	O	O	O	O	
!	O	O	O	O	

Bellissimo	O	O	O	O	
!	O	O	O	O	

Stupendo	O	O	O	O	
!	O	O	O	O	

e	O	O	O	O	
assediava	O	O	O	O	
suo	B-PER	O	O	O	
padre	I-PER	O	O	O	
di	O	O	O	O	
domande	O	O	O	O	
circa	O	O	O	O	
alle	O	O	O	O	
origini	O	O	O	O	
di	O	O	O	O	
Venezia	B-GPE	O	O	O	
,	O	O	O	O	
alla	O	O	O	O	
sua	O	O	O	O	
storia	O	O	O	O	
politica	O	O	O	O	
e	O	O	O	O	
artistica	O	O	O	O	
,	O	O	O	O	
ai	O	O	O	O	
suoi	B-PER	O	O	O	
uomini	I-PER	O	O	O	
illustri	I-PER	O	O	O	
,	O	O	O	O	
ecc	O	O	O	O	
.	O	O	O	O	

,	O	O	O	O	
ecc	O	O	O	O	
.	O	O	O	O	

Il	O	O	O	O	
signor	B-PER	O	O	O	
Michele	I-PER	O	O	O	
aveva	O	O	O	O	
da	O	O	O	O	
giovane	O	O	O	O	
adoperato	O	O	O	O	
un	O	O	O	O	
po	O	O	O	O	
'	O	O	O	O	
la	O	O	O	O	
matita	O	O	O	O	
e	O	O	O	O	
il	O	O	O	O	
pennello	O	O	O	O	
,	O	O	O	O	
ma	O	O	O	O	
non	O	O	O	O	
aveva	O	O	O	O	
mai	O	O	O	O	
goduto	O	O	O	O	
riputazione	O	O	O	O	
di	O	O	O	O	
erudito	O	O	O	O	
e	O	O	O	O	
trovava	O	O	O	O	
qualche	O	O	O	O	
imbarazzo	O	O	O	O	
a	O	O	O	O	
soddisfare	O	O	O	O	
la	O	O	O	O	
curiosità	O	O	O	O	
del	O	O	O	O	
figliuolo	B-PER	O	O	O	
.	O	O	O	O	

Quando	O	O	O	O	
furono	O	O	O	O	
alla	O	O	O	O	
frutta	O	O	O	O	
,	O	O	O	O	
questi	O	O	O	O	
si	O	O	O	O	
alzò	O	O	O	O	
senz	O	O	O	O	
'	O	O	O	O	
altro	O	O	O	O	
,	O	O	O	O	
e	O	O	O	O	
disse	O	O	O	O	
:	O	O	O	O	
--	O	O	O	O	
Mi	O	O	O	O	
pare	O	O	O	O	
che	O	O	O	O	
ne	O	O	O	O	
abbiamo	O	O	O	O	
abbastanza	O	O	O	O	
e	O	O	O	O	
che	O	O	O	O	
si	O	O	O	O	
possa	O	O	O	O	
uscire	O	O	O	O	
.	O	O	O	O	

--	O	O	O	O	
Ah	O	O	O	O	
--	O	O	O	O	
rispose	O	O	O	O	
il	O	O	O	O	
signor	B-PER	O	O	O	
Michele	I-PER	O	O	O	
stirando	O	O	O	O	
le	O	O	O	O	
braccia	O	O	O	O	
--	O	O	O	O	
esci	O	O	O	O	
quando	O	O	O	O	
ti	O	O	O	O	
piace	O	O	O	O	
,	O	O	O	O	
ma	O	O	O	O	
io	O	O	O	O	
voglio	O	O	O	O	
starmene	O	O	O	O	
un	O	O	O	O	
pochino	O	O	O	O	
in	O	O	O	O	
albergo	B-FAC	O	O	O	
.	O	O	O	O	

Del	O	O	O	O	
resto	O	O	O	O	
Venezia	B-GPE	O	O	O	
è	O	O	O	O	
bellissima	O	O	O	O	
,	O	O	O	O	
ma	O	O	O	O	
venticinque	O	O	O	O	
anni	O	O	O	O	
fa	O	O	O	O	
io	O	O	O	O	
l	O	O	O	O	
'	O	O	O	O	
ho	O	O	O	O	
girata	O	O	O	O	
per	O	O	O	O	
tutti	O	O	O	O	
i	O	O	O	O	
versi	O	O	O	O	
e	O	O	O	O	
posso	O	O	O	O	
dire	O	O	O	O	
che	O	O	O	O	
la	O	O	O	O	
conosco	O	O	O	O	
a	O	O	O	O	
memoria	O	O	O	O	
...	O	O	O	O	
Di	O	O	O	O	
me	O	O	O	O	
non	O	O	O	O	
hai	O	O	O	O	
punto	O	O	O	O	
bisogno	O	O	O	O	
.	O	O	O	O	

Pigliati	O	O	O	O	
la	O	O	O	O	
tua	O	O	O	O	
brava	O	O	O	O	
guida	O	O	O	O	
sotto	O	O	O	O	
il	O	O	O	O	
braccio	O	O	O	O	
e	O	O	O	O	
va	O	O	O	O	
intanto	O	O	O	O	
al	O	O	O	O	
Palazzo	B-FAC	O	O	O	
Ducale	I-FAC	O	O	O	
.	O	O	O	O	

Avrai	O	O	O	O	
da	O	O	O	O	
impiegarci	O	O	O	O	
tre	O	O	O	O	
ore	O	O	O	O	
buone	O	O	O	O	
.	O	O	O	O	

--	O	O	O	O	
Tirò	O	O	O	O	
fuori	O	O	O	O	
l	O	O	O	O	
'	O	O	O	O	
orologio	O	O	O	O	
e	O	O	O	O	
soggiunse	O	O	O	O	
:	O	O	O	O	
--	O	O	O	O	
Adesso	O	O	O	O	
sono	O	O	O	O	
le	O	O	O	O	
undici	O	O	O	O	
,	O	O	O	O	
fra	O	O	O	O	
le	O	O	O	O	
due	O	O	O	O	
e	O	O	O	O	
le	O	O	O	O	
tre	O	O	O	O	
troviamoci	O	O	O	O	
sotto	O	O	O	O	
le	B-FAC	O	O	O	
Procuratie	I-FAC	O	O	O	
.	O	O	O	O	

Al	O	O	O	O	
giovinotto	B-PER	O	O	O	
non	O	O	O	O	
parve	O	O	O	O	
vero	O	O	O	O	
di	O	O	O	O	
andarsene	O	O	O	O	
.	O	O	O	O	

Il	O	O	O	O	
signor	B-PER	O	O	O	
Michele	I-PER	O	O	O	
risalì	O	O	O	O	
nella	O	O	O	O	
sua	B-FAC	O	O	O	
stanza	I-FAC	O	O	O	
e	O	O	O	O	
cominciò	O	O	O	O	
a	O	O	O	O	
disfare	O	O	O	O	
i	O	O	O	O	
bauli	O	O	O	O	
.	O	O	O	O	

--	O	O	O	O	
Già	O	O	O	O	
capisco	O	O	O	O	
--	O	O	O	O	
egli	O	O	O	O	
diceva	O	O	O	O	
fra	O	O	O	O	
sè	O	O	O	O	
--	O	O	O	O	
:	O	O	O	O	
che	O	O	O	O	
Arturo	B-PER	O	O	O	
s	O	O	O	O	
'	O	O	O	O	
è	O	O	O	O	
innamorato	O	O	O	O	
di	O	O	O	O	
Venezia	B-GPE	O	O	O	
e	O	O	O	O	
non	O	O	O	O	
si	O	O	O	O	
potrà	O	O	O	O	
andarsene	O	O	O	O	
così	O	O	O	O	
presto	O	O	O	O	
.	O	O	O	O	

Dopo	O	O	O	O	
aver	O	O	O	O	
riposte	O	O	O	O	
con	O	O	O	O	
molta	O	O	O	O	
diligenza	O	O	O	O	
alcune	O	O	O	O	
camicie	O	O	O	O	
nel	O	O	O	O	
cassetto	O	O	O	O	
dell	O	O	O	O	
'	O	O	O	O	
armadio	O	O	O	O	
,	O	O	O	O	
posò	O	O	O	O	
sul	O	O	O	O	
tavolino	O	O	O	O	
una	O	O	O	O	
mezza	O	O	O	O	
dozzina	O	O	O	O	
di	O	O	O	O	
libri	O	O	O	O	
.	O	O	O	O	

--	O	O	O	O	
Oh	O	O	O	O	
,	O	O	O	O	
per	O	O	O	O	
miracolo	O	O	O	O	
--	O	O	O	O	
egli	O	O	O	O	
esclamò	O	O	O	O	
osservando	O	O	O	O	
uno	O	O	O	O	
di	O	O	O	O	
questi	O	O	O	O	
libri	O	O	O	O	
legato	O	O	O	O	
in	O	O	O	O	
marocchino	O	O	O	O	
nero	O	O	O	O	
--	O	O	O	O	
la	O	O	O	O	
Kate	B-PER	O	O	O	
ci	O	O	O	O	
ha	O	O	O	O	
cacciato	O	O	O	O	
la	O	O	O	O	
inevitabile	O	O	O	O	
Bibbia	O	O	O	O	
.	O	O	O	O	

Anche	O	O	O	O	
quella	B-PER	O	O	O	
benedetta	I-PER	O	O	O	
vecchia	I-PER	O	O	O	
ha	O	O	O	O	
la	O	O	O	O	
manìa	O	O	O	O	
che	O	O	O	O	
aveva	O	O	O	O	
la	B-PER	O	O	O	
mia	I-PER	O	O	O	
consorte	I-PER	O	O	O	
buon	O	O	O	O	
'	O	O	O	O	
anima	O	O	O	O	
,	O	O	O	O	
di	O	O	O	O	
voler	O	O	O	O	
convertirmi	O	O	O	O	
al	O	O	O	O	
protestantesimo	O	O	O	O	
...	O	O	O	O	
Quando	O	O	O	O	
poi	O	O	O	O	
sentirà	O	O	O	O	
che	O	O	O	O	
torno	O	O	O	O	
a	O	O	O	O	
stabilirmi	O	O	O	O	
in	O	O	O	O	
Italia	B-GPE	O	O	O	
,	O	O	O	O	
nel	O	O	O	O	
paese	B-GPE	O	O	O	
della	I-GPE	O	O	O	
popery	I-GPE	O	O	O	
!	O	O	O	O	

Mi	O	O	O	O	
par	O	O	O	O	
di	O	O	O	O	
vederla	O	O	O	O	
colle	O	O	O	O	
mani	O	O	O	O	
nei	O	O	O	O	
capelli	O	O	O	O	
o	O	O	O	O	
piuttosto	O	O	O	O	
nella	O	O	O	O	
parrucca	O	O	O	O	
!	O	O	O	O	

....	O	O	O	O	
E	O	O	O	O	
questa	O	O	O	O	
qui	O	O	O	O	
che	O	O	O	O	
roba	O	O	O	O	
è	O	O	O	O	
?	O	O	O	O	

...	O	O	O	O	
Oh	O	O	O	O	
diamine	O	O	O	O	
....	O	O	O	O	
il	O	O	O	O	
mio	O	O	O	O	
vecchio	O	O	O	O	
album	O	O	O	O	
....	O	O	O	O	
quello	O	O	O	O	
che	O	O	O	O	
giaceva	O	O	O	O	
dimenticato	O	O	O	O	
in	O	O	O	O	
uno	O	O	O	O	
degli	O	O	O	O	
scaffali	O	O	O	O	
del	O	O	O	O	
mio	B-FAC	O	O	O	
studio	I-FAC	O	O	O	
.	O	O	O	O	

Scommetto	O	O	O	O	
che	O	O	O	O	
la	O	O	O	O	
Kate	B-PER	O	O	O	
,	O	O	O	O	
dal	O	O	O	O	
colore	O	O	O	O	
,	O	O	O	O	
dalla	O	O	O	O	
legatura	O	O	O	O	
e	O	O	O	O	
dai	O	O	O	O	
fermagli	O	O	O	O	
d	O	O	O	O	
'	O	O	O	O	
ottone	O	O	O	O	
,	O	O	O	O	
lo	O	O	O	O	
ha	O	O	O	O	
preso	O	O	O	O	
per	O	O	O	O	
un	O	O	O	O	
altro	O	O	O	O	
libro	O	O	O	O	
d	O	O	O	O	
'	O	O	O	O	
orazioni	O	O	O	O	
...	O	O	O	O	
Basta	O	O	O	O	
,	O	O	O	O	
la	O	O	O	O	
Kate	B-PER	O	O	O	
è	O	O	O	O	
a	O	O	O	O	
Londra	B-GPE	O	O	O	
e	O	O	O	O	
non	O	O	O	O	
può	O	O	O	O	
rispondere	O	O	O	O	
,	O	O	O	O	
nè	O	O	O	O	
merita	O	O	O	O	
la	O	O	O	O	
spesa	O	O	O	O	
di	O	O	O	O	
rompersi	O	O	O	O	
il	O	O	O	O	
capo	O	O	O	O	
per	O	O	O	O	
così	O	O	O	O	
poco	O	O	O	O	
.	O	O	O	O	

Pure	O	O	O	O	
egli	O	O	O	O	
non	O	O	O	O	
potè	O	O	O	O	
resistere	O	O	O	O	
alla	O	O	O	O	
curiosità	O	O	O	O	
di	O	O	O	O	
ridare	O	O	O	O	
un	O	O	O	O	
'	O	O	O	O	
occhiata	O	O	O	O	
al	O	O	O	O	
suo	O	O	O	O	
album	O	O	O	O	
.	O	O	O	O	

E	O	O	O	O	
lo	O	O	O	O	
aperse	O	O	O	O	
dicendo	O	O	O	O	
:	O	O	O	O	
--	O	O	O	O	
Vediamo	O	O	O	O	
un	O	O	O	O	
po	O	O	O	O	
'	O	O	O	O	
questi	O	O	O	O	
scarabocchi	O	O	O	O	
di	O	O	O	O	
gioventù	O	O	O	O	
...	O	O	O	O	
Quando	O	O	O	O	
penso	O	O	O	O	
che	O	O	O	O	
oggi	O	O	O	O	
saprei	O	O	O	O	
appena	O	O	O	O	
tenere	O	O	O	O	
il	O	O	O	O	
lapis	O	O	O	O	
in	O	O	O	O	
mano	O	O	O	O	
!	O	O	O	O	

Quelli	O	O	O	O	
che	O	O	O	O	
il	O	O	O	O	
sig	B-PER	O	O	O	
.	I-PER	O	O	O	

Michele	B-PER	O	O	O	
chiamava	O	O	O	O	
i	O	O	O	O	
suoi	O	O	O	O	
scarabocchi	O	O	O	O	
erano	O	O	O	O	
stati	O	O	O	O	
fatti	O	O	O	O	
in	O	O	O	O	
Venezia	B-GPE	O	O	O	
negli	O	O	O	O	
anni	O	O	O	O	
1848	O	O	O	O	
-	O	O	O	O	
49	O	O	O	O	
.	O	O	O	O	

Avevano	O	O	O	O	
per	O	O	O	O	
lo	O	O	O	O	
più	O	O	O	O	
il	O	O	O	O	
cosidetto	O	O	O	O	
color	O	O	O	O	
locale	O	O	O	O	
;	O	O	O	O	
in	O	O	O	O	
una	O	O	O	O	
pagina	O	O	O	O	
un	B-PER	O	O	O	
gruppo	I-PER	O	O	O	
d	I-PER	O	O	O	
'	I-PER	O	O	O	
artiglieri	I-PER	O	O	O	
caricanti	O	O	O	O	
un	O	O	O	O	
cannone	O	O	O	O	
,	O	O	O	O	
in	O	O	O	O	
un	O	O	O	O	
'	O	O	O	O	
altra	O	O	O	O	
una	O	O	O	O	
veduta	O	O	O	O	
della	O	O	O	O	
laguna	B-LOC	O	O	O	
con	O	O	O	O	
le	B-LOC	O	O	O	
sue	I-LOC	O	O	O	
isolette	I-LOC	O	O	O	
lontane	I-LOC	O	O	O	
,	O	O	O	O	
poi	O	O	O	O	
una	O	O	O	O	
barchetta	O	O	O	O	
di	O	O	O	O	
pescatori	B-PER	O	O	O	
chioggiotti	I-PER	O	O	O	
,	O	O	O	O	
o	O	O	O	O	
una	O	O	O	O	
delle	O	O	O	O	
pittoresche	O	B-FAC	O	O	
casupole	O	I-FAC	O	O	
dei	O	I-FAC	O	O	
nostri	B-FAC	I-FAC	O	O	
quartieri	I-FAC	I-FAC	O	O	
più	I-FAC	I-FAC	O	O	
poveri	I-FAC	I-FAC	O	O	
,	O	O	O	O	
tutto	O	O	O	O	
buttato	O	O	O	O	
giù	O	O	O	O	
alla	O	O	O	O	
buona	O	O	O	O	
con	O	O	O	O	
quattro	O	O	O	O	
segni	O	O	O	O	
.	O	O	O	O	

Ma	O	O	O	O	
v	O	O	O	O	
'	O	O	O	O	
era	O	O	O	O	
una	O	O	O	O	
pagina	O	O	O	O	
ove	O	O	O	O	
si	O	O	O	O	
vedeva	O	O	O	O	
che	O	O	O	O	
il	B-PER	O	O	O	
giovane	I-PER	O	O	O	
artista	I-PER	O	O	O	
aveva	O	O	O	O	
posto	O	O	O	O	
ogni	O	O	O	O	
suo	O	O	O	O	
studio	O	O	O	O	
,	O	O	O	O	
ove	O	O	O	O	
egli	O	O	O	O	
aveva	O	O	O	O	
cercato	O	O	O	O	
di	O	O	O	O	
superare	O	O	O	O	
sè	O	O	O	O	
stesso	O	O	O	O	
.	O	O	O	O	

Era	O	O	O	O	
una	O	O	O	O	
mezza	O	O	O	O	
figura	O	O	O	O	
di	O	O	O	O	
fanciulla	B-PER	O	O	O	
fra	O	O	O	O	
i	O	O	O	O	
sedici	O	O	O	O	
ed	O	O	O	O	
i	O	O	O	O	
diecisette	O	O	O	O	
anni	O	O	O	O	
,	O	O	O	O	
bella	O	O	O	O	
sì	O	O	O	O	
,	O	O	O	O	
ma	O	O	O	O	
piuttosto	O	O	O	O	
bizzarramente	O	O	O	O	
che	O	O	O	O	
artisticamente	O	O	O	O	
bella	O	O	O	O	
.	O	O	O	O	

I	O	O	O	O	
grandi	O	O	O	O	
occhi	O	O	O	O	
bruni	O	O	O	O	
erano	O	O	O	O	
pieni	O	O	O	O	
di	O	O	O	O	
vita	O	O	O	O	
,	O	O	O	O	
le	O	O	O	O	
labbra	O	O	O	O	
tumidette	O	O	O	O	
si	O	O	O	O	
atteggiavano	O	O	O	O	
a	O	O	O	O	
un	O	O	O	O	
sorriso	O	O	O	O	
malizioso	O	O	O	O	
,	O	O	O	O	
e	O	O	O	O	
il	O	O	O	O	
nasetto	O	O	O	O	
rivolto	O	O	O	O	
alquanto	O	O	O	O	
all	O	O	O	O	
'	O	O	O	O	
insù	O	O	O	O	
aggiungeva	O	O	O	O	
alla	O	O	O	O	
fisionomia	O	O	O	O	
una	O	O	O	O	
tal	O	O	O	O	
quale	O	O	O	O	
espressione	O	O	O	O	
di	O	O	O	O	
canzonatura	O	O	O	O	
.	O	O	O	O	

Folte	O	O	O	O	
le	O	O	O	O	
ciglia	O	O	O	O	
e	O	O	O	O	
le	O	O	O	O	
chiome	O	O	O	O	
,	O	O	O	O	
quelle	O	O	O	O	
un	O	O	O	O	
po	O	O	O	O	
'	O	O	O	O	
lunghe	O	O	O	O	
,	O	O	O	O	
queste	O	O	O	O	
piuttosto	O	O	O	O	
ribelli	O	O	O	O	
al	O	O	O	O	
pettine	O	O	O	O	
e	O	O	O	O	
con	O	O	O	O	
qualche	O	O	O	O	
ricciolino	O	O	O	O	
,	O	O	O	O	
che	O	O	O	O	
,	O	O	O	O	
facendo	O	O	O	O	
parte	O	O	O	O	
da	O	O	O	O	
se	O	O	O	O	
stesso	O	O	O	O	
,	O	O	O	O	
veniva	O	O	O	O	
a	O	O	O	O	
ricader	O	O	O	O	
sulla	O	O	O	O	
fronte	O	O	O	O	
.	O	O	O	O	

Nè	O	O	O	O	
un	O	O	O	O	
nastro	O	O	O	O	
nè	O	O	O	O	
un	O	O	O	O	
pizzo	O	O	O	O	
sulla	O	O	O	O	
veste	O	O	O	O	
succinta	O	O	O	O	
e	O	O	O	O	
accollata	O	O	O	O	
che	O	O	O	O	
lasciava	O	O	O	O	
indovinare	O	O	O	O	
una	O	O	O	O	
certa	O	O	O	O	
ricchezza	O	O	O	O	
di	O	O	O	O	
forme	O	O	O	O	
consapevole	O	O	O	O	
di	O	O	O	O	
sè	O	O	O	O	
.	O	O	O	O	

La	B-PER	O	O	O	
fanciulla	I-PER	O	O	O	
pareva	O	O	O	O	
puntellarsi	O	O	O	O	
con	O	O	O	O	
un	O	O	O	O	
gomito	O	O	O	O	
al	O	O	O	O	
davanzale	O	O	O	O	
d	O	O	O	O	
'	O	O	O	O	
una	O	O	O	O	
finestra	O	O	O	O	
e	O	O	O	O	
stringendo	O	O	O	O	
il	O	O	O	O	
mento	O	O	O	O	
fra	O	O	O	O	
l	O	O	O	O	
'	O	O	O	O	
indice	O	O	O	O	
e	O	O	O	O	
il	O	O	O	O	
pollice	O	O	O	O	
reggeva	O	O	O	O	
la	O	O	O	O	
vaga	O	O	O	O	
testina	O	O	O	O	
.	O	O	O	O	

Non	O	O	O	O	
era	O	O	O	O	
uno	O	O	O	O	
dei	O	O	O	O	
soliti	O	O	O	O	
tipi	O	O	O	O	
e	O	O	O	O	
ci	O	O	O	O	
voleva	O	O	O	O	
poco	O	O	O	O	
ad	O	O	O	O	
intendere	O	O	O	O	
che	O	O	O	O	
quella	O	O	O	O	
leggiadra	O	O	O	O	
figurina	O	O	O	O	
era	O	O	O	O	
copiata	O	O	O	O	
dal	O	O	O	O	
vero	O	O	O	O	
.	O	O	O	O	

--	O	O	O	O	
Per	O	O	O	O	
bacco	O	O	O	O	
!	O	O	O	O	

--	O	O	O	O	
proruppe	O	O	O	O	
il	O	O	O	O	
signor	B-PER	O	O	O	
Michele	I-PER	O	O	O	
dopo	O	O	O	O	
aver	O	O	O	O	
contemplato	O	O	O	O	
per	O	O	O	O	
qualche	O	O	O	O	
minuto	O	O	O	O	
il	O	O	O	O	
suo	O	O	O	O	
lavoro	O	O	O	O	
giovanile	O	O	O	O	
--	O	O	O	O	
la	O	O	O	O	
era	O	O	O	O	
pur	O	O	O	O	
bella	O	O	O	O	
in	O	O	O	O	
quel	O	O	O	O	
tempo	O	O	O	O	
l	O	O	O	O	
'	O	O	O	O	
Amalia	B-PER	O	O	O	
Martelli	I-PER	O	O	O	
.	O	O	O	O	

E	O	O	O	O	
non	O	O	O	O	
è	O	O	O	O	
da	O	O	O	O	
meravigliarsi	O	O	O	O	
se	O	O	O	O	
n	O	O	O	O	
'	O	O	O	O	
ero	O	O	O	O	
cotto	O	O	O	O	
...	O	O	O	O	
Nè	O	O	O	O	
lei	O	O	O	O	
mi	O	O	O	O	
vedeva	O	O	O	O	
di	O	O	O	O	
mal	O	O	O	O	
occhio	O	O	O	O	
...	O	O	O	O	
Ma	O	O	O	O	
i	O	O	O	O	
fuochi	O	O	O	O	
di	O	O	O	O	
vent	O	O	O	O	
'	O	O	O	O	
anni	O	O	O	O	
sono	O	O	O	O	
fuochi	O	O	O	O	
di	O	O	O	O	
paglia	O	O	O	O	
...	O	O	O	O	
Tre	O	O	O	O	
anni	O	O	O	O	
dopo	O	O	O	O	
io	O	O	O	O	
avevo	O	O	O	O	
preso	O	O	O	O	
moglie	B-PER	O	O	O	
,	O	O	O	O	
ella	O	O	O	O	
aveva	O	O	O	O	
preso	O	O	O	O	
marito	B-PER	O	O	O	
,	O	O	O	O	
e	O	O	O	O	
di	O	O	O	O	
tutto	O	O	O	O	
quell	O	O	O	O	
'	O	O	O	O	
incendio	O	O	O	O	
si	O	O	O	O	
stentava	O	O	O	O	
a	O	O	O	O	
trovare	O	O	O	O	
la	O	O	O	O	
cenere	O	O	O	O	
...	O	O	O	O	
E	O	O	O	O	
adesso	O	O	O	O	
siamo	O	O	O	O	
vedovi	B-PER	O	O	O	
tutti	I-PER	O	O	O	
e	I-PER	O	O	O	
due	I-PER	O	O	O	
...	O	O	O	O	
Oh	O	O	O	O	
andrò	O	O	O	O	
a	O	O	O	O	
trovarla	O	O	O	O	
sicuramente	O	O	O	O	
,	O	O	O	O	
son	O	O	O	O	
curioso	O	O	O	O	
di	O	O	O	O	
vedere	O	O	O	O	
s	O	O	O	O	
'	O	O	O	O	
ella	O	O	O	O	
si	O	O	O	O	
rammenta	O	O	O	O	
della	O	O	O	O	
sua	O	O	O	O	
prima	O	O	O	O	
fiamma	O	O	O	O	
...	O	O	O	O	
Tenermi	O	O	O	O	
il	O	O	O	O	
broncio	O	O	O	O	
non	O	O	O	O	
può	O	O	O	O	
...	O	O	O	O	
A	O	O	O	O	
rigore	O	O	O	O	
dovrei	O	O	O	O	
essere	O	O	O	O	
in	O	O	O	O	
collera	O	O	O	O	
io	O	O	O	O	
...	O	O	O	O	
In	O	O	O	O	
ogni	O	O	O	O	
caso	O	O	O	O	
il	O	O	O	O	
rischio	O	O	O	O	
è	O	O	O	O	
piccolo	O	O	O	O	
;	O	O	O	O	
mi	O	O	O	O	
farò	O	O	O	O	
annunziare	O	O	O	O	
e	O	O	O	O	
mi	O	O	O	O	
manderà	O	O	O	O	
a	O	O	O	O	
dire	O	O	O	O	
che	O	O	O	O	
non	O	O	O	O	
vuol	O	O	O	O	
ricevermi	O	O	O	O	
...	O	O	O	O	
pazienza	O	O	O	O	
.	O	O	O	O	

E	O	O	O	O	
di	O	O	O	O	
lì	O	O	O	O	
ad	O	O	O	O	
un	O	O	O	O	
momento	O	O	O	O	
il	O	O	O	O	
signor	B-PER	O	O	O	
Michele	I-PER	O	O	O	
si	O	O	O	O	
trovò	O	O	O	O	
ritto	O	O	O	O	
davanti	O	O	O	O	
allo	O	O	O	O	
specchio	O	O	O	O	
ravviandosi	O	O	O	O	
i	O	O	O	O	
capelli	O	O	O	O	
e	O	O	O	O	
la	O	O	O	O	
barba	O	O	O	O	
con	O	O	O	O	
un	O	O	O	O	
pettinino	O	O	O	O	
tascabile	O	O	O	O	
di	O	O	O	O	
tartaruga	O	O	O	O	
.	O	O	O	O	

--	O	O	O	O	
Se	O	O	O	O	
le	B-PER	O	O	O	
donne	I-PER	O	O	O	
non	O	O	O	O	
hanno	O	O	O	O	
che	O	O	O	O	
gli	O	O	O	O	
anni	O	O	O	O	
che	O	O	O	O	
mostrano	O	O	O	O	
--	O	O	O	O	
pensava	O	O	O	O	
il	B-PER	O	O	O	
nostro	I-PER	O	O	O	
viaggiatore	I-PER	O	O	O	
--	O	O	O	O	
che	O	O	O	O	
sarà	O	O	O	O	
degli	O	O	O	O	
uomini	B-PER	O	O	O	
?	O	O	O	O	

Che	O	O	O	O	
sarà	O	O	O	O	
di	O	O	O	O	
me	O	O	O	O	
che	O	O	O	O	
non	O	O	O	O	
ho	O	O	O	O	
nemmeno	O	O	O	O	
un	O	O	O	O	
pelo	O	O	O	O	
bianco	O	O	O	O	
?	O	O	O	O	

Chi	O	O	O	O	
mi	O	O	O	O	
darebbe	O	O	O	O	
quarantacinque	O	O	O	O	
anni	O	O	O	O	
?	O	O	O	O	

Io	O	O	O	O	
ho	O	O	O	O	
tutto	O	O	O	O	
il	O	O	O	O	
diritto	O	O	O	O	
di	O	O	O	O	
sostenere	O	O	O	O	
che	O	O	O	O	
ne	O	O	O	O	
ho	O	O	O	O	
trentacinque	O	O	O	O	
o	O	O	O	O	
trentotto	O	O	O	O	
al	O	O	O	O	
massimo	O	O	O	O	
...	O	O	O	O	
--	O	O	O	O	
Si	O	O	O	O	
rifece	O	O	O	O	
il	O	O	O	O	
nodo	O	O	O	O	
della	O	O	O	O	
cravatta	O	O	O	O	
,	O	O	O	O	
infilò	O	O	O	O	
un	O	O	O	O	
altro	O	O	O	O	
soprabito	O	O	O	O	
,	O	O	O	O	
prese	O	O	O	O	
il	O	O	O	O	
suo	O	O	O	O	
bastoncino	O	O	O	O	
di	O	O	O	O	
canna	O	O	O	O	
d	O	O	O	O	
'	O	O	O	O	
India	O	O	O	O	
,	O	O	O	O	
e	O	O	O	O	
solfeggiando	O	O	O	O	
la	O	O	O	O	
marcia	O	O	O	O	
del	O	O	O	O	
Profeta	O	O	O	O	
,	O	O	O	O	
fece	O	O	O	O	
le	O	O	O	O	
scale	O	O	O	O	
dell	O	O	O	O	
'	O	O	O	O	
albergo	B-FAC	O	O	O	
in	O	O	O	O	
quattro	O	O	O	O	
salti	O	O	O	O	
e	O	O	O	O	
si	O	O	O	O	
avviò	O	O	O	O	
verso	O	O	O	O	
il	B-FAC	O	O	O	
quartiere	I-FAC	O	O	O	
ove	O	O	O	O	
un	O	O	O	O	
tempo	O	O	O	O	
dimoravano	O	O	O	O	
i	B-PER	O	O	O	
Martelli	I-PER	O	O	O	
.	O	O	O	O	

Egli	O	O	O	O	
aveva	O	O	O	O	
deciso	O	O	O	O	
di	O	O	O	O	
far	O	O	O	O	
la	O	O	O	O	
sua	O	O	O	O	
visita	O	O	O	O	
subito	O	O	O	O	
.	O	O	O	O	

