Discutevano	O	O	O	O	
da	O	O	O	O	
quasi	O	O	O	O	
mezz	O	O	O	O	
'	O	O	O	O	
ora	O	O	O	O	
,	O	O	O	O	
il	B-PER	O	O	O	
giovine	I-PER	O	O	O	
schermendosi	O	O	O	O	
con	O	O	O	O	
parole	O	O	O	O	
vaghe	O	O	O	O	
e	O	O	O	O	
perplesse	O	O	O	O	
,	O	O	O	O	
la	B-PER	O	O	O	
donna	I-PER	O	O	O	
indagando	O	O	O	O	
con	O	O	O	O	
una	O	O	O	O	
ostinazione	O	O	O	O	
che	O	O	O	O	
diveniva	O	O	O	O	
a	O	O	O	O	
grado	O	O	O	O	
a	O	O	O	O	
grado	O	O	O	O	
impaziente	O	O	O	O	
.	O	O	O	O	

Finalmente	O	O	O	O	
egli	O	O	O	O	
disse	O	O	O	O	
:	O	O	O	O	
—	O	O	O	O	
Hai	O	O	O	O	
ragione	O	O	O	O	
.	O	O	O	O	

Oggi	O	O	O	O	
io	O	O	O	O	
sono	O	O	O	O	
diverso	O	O	O	O	
,	O	O	O	O	
oggi	O	O	O	O	
io	O	O	O	O	
ti	O	O	O	O	
devo	O	O	O	O	
confessare	O	O	O	O	
qualche	O	O	O	O	
cosa	O	O	O	O	
di	O	O	O	O	
abbastanza	O	O	O	O	
grave	O	O	O	O	
e	O	O	O	O	
mi	O	O	O	O	
è	O	O	O	O	
mancato	O	O	O	O	
fino	O	O	O	O	
ad	O	O	O	O	
ora	O	O	O	O	
il	O	O	O	O	
coraggio	O	O	O	O	
di	O	O	O	O	
farlo	O	O	O	O	
.	O	O	O	O	

Devi	O	O	O	O	
darmelo	O	O	O	O	
tu	O	O	O	O	
questo	O	O	O	O	
coraggio	O	O	O	O	
,	O	O	O	O	
tu	O	O	O	O	
che	O	O	O	O	
sei	O	O	O	O	
una	B-PER	O	O	O	
piccola	I-PER	O	O	O	
donna	I-PER	O	O	O	
forte	I-PER	O	O	O	
,	O	O	O	O	
capace	O	O	O	O	
di	O	O	O	O	
affrontare	O	O	O	O	
sola	O	O	O	O	
la	O	O	O	O	
vita	O	O	O	O	
e	O	O	O	O	
tutte	O	O	O	O	
le	O	O	O	O	
sue	O	O	O	O	
sorde	O	O	O	O	
ostilità	O	O	O	O	
.	O	O	O	O	

Confortami	O	O	O	O	
tu	O	O	O	O	
,	O	O	O	O	
Ottavia	B-PER	O	O	O	
,	O	O	O	O	
a	O	O	O	O	
parlare	O	O	O	O	
.	O	O	O	O	

Dimmi	O	O	O	O	
che	O	O	O	O	
sarai	O	O	O	O	
indulgente	O	O	O	O	
e	O	O	O	O	
clemente	O	O	O	O	
col	O	O	O	O	
tuo	B-PER	O	O	O	
povero	I-PER	O	O	O	
amico	I-PER	O	O	O	
che	O	O	O	O	
ha	O	O	O	O	
paura	O	O	O	O	
,	O	O	O	O	
che	O	O	O	O	
ha	O	O	O	O	
paura	O	O	O	O	
di	O	O	O	O	
te	O	O	O	O	
.	O	O	O	O	

Ottavia	B-PER	O	O	O	
Dimauro	I-PER	O	O	O	
che	O	O	O	O	
ascoltava	O	O	O	O	
,	O	O	O	O	
adagiata	O	O	O	O	
nell	O	O	O	O	
'	O	O	O	O	
angolo	O	O	O	O	
del	O	O	O	O	
divano	O	O	O	O	
giallo	O	O	O	O	
-	O	O	O	O	
oro	O	O	O	O	
,	O	O	O	O	
coi	O	O	O	O	
capelli	O	O	O	O	
neri	O	O	O	O	
sciolti	O	O	O	O	
sulla	O	O	O	O	
spalliera	O	O	O	O	
come	O	O	O	O	
un	O	O	O	O	
viluppo	O	O	O	O	
di	O	O	O	O	
serpenti	O	O	O	O	
foschi	O	O	O	O	
,	O	O	O	O	
con	O	O	O	O	
le	O	O	O	O	
spalle	O	O	O	O	
nude	O	O	O	O	
e	O	O	O	O	
i	O	O	O	O	
fianchi	O	O	O	O	
avvolti	O	O	O	O	
strettamente	O	O	O	O	
in	O	O	O	O	
una	O	O	O	O	
spirale	O	O	O	O	
di	O	O	O	O	
seta	O	O	O	O	
d	O	O	O	O	
'	O	O	O	O	
un	O	O	O	O	
color	O	O	O	O	
violaceo	O	O	O	O	
pallido	O	O	O	O	
che	O	O	O	O	
le	O	O	O	O	
scopriva	O	O	O	O	
i	O	O	O	O	
piedi	O	O	O	O	
rosei	O	O	O	O	
nelle	O	O	O	O	
babbucce	O	O	O	O	
orientali	O	O	O	O	
ricamate	O	O	O	O	
di	O	O	O	O	
perle	O	O	O	O	
,	O	O	O	O	
lasciò	O	O	O	O	
sfuggire	O	O	O	O	
una	O	O	O	O	
lunga	O	O	O	O	
risata	O	O	O	O	
non	O	O	O	O	
più	O	O	O	O	
gaia	O	O	O	O	
e	O	O	O	O	
non	O	O	O	O	
ancora	O	O	O	O	
beffarda	O	O	O	O	
,	O	O	O	O	
volgendosi	O	O	O	O	
a	O	O	O	O	
fissare	O	O	O	O	
Dino	B-PER	O	O	O	
Altavilla	I-PER	O	O	O	
,	O	O	O	O	
seduto	O	O	O	O	
accanto	O	O	O	O	
a	O	O	O	O	
lei	O	O	O	O	
,	O	O	O	O	
nell	O	O	O	O	
'	O	O	O	O	
altro	O	O	O	O	
angolo	O	O	O	O	
del	O	O	O	O	
divano	O	O	O	O	
giallo	O	O	O	O	
-	O	O	O	O	
oro	O	O	O	O	
.	O	O	O	O	

—	O	O	O	O	
Mio	B-PER	O	O	O	
povero	I-PER	O	O	O	
amico	I-PER	O	O	O	
,	O	O	O	O	
tu	O	O	O	O	
hai	O	O	O	O	
paura	O	O	O	O	
di	O	O	O	O	
me	O	O	O	O	
?	O	O	O	O	

Ci	O	O	O	O	
conosciamo	O	O	O	O	
ormai	O	O	O	O	
da	O	O	O	O	
due	O	O	O	O	
anni	O	O	O	O	
e	O	O	O	O	
mezzo	O	O	O	O	
ed	O	O	O	O	
è	O	O	O	O	
questa	O	O	O	O	
la	O	O	O	O	
prima	O	O	O	O	
volta	O	O	O	O	
ch	O	O	O	O	
'	O	O	O	O	
io	O	O	O	O	
ti	O	O	O	O	
scopro	O	O	O	O	
una	O	O	O	O	
sensibilità	O	O	O	O	
così	O	O	O	O	
tremebonda	O	O	O	O	
e	O	O	O	O	
che	O	O	O	O	
mi	O	O	O	O	
riconosco	O	O	O	O	
una	O	O	O	O	
così	O	O	O	O	
terribile	O	O	O	O	
forza	O	O	O	O	
.	O	O	O	O	

Che	O	O	O	O	
cosa	O	O	O	O	
dunque	O	O	O	O	
accade	O	O	O	O	
di	O	O	O	O	
tanto	O	O	O	O	
spaventevole	O	O	O	O	
?	O	O	O	O	

—	O	O	O	O	
Spaventevole	O	O	O	O	
?	O	O	O	O	

—	O	O	O	O	
ripetè	O	O	O	O	
Dino	B-PER	O	O	O	
Altavilla	I-PER	O	O	O	
con	O	O	O	O	
un	O	O	O	O	
breve	O	O	O	O	
sogghigno	O	O	O	O	
.	O	O	O	O	

—	O	O	O	O	
Non	O	O	O	O	
esageriamo	O	O	O	O	
.	O	O	O	O	

Ho	O	O	O	O	
detto	O	O	O	O	
soltanto	O	O	O	O	
che	O	O	O	O	
si	O	O	O	O	
tratta	O	O	O	O	
di	O	O	O	O	
una	O	O	O	O	
cosa	O	O	O	O	
importantissima	O	O	O	O	
,	O	O	O	O	
la	O	O	O	O	
quale	O	O	O	O	
non	O	O	O	O	
mi	O	O	O	O	
giunge	O	O	O	O	
,	O	O	O	O	
d	O	O	O	O	
'	O	O	O	O	
altronde	O	O	O	O	
,	O	O	O	O	
improvvisa	O	O	O	O	
poichè	O	O	O	O	
la	O	O	O	O	
prevedevo	O	O	O	O	
da	O	O	O	O	
almeno	O	O	O	O	
sei	O	O	O	O	
mesi	O	O	O	O	
.	O	O	O	O	

È	O	O	O	O	
un	O	O	O	O	
fatto	O	O	O	O	
che	O	O	O	O	
,	O	O	O	O	
del	O	O	O	O	
resto	O	O	O	O	
,	O	O	O	O	
non	O	O	O	O	
ha	O	O	O	O	
nulla	O	O	O	O	
di	O	O	O	O	
spiacevole	O	O	O	O	
,	O	O	O	O	
tranne	O	O	O	O	
l	O	O	O	O	
'	O	O	O	O	
impressione	O	O	O	O	
,	O	O	O	O	
la	O	O	O	O	
prima	O	O	O	O	
impressione	O	O	O	O	
che	O	O	O	O	
tu	O	O	O	O	
ne	O	O	O	O	
potrai	O	O	O	O	
riportare	O	O	O	O	
.	O	O	O	O	

Ed	O	O	O	O	
è	O	O	O	O	
appunto	O	O	O	O	
ciò	O	O	O	O	
che	O	O	O	O	
mi	O	O	O	O	
costringe	O	O	O	O	
ad	O	O	O	O	
esitare	O	O	O	O	
tanto	O	O	O	O	
dinanzi	O	O	O	O	
a	O	O	O	O	
te	O	O	O	O	
,	O	O	O	O	
prima	O	O	O	O	
di	O	O	O	O	
decidermi	O	O	O	O	
a	O	O	O	O	
confessarti	O	O	O	O	
questa	O	O	O	O	
semplice	O	O	O	O	
realtà	O	O	O	O	
.	O	O	O	O	

Ottavia	B-PER	O	O	O	
lo	O	O	O	O	
lasciò	O	O	O	O	
parlare	O	O	O	O	
sino	O	O	O	O	
alla	O	O	O	O	
fine	O	O	O	O	
,	O	O	O	O	
attese	O	O	O	O	
ancora	O	O	O	O	
alcuni	O	O	O	O	
minuti	O	O	O	O	
,	O	O	O	O	
fissandolo	O	O	O	O	
con	O	O	O	O	
lo	O	O	O	O	
sguardo	O	O	O	O	
interrogativo	O	O	O	O	
,	O	O	O	O	
la	O	O	O	O	
confessione	O	O	O	O	
di	O	O	O	O	
quella	O	O	O	O	
semplice	O	O	O	O	
realtà	O	O	O	O	
e	O	O	O	O	
,	O	O	O	O	
constatando	O	O	O	O	
che	O	O	O	O	
il	O	O	O	O	
momento	O	O	O	O	
della	O	O	O	O	
rivelazione	O	O	O	O	
non	O	O	O	O	
era	O	O	O	O	
ancora	O	O	O	O	
giunto	O	O	O	O	
,	O	O	O	O	
si	O	O	O	O	
strinse	O	O	O	O	
nelle	O	O	O	O	
spalle	O	O	O	O	
con	O	O	O	O	
una	O	O	O	O	
piccola	O	O	O	O	
smorfia	O	O	O	O	
sdegnosa	O	O	O	O	
,	O	O	O	O	
poi	O	O	O	O	
s	O	O	O	O	
'	O	O	O	O	
alzò	O	O	O	O	
,	O	O	O	O	
mosse	O	O	O	O	
alcuni	O	O	O	O	
passi	O	O	O	O	
sul	O	O	O	O	
folto	O	O	O	O	
tappeto	O	O	O	O	
persiano	O	O	O	O	
che	O	O	O	O	
copriva	O	O	O	O	
interamente	O	O	O	O	
l	O	O	O	O	
'	O	O	O	O	
impiantito	O	O	O	O	
della	O	O	O	O	
vasta	B-FAC	O	O	O	
camera	I-FAC	O	O	O	
gialla	I-FAC	O	O	O	
.	O	O	O	O	

Giallo	O	O	O	O	
era	O	O	O	O	
il	O	O	O	O	
broccato	O	O	O	O	
della	O	O	O	O	
coperta	O	O	O	O	
sul	O	O	O	O	
letto	O	O	O	O	
disfatto	O	O	O	O	
,	O	O	O	O	
gialla	O	O	O	O	
,	O	O	O	O	
incrostata	O	O	O	O	
di	O	O	O	O	
merletti	O	O	O	O	
di	O	O	O	O	
Venezia	B-GPE	O	O	O	
,	O	O	O	O	
la	O	O	O	O	
seta	O	O	O	O	
delle	O	O	O	O	
tende	O	O	O	O	
alle	O	O	O	O	
due	O	O	O	O	
finestre	O	O	O	O	
altissime	O	O	O	O	
,	O	O	O	O	
d	O	O	O	O	
'	O	O	O	O	
un	O	O	O	O	
chiaro	O	O	O	O	
giallino	O	O	O	O	
il	O	O	O	O	
legno	O	O	O	O	
di	O	O	O	O	
cedro	O	O	O	O	
dei	O	O	O	O	
mobili	O	O	O	O	
e	O	O	O	O	
le	O	O	O	O	
due	O	O	O	O	
poltroncine	O	O	O	O	
basse	O	O	O	O	
ai	O	O	O	O	
lati	O	O	O	O	
del	O	O	O	O	
tavolino	O	O	O	O	
da	O	O	O	O	
tè	O	O	O	O	
,	O	O	O	O	
e	O	O	O	O	
di	O	O	O	O	
un	O	O	O	O	
intenso	O	O	O	O	
oro	O	O	O	O	
caldo	O	O	O	O	
a	O	O	O	O	
riflessi	O	O	O	O	
di	O	O	O	O	
rame	O	O	O	O	
la	O	O	O	O	
grande	O	O	O	O	
cornice	O	O	O	O	
ovale	O	O	O	O	
che	O	O	O	O	
occupava	O	O	O	O	
la	O	O	O	O	
parete	O	O	O	O	
al	O	O	O	O	
disopra	O	O	O	O	
del	O	O	O	O	
divano	O	O	O	O	
,	O	O	O	O	
la	O	O	O	O	
cornice	O	O	O	O	
preziosa	O	O	O	O	
la	O	O	O	O	
quale	O	O	O	O	
racchiudeva	O	O	O	O	
un	O	O	O	O	
delicato	O	O	O	O	
pastello	O	O	O	O	
:	O	O	O	O	
il	O	O	O	O	
ritratto	O	O	O	O	
di	O	O	O	O	
Ottavia	B-PER	O	O	O	
Dimauro	I-PER	O	O	O	
.	O	O	O	O	

Ella	O	O	O	O	
sollevò	O	O	O	O	
il	O	O	O	O	
capo	O	O	O	O	
e	O	O	O	O	
si	O	O	O	O	
fermò	O	O	O	O	
dinanzi	O	O	O	O	
a	O	O	O	O	
quell	B-PER	O	O	O	
'	I-PER	O	O	O	
altra	I-PER	O	O	O	
se	I-PER	O	O	O	
stessa	I-PER	O	O	O	
,	O	O	O	O	
così	O	O	O	O	
somigliante	O	O	O	O	
pur	O	O	O	O	
nella	O	O	O	O	
leggera	O	O	O	O	
nebulosità	O	O	O	O	
del	O	O	O	O	
colore	O	O	O	O	
sfatto	O	O	O	O	
che	O	O	O	O	
le	O	O	O	O	
parve	O	O	O	O	
di	O	O	O	O	
vedersi	O	O	O	O	
in	O	O	O	O	
fondo	O	O	O	O	
ad	O	O	O	O	
uno	O	O	O	O	
specchio	O	O	O	O	
antico	O	O	O	O	
,	O	O	O	O	
un	O	O	O	O	
po	O	O	O	O	
'	O	O	O	O	
velato	O	O	O	O	
dalla	O	O	O	O	
polvere	O	O	O	O	
e	O	O	O	O	
dal	O	O	O	O	
tempo	O	O	O	O	
,	O	O	O	O	
oppure	O	O	O	O	
in	O	O	O	O	
fondo	O	O	O	O	
ad	O	O	O	O	
un	O	O	O	O	
'	O	O	O	O	
acqua	O	O	O	O	
stagnante	O	O	O	O	
in	O	O	O	O	
una	O	O	O	O	
luce	O	O	O	O	
di	O	O	O	O	
crepuscolo	O	O	O	O	
.	O	O	O	O	

Scendeva	O	O	O	O	
difatti	O	O	O	O	
la	O	O	O	O	
prima	O	O	O	O	
ombra	O	O	O	O	
della	O	O	O	O	
sera	O	O	O	O	
dai	O	O	O	O	
vetri	O	O	O	O	
chiusi	O	O	O	O	
dietro	O	O	O	O	
le	O	O	O	O	
cortine	O	O	O	O	
leggere	O	O	O	O	
,	O	O	O	O	
e	O	O	O	O	
la	O	O	O	O	
violenza	O	O	O	O	
ardente	O	O	O	O	
di	O	O	O	O	
colore	O	O	O	O	
da	O	O	O	O	
cui	O	O	O	O	
traeva	O	O	O	O	
tanto	O	O	O	O	
risalto	O	O	O	O	
la	O	O	O	O	
particolare	O	O	O	O	
bellezza	O	O	O	O	
di	O	O	O	O	
quella	B-PER	O	O	O	
donna	I-PER	O	O	O	
bruna	I-PER	O	O	O	
e	I-PER	O	O	O	
pallida	I-PER	O	O	O	
come	O	O	O	O	
un	B-PER	O	O	O	
'	I-PER	O	O	O	
andalusa	I-PER	O	O	O	
,	O	O	O	O	
si	O	O	O	O	
fondeva	O	O	O	O	
ora	O	O	O	O	
dolcemente	O	O	O	O	
in	O	O	O	O	
un	O	O	O	O	
'	O	O	O	O	
armonia	O	O	O	O	
più	O	O	O	O	
discreta	O	O	O	O	
e	O	O	O	O	
più	O	O	O	O	
raccolta	O	O	O	O	
.	O	O	O	O	

I	O	O	O	O	
larghi	O	O	O	O	
occhi	O	O	O	O	
neri	O	O	O	O	
di	O	O	O	O	
Ottavia	B-PER	O	O	O	
fissavano	O	O	O	O	
i	O	O	O	O	
larghi	O	O	O	O	
occhi	O	O	O	O	
neri	O	O	O	O	
del	O	O	O	O	
ritratto	O	O	O	O	
che	O	O	O	O	
apparivano	O	O	O	O	
immensi	O	O	O	O	
e	O	O	O	O	
profondi	O	O	O	O	
nella	O	O	O	O	
penombra	O	O	O	O	
.	O	O	O	O	

Era	O	O	O	O	
stato	O	O	O	O	
quello	O	O	O	O	
sguardo	O	O	O	O	
immenso	O	O	O	O	
e	O	O	O	O	
profondo	O	O	O	O	
,	O	O	O	O	
segnato	O	O	O	O	
con	O	O	O	O	
pochi	O	O	O	O	
tratti	O	O	O	O	
di	O	O	O	O	
colori	O	O	O	O	
da	O	O	O	O	
un	B-PER	O	O	O	
pittore	I-PER	O	O	O	
grande	I-PER	O	O	O	
e	I-PER	O	O	O	
modesto	I-PER	O	O	O	
,	O	O	O	O	
ora	O	O	O	O	
morto	O	O	O	O	
,	O	O	O	O	
ad	O	O	O	O	
avvicinare	O	O	O	O	
quasi	O	O	O	O	
d	O	O	O	O	
'	O	O	O	O	
improvviso	O	O	O	O	
i	O	O	O	O	
loro	O	O	O	O	
destini	O	O	O	O	
in	O	O	O	O	
un	O	O	O	O	
amore	O	O	O	O	
durato	O	O	O	O	
oltre	O	O	O	O	
due	O	O	O	O	
anni	O	O	O	O	
e	O	O	O	O	
pieno	O	O	O	O	
di	O	O	O	O	
tumultuosa	O	O	O	O	
intensità	O	O	O	O	
di	O	O	O	O	
vita	O	O	O	O	
.	O	O	O	O	

Dino	B-PER	O	O	O	
Altavilla	I-PER	O	O	O	
vi	O	O	O	O	
si	O	O	O	O	
era	O	O	O	O	
fermato	O	O	O	O	
dinanzi	O	O	O	O	
in	O	O	O	O	
una	O	O	O	O	
esposizione	O	O	O	O	
d	O	O	O	O	
'	O	O	O	O	
arte	O	O	O	O	
,	O	O	O	O	
lo	O	O	O	O	
aveva	O	O	O	O	
osservato	O	O	O	O	
contemplato	O	O	O	O	
meditato	O	O	O	O	
interrogato	O	O	O	O	
a	O	O	O	O	
lungo	O	O	O	O	
,	O	O	O	O	
per	O	O	O	O	
molti	O	O	O	O	
giorni	O	O	O	O	
,	O	O	O	O	
finchè	O	O	O	O	
si	O	O	O	O	
era	O	O	O	O	
risolto	O	O	O	O	
ad	O	O	O	O	
acquistarlo	O	O	O	O	
per	O	O	O	O	
giungere	O	O	O	O	
a	O	O	O	O	
conoscere	O	O	O	O	
,	O	O	O	O	
se	O	O	O	O	
veramente	O	O	O	O	
esisteva	O	O	O	O	
,	O	O	O	O	
la	B-PER	O	O	O	
creatura	I-PER	O	O	O	
umana	I-PER	O	O	O	
a	O	O	O	O	
cui	O	O	O	O	
splendevano	O	O	O	O	
in	O	O	O	O	
volto	O	O	O	O	
quegli	O	O	O	O	
occhi	O	O	O	O	
.	O	O	O	O	

Codesta	B-PER	O	O	O	
creatura	I-PER	O	O	O	
umana	I-PER	O	O	O	
esisteva	O	O	O	O	
,	O	O	O	O	
era	O	O	O	O	
una	B-PER	O	O	O	
giovane	I-PER	O	O	O	
signora	I-PER	O	O	O	
sola	I-PER	O	O	O	
,	O	O	O	O	
che	O	O	O	O	
abitava	O	O	O	O	
una	B-FAC	O	O	O	
villa	I-FAC	O	O	O	
in	O	O	O	O	
una	B-GPE	O	O	O	
piccola	I-GPE	O	O	O	
città	I-GPE	O	O	O	
di	I-GPE	O	O	O	
provincia	I-GPE	O	O	O	
,	O	O	O	O	
dove	O	O	O	O	
il	B-PER	O	O	O	
pittore	I-PER	O	O	O	
,	O	O	O	O	
passando	O	O	O	O	
per	O	O	O	O	
svago	O	O	O	O	
un	O	O	O	O	
'	O	O	O	O	
estate	O	O	O	O	
,	O	O	O	O	
le	O	O	O	O	
aveva	O	O	O	O	
fatto	O	O	O	O	
,	O	O	O	O	
per	O	O	O	O	
proprio	O	O	O	O	
diletto	O	O	O	O	
,	O	O	O	O	
il	O	O	O	O	
bel	O	O	O	O	
ritratto	O	O	O	O	
a	O	O	O	O	
pastello	O	O	O	O	
.	O	O	O	O	

Il	O	O	O	O	
permesso	O	O	O	O	
di	O	O	O	O	
venderlo	O	O	O	O	
ad	O	O	O	O	
un	B-PER	O	O	O	
ammiratore	I-PER	O	O	O	
sconosciuto	I-PER	O	O	O	
che	O	O	O	O	
il	B-PER	O	O	O	
ritrattista	I-PER	O	O	O	
le	O	O	O	O	
chiese	O	O	O	O	
per	O	O	O	O	
iscritto	O	O	O	O	
,	O	O	O	O	
il	O	O	O	O	
gentile	O	O	O	O	
consenso	O	O	O	O	
della	O	O	O	O	
signora	B-PER	O	O	O	
e	O	O	O	O	
una	O	O	O	O	
successiva	O	O	O	O	
lettera	O	O	O	O	
di	O	O	O	O	
ringraziamento	O	O	O	O	
di	O	O	O	O	
Altavilla	B-PER	O	O	O	
gli	O	O	O	O	
porsero	O	O	O	O	
l	O	O	O	O	
'	O	O	O	O	
occasione	O	O	O	O	
di	O	O	O	O	
una	O	O	O	O	
corrispondenza	O	O	O	O	
cortese	O	O	O	O	
,	O	O	O	O	
a	O	O	O	O	
cui	O	O	O	O	
seguì	O	O	O	O	
ben	O	O	O	O	
presto	O	O	O	O	
un	O	O	O	O	
incontro	O	O	O	O	
e	O	O	O	O	
quando	O	O	O	O	
,	O	O	O	O	
poche	O	O	O	O	
settimane	O	O	O	O	
più	O	O	O	O	
tardi	O	O	O	O	
,	O	O	O	O	
il	B-PER	O	O	O	
nuovo	I-PER	O	O	O	
amico	I-PER	O	O	O	
la	O	O	O	O	
pregò	O	O	O	O	
di	O	O	O	O	
venire	O	O	O	O	
ad	O	O	O	O	
ammirare	O	O	O	O	
il	O	O	O	O	
ritratto	O	O	O	O	
in	O	O	O	O	
una	O	O	O	O	
cornice	O	O	O	O	
e	O	O	O	O	
in	O	O	O	O	
un	O	O	O	O	
ambiente	O	O	O	O	
degni	O	O	O	O	
della	O	O	O	O	
bella	O	O	O	O	
opera	O	O	O	O	
d	O	O	O	O	
'	O	O	O	O	
arte	O	O	O	O	
e	O	O	O	O	
della	O	O	O	O	
bella	O	O	O	O	
opera	O	O	O	O	
umana	O	O	O	O	
ch	O	O	O	O	
'	O	O	O	O	
esso	O	O	O	O	
rappresentava	O	O	O	O	
,	O	O	O	O	
Ottavia	B-PER	O	O	O	
Dimauro	I-PER	O	O	O	
fu	O	O	O	O	
accolta	O	O	O	O	
in	O	O	O	O	
quell	B-FAC	O	O	O	
'	I-FAC	O	O	O	
appartamento	I-FAC	O	O	O	
lussuoso	I-FAC	O	O	O	
e	I-FAC	O	O	O	
misterioso	I-FAC	O	O	O	
,	O	O	O	O	
a	O	O	O	O	
terreno	O	O	O	O	
d	O	O	O	O	
'	O	O	O	O	
una	B-FAC	O	O	O	
villetta	I-FAC	O	O	O	
suburbana	I-FAC	O	O	O	
,	O	O	O	O	
dove	O	O	O	O	
ogni	O	O	O	O	
cosa	O	O	O	O	
era	O	O	O	O	
stata	O	O	O	O	
scelta	O	O	O	O	
e	O	O	O	O	
disposta	O	O	O	O	
con	O	O	O	O	
una	O	O	O	O	
sapiente	O	O	O	O	
cura	O	O	O	O	
d	O	O	O	O	
'	O	O	O	O	
amore	O	O	O	O	
.	O	O	O	O	

Da	O	O	O	O	
allora	O	O	O	O	
ella	O	O	O	O	
vi	O	O	O	O	
era	O	O	O	O	
ritornata	O	O	O	O	
ogni	O	O	O	O	
settimana	O	O	O	O	
,	O	O	O	O	
vi	O	O	O	O	
aveva	O	O	O	O	
talvolta	O	O	O	O	
passato	O	O	O	O	
giorni	O	O	O	O	
e	O	O	O	O	
giorni	O	O	O	O	
,	O	O	O	O	
notti	O	O	O	O	
e	O	O	O	O	
notti	O	O	O	O	
,	O	O	O	O	
in	O	O	O	O	
quella	O	O	O	O	
completa	O	O	O	O	
libertà	O	O	O	O	
di	O	O	O	O	
esistenza	O	O	O	O	
che	O	O	O	O	
il	O	O	O	O	
suo	O	O	O	O	
stato	O	O	O	O	
di	O	O	O	O	
donna	B-PER	O	O	O	
sola	I-PER	O	O	O	
,	O	O	O	O	
separata	O	O	O	O	
da	O	O	O	O	
un	B-PER	O	O	O	
marito	I-PER	O	O	O	
ignobilmente	I-PER	O	O	O	
vizioso	I-PER	O	O	O	
,	O	O	O	O	
le	O	O	O	O	
concedeva	O	O	O	O	
.	O	O	O	O	

—	O	O	O	O	
Io	O	O	O	O	
e	O	O	O	O	
quell	B-PER	O	O	O	
'	I-PER	O	O	O	
altra	I-PER	O	O	O	
me	I-PER	O	O	O	
stessa	I-PER	O	O	O	
,	O	O	O	O	
lassù	O	O	O	O	
—	O	O	O	O	
diceva	O	O	O	O	
Ottavia	B-PER	O	O	O	
,	O	O	O	O	
accennando	O	O	O	O	
al	O	O	O	O	
pastello	O	O	O	O	
chiuso	O	O	O	O	
nella	O	O	O	O	
sua	O	O	O	O	
cornice	O	O	O	O	
d	O	O	O	O	
'	O	O	O	O	
oro	O	O	O	O	
,	O	O	O	O	
—	O	O	O	O	
abbiamo	O	O	O	O	
passato	O	O	O	O	
qui	O	O	O	O	
dentro	O	O	O	O	
,	O	O	O	O	
in	O	O	O	O	
persona	O	O	O	O	
o	O	O	O	O	
in	O	O	O	O	
ispirito	O	O	O	O	
,	O	O	O	O	
quasi	O	O	O	O	
due	O	O	O	O	
anni	O	O	O	O	
e	O	O	O	O	
mezzo	O	O	O	O	
di	O	O	O	O	
vita	O	O	O	O	
,	O	O	O	O	
eppure	O	O	O	O	
mi	O	O	O	O	
accorgo	O	O	O	O	
in	O	O	O	O	
questo	O	O	O	O	
momento	O	O	O	O	
che	O	O	O	O	
,	O	O	O	O	
se	O	O	O	O	
le	O	O	O	O	
tue	O	O	O	O	
labbra	O	O	O	O	
,	O	O	O	O	
Dino	B-PER	O	O	O	
,	O	O	O	O	
e	O	O	O	O	
le	O	O	O	O	
mie	O	O	O	O	
labbra	O	O	O	O	
si	O	O	O	O	
sono	O	O	O	O	
tante	O	O	O	O	
volte	O	O	O	O	
avvicinate	O	O	O	O	
,	O	O	O	O	
le	O	O	O	O	
nostre	O	O	O	O	
anime	O	O	O	O	
invece	O	O	O	O	
sono	O	O	O	O	
rimaste	O	O	O	O	
infinitamente	O	O	O	O	
lontane	O	O	O	O	
.	O	O	O	O	

—	O	O	O	O	
Non	O	O	O	O	
è	O	O	O	O	
vero	O	O	O	O	
,	O	O	O	O	
non	O	O	O	O	
è	O	O	O	O	
vero	O	O	O	O	
.	O	O	O	O	

Perchè	O	O	O	O	
dici	O	O	O	O	
così	O	O	O	O	
?	O	O	O	O	

—	O	O	O	O	
mormorò	O	O	O	O	
egli	O	O	O	O	
corrucciato	O	O	O	O	
,	O	O	O	O	
afferrandola	O	O	O	O	
d	O	O	O	O	
'	O	O	O	O	
un	O	O	O	O	
tratto	O	O	O	O	
alla	O	O	O	O	
vita	O	O	O	O	
e	O	O	O	O	
piegandola	O	O	O	O	
riluttante	O	O	O	O	
verso	O	O	O	O	
di	O	O	O	O	
sè	O	O	O	O	
.	O	O	O	O	

—	O	O	O	O	
Non	O	O	O	O	
ti	O	O	O	O	
ho	O	O	O	O	
dato	O	O	O	O	
per	O	O	O	O	
oltre	O	O	O	O	
due	O	O	O	O	
anni	O	O	O	O	
tutto	O	O	O	O	
me	O	O	O	O	
stesso	O	O	O	O	
?	O	O	O	O	

—	O	O	O	O	
Tutto	O	O	O	O	
,	O	O	O	O	
forse	O	O	O	O	
,	O	O	O	O	
meno	O	O	O	O	
la	O	O	O	O	
tua	O	O	O	O	
fiducia	O	O	O	O	
e	O	O	O	O	
la	O	O	O	O	
tua	O	O	O	O	
confidenza	O	O	O	O	
—	O	O	O	O	
ella	O	O	O	O	
rispose	O	O	O	O	
,	O	O	O	O	
rigida	O	O	O	O	
,	O	O	O	O	
negandosi	O	O	O	O	
per	O	O	O	O	
la	O	O	O	O	
prima	O	O	O	O	
volta	O	O	O	O	
alle	O	O	O	O	
sue	O	O	O	O	
carezze	O	O	O	O	
.	O	O	O	O	

—	O	O	O	O	
Da	O	O	O	O	
parecchi	O	O	O	O	
mesi	O	O	O	O	
c	O	O	O	O	
'	O	O	O	O	
è	O	O	O	O	
nella	O	O	O	O	
tua	O	O	O	O	
vita	O	O	O	O	
qualche	O	O	O	O	
cosa	O	O	O	O	
di	O	O	O	O	
molto	O	O	O	O	
importante	O	O	O	O	
e	O	O	O	O	
tu	O	O	O	O	
me	O	O	O	O	
lo	O	O	O	O	
nascondi	O	O	O	O	
per	O	O	O	O	
timore	O	O	O	O	
d	O	O	O	O	
'	O	O	O	O	
una	O	O	O	O	
mia	O	O	O	O	
sgradevole	O	O	O	O	
impressione	O	O	O	O	
.	O	O	O	O	

E	O	O	O	O	
questo	O	O	O	O	
si	O	O	O	O	
chiama	O	O	O	O	
,	O	O	O	O	
per	O	O	O	O	
te	O	O	O	O	
:	O	O	O	O	
dare	O	O	O	O	
tutto	O	O	O	O	
se	O	O	O	O	
stesso	O	O	O	O	
?	O	O	O	O	

—	O	O	O	O	
Ottavia	B-PER	O	O	O	
,	O	O	O	O	
non	O	O	O	O	
parlarmi	O	O	O	O	
con	O	O	O	O	
tanta	O	O	O	O	
asprezza	O	O	O	O	
,	O	O	O	O	
te	O	O	O	O	
ne	O	O	O	O	
prego	O	O	O	O	
—	O	O	O	O	
egli	O	O	O	O	
la	O	O	O	O	
supplicò	O	O	O	O	
,	O	O	O	O	
umile	O	O	O	O	
,	O	O	O	O	
baciando	O	O	O	O	
con	O	O	O	O	
avidità	O	O	O	O	
le	O	O	O	O	
sue	O	O	O	O	
mani	O	O	O	O	
che	O	O	O	O	
lo	O	O	O	O	
allontanavano	O	O	O	O	
.	O	O	O	O	

Ella	O	O	O	O	
rise	O	O	O	O	
,	O	O	O	O	
ancora	O	O	O	O	
più	O	O	O	O	
aspra	O	O	O	O	
nell	O	O	O	O	
'	O	O	O	O	
ostentazione	O	O	O	O	
della	O	O	O	O	
gaiezza	O	O	O	O	
che	O	O	O	O	
nelle	O	O	O	O	
fredde	O	O	O	O	
parole	O	O	O	O	
e	O	O	O	O	
andò	O	O	O	O	
a	O	O	O	O	
guardarsi	O	O	O	O	
nel	O	O	O	O	
triplice	O	O	O	O	
specchio	O	O	O	O	
dell	O	O	O	O	
'	O	O	O	O	
armadio	O	O	O	O	
,	O	O	O	O	
seguendovi	O	O	O	O	
con	O	O	O	O	
gli	O	O	O	O	
occhi	O	O	O	O	
torbidi	O	O	O	O	
sotto	O	O	O	O	
le	O	O	O	O	
ciglia	O	O	O	O	
socchiuse	O	O	O	O	
ogni	O	O	O	O	
atteggiamento	O	O	O	O	
ed	O	O	O	O	
ogni	O	O	O	O	
moto	O	O	O	O	
del	O	O	O	O	
giovine	B-PER	O	O	O	
,	O	O	O	O	
tuttora	O	O	O	O	
affondato	O	O	O	O	
nell	O	O	O	O	
'	O	O	O	O	
angolo	O	O	O	O	
del	O	O	O	O	
divano	O	O	O	O	
.	O	O	O	O	

Egli	O	O	O	O	
s	O	O	O	O	
'	O	O	O	O	
era	O	O	O	O	
stretto	O	O	O	O	
la	O	O	O	O	
tempia	O	O	O	O	
fra	O	O	O	O	
le	O	O	O	O	
palme	O	O	O	O	
e	O	O	O	O	
restava	O	O	O	O	
a	O	O	O	O	
fissare	O	O	O	O	
il	O	O	O	O	
suolo	O	O	O	O	
con	O	O	O	O	
lo	O	O	O	O	
sguardo	O	O	O	O	
assorto	O	O	O	O	
e	O	O	O	O	
la	O	O	O	O	
fronte	O	O	O	O	
corrugata	O	O	O	O	
.	O	O	O	O	

Balzò	O	O	O	O	
in	O	O	O	O	
piedi	O	O	O	O	
,	O	O	O	O	
come	O	O	O	O	
per	O	O	O	O	
incitarsi	O	O	O	O	
a	O	O	O	O	
una	O	O	O	O	
improvvisa	O	O	O	O	
risoluzione	O	O	O	O	
,	O	O	O	O	
e	O	O	O	O	
movendo	O	O	O	O	
alcuni	O	O	O	O	
passi	O	O	O	O	
le	O	O	O	O	
venne	O	O	O	O	
vicino	O	O	O	O	
.	O	O	O	O	

—	O	O	O	O	
Ascolta	O	O	O	O	
.	O	O	O	O	

Seduta	O	O	O	O	
in	O	O	O	O	
una	O	O	O	O	
delle	O	O	O	O	
basse	O	O	O	O	
poltrone	O	O	O	O	
presso	O	O	O	O	
il	O	O	O	O	
tavolino	O	O	O	O	
da	O	O	O	O	
tè	O	O	O	O	
,	O	O	O	O	
ella	O	O	O	O	
aspirava	O	O	O	O	
con	O	O	O	O	
una	O	O	O	O	
espressione	O	O	O	O	
di	O	O	O	O	
voluttà	O	O	O	O	
esagerata	O	O	O	O	
un	O	O	O	O	
mazzo	O	O	O	O	
di	O	O	O	O	
violette	O	O	O	O	
languenti	O	O	O	O	
in	O	O	O	O	
una	O	O	O	O	
coppa	O	O	O	O	
di	O	O	O	O	
cristallo	O	O	O	O	
verde	O	O	O	O	
.	O	O	O	O	

Non	O	O	O	O	
si	O	O	O	O	
mosse	O	O	O	O	
quando	O	O	O	O	
egli	O	O	O	O	
le	O	O	O	O	
fu	O	O	O	O	
accanto	O	O	O	O	
,	O	O	O	O	
non	O	O	O	O	
si	O	O	O	O	
mosse	O	O	O	O	
quando	O	O	O	O	
egli	O	O	O	O	
si	O	O	O	O	
inginocchiò	O	O	O	O	
ai	O	O	O	O	
suoi	O	O	O	O	
piedi	O	O	O	O	
,	O	O	O	O	
sorridendo	O	O	O	O	
con	O	O	O	O	
una	O	O	O	O	
tenerezza	O	O	O	O	
alquanto	O	O	O	O	
impacciata	O	O	O	O	
.	O	O	O	O	

—	O	O	O	O	
Ascoltami	O	O	O	O	
,	O	O	O	O	
cara	B-PER	O	O	O	
.	O	O	O	O	

—	O	O	O	O	
Ti	O	O	O	O	
sei	O	O	O	O	
deciso	O	O	O	O	
a	O	O	O	O	
rivelarmi	O	O	O	O	
la	O	O	O	O	
semplice	O	O	O	O	
realtà	O	O	O	O	
?	O	O	O	O	

Ella	O	O	O	O	
sogghignò	O	O	O	O	
sollevando	O	O	O	O	
il	O	O	O	O	
viso	O	O	O	O	
dalle	O	O	O	O	
violette	O	O	O	O	
languenti	O	O	O	O	
,	O	O	O	O	
poi	O	O	O	O	
sospirò	O	O	O	O	
a	O	O	O	O	
lungo	O	O	O	O	
sbattendo	O	O	O	O	
le	O	O	O	O	
palpebre	O	O	O	O	
come	O	O	O	O	
se	O	O	O	O	
si	O	O	O	O	
destasse	O	O	O	O	
da	O	O	O	O	
un	O	O	O	O	
sogno	O	O	O	O	
,	O	O	O	O	
e	O	O	O	O	
la	O	O	O	O	
crudeltà	O	O	O	O	
del	O	O	O	O	
suo	O	O	O	O	
sogghigno	O	O	O	O	
contrastava	O	O	O	O	
così	O	O	O	O	
singolarmente	O	O	O	O	
con	O	O	O	O	
lo	O	O	O	O	
smarrimento	O	O	O	O	
voluttuoso	O	O	O	O	
degli	O	O	O	O	
occhi	O	O	O	O	
che	O	O	O	O	
il	B-PER	O	O	O	
giovine	I-PER	O	O	O	
,	O	O	O	O	
chino	O	O	O	O	
alle	O	O	O	O	
sue	O	O	O	O	
ginocchia	O	O	O	O	
,	O	O	O	O	
ne	O	O	O	O	
tremò	O	O	O	O	
di	O	O	O	O	
desiderio	O	O	O	O	
e	O	O	O	O	
quasi	O	O	O	O	
di	O	O	O	O	
rancore	O	O	O	O	
..	O	O	O	O	
—	O	O	O	O	
Ebbene	O	O	O	O	
,	O	O	O	O	
—	O	O	O	O	
egli	O	O	O	O	
confessò	O	O	O	O	
con	O	O	O	O	
finta	O	O	O	O	
semplicità	O	O	O	O	
,	O	O	O	O	
—	O	O	O	O	
fra	O	O	O	O	
dieci	O	O	O	O	
giorni	O	O	O	O	
prendo	O	O	O	O	
moglie	B-PER	O	O	O	
.	O	O	O	O	

Ottavia	B-PER	O	O	O	
tornò	O	O	O	O	
a	O	O	O	O	
chinare	O	O	O	O	
il	O	O	O	O	
viso	O	O	O	O	
sulle	O	O	O	O	
viole	O	O	O	O	
e	O	O	O	O	
tacque	O	O	O	O	
per	O	O	O	O	
un	O	O	O	O	
lungo	O	O	O	O	
momento	O	O	O	O	
.	O	O	O	O	

Quando	O	O	O	O	
lo	O	O	O	O	
sollevò	O	O	O	O	
,	O	O	O	O	
esso	O	O	O	O	
rassomigliava	O	O	O	O	
stranamente	O	O	O	O	
al	O	O	O	O	
ritratto	O	O	O	O	
a	O	O	O	O	
pastello	O	O	O	O	
nel	O	O	O	O	
colore	O	O	O	O	
sfatto	O	O	O	O	
delle	O	O	O	O	
gote	O	O	O	O	
e	O	O	O	O	
delle	O	O	O	O	
labbra	O	O	O	O	
,	O	O	O	O	
nell	O	O	O	O	
'	O	O	O	O	
ombra	O	O	O	O	
che	O	O	O	O	
riempiva	O	O	O	O	
l	O	O	O	O	
'	O	O	O	O	
incavo	O	O	O	O	
degli	O	O	O	O	
occhi	O	O	O	O	
.	O	O	O	O	

Sulla	O	O	O	O	
bocca	O	O	O	O	
pallida	O	O	O	O	
si	O	O	O	O	
disegnava	O	O	O	O	
lo	O	O	O	O	
stesso	O	O	O	O	
sorriso	O	O	O	O	
di	O	O	O	O	
prima	O	O	O	O	
,	O	O	O	O	
ma	O	O	O	O	
quasi	O	O	O	O	
contorto	O	O	O	O	
in	O	O	O	O	
una	O	O	O	O	
piega	O	O	O	O	
amara	O	O	O	O	
.	O	O	O	O	

—	O	O	O	O	
Davvero	O	O	O	O	
?	O	O	O	O	

—	O	O	O	O	
ella	O	O	O	O	
disse	O	O	O	O	
con	O	O	O	O	
un	O	O	O	O	
piccolo	O	O	O	O	
sussulto	O	O	O	O	
delle	O	O	O	O	
spalle	O	O	O	O	
.	O	O	O	O	

—	O	O	O	O	
Sì	O	O	O	O	
,	O	O	O	O	
—	O	O	O	O	
susurrò	O	O	O	O	
Altavilla	B-PER	O	O	O	
,	O	O	O	O	
prendendole	O	O	O	O	
i	O	O	O	O	
polsi	O	O	O	O	
.	O	O	O	O	

—	O	O	O	O	
Ecco	O	O	O	O	
la	O	O	O	O	
notizia	O	O	O	O	
che	O	O	O	O	
non	O	O	O	O	
avevo	O	O	O	O	
il	O	O	O	O	
coraggio	O	O	O	O	
di	O	O	O	O	
darti	O	O	O	O	
.	O	O	O	O	

Essa	O	O	O	O	
non	O	O	O	O	
è	O	O	O	O	
poi	O	O	O	O	
così	O	O	O	O	
spaventevole	O	O	O	O	
come	O	O	O	O	
pareva	O	O	O	O	
.	O	O	O	O	

Non	O	O	O	O	
è	O	O	O	O	
vero	O	O	O	O	
?	O	O	O	O	

—	O	O	O	O	
Difatti	O	O	O	O	
....	O	O	O	O	
—	O	O	O	O	
ella	O	O	O	O	
mormorò	O	O	O	O	
ambiguamente	O	O	O	O	
,	O	O	O	O	
guardando	O	O	O	O	
i	O	O	O	O	
propri	O	O	O	O	
polsi	O	O	O	O	
ch	O	O	O	O	
'	O	O	O	O	
egli	O	O	O	O	
stringeva	O	O	O	O	
fra	O	O	O	O	
le	O	O	O	O	
sue	O	O	O	O	
dita	O	O	O	O	
,	O	O	O	O	
quasi	O	O	O	O	
perchè	O	O	O	O	
ella	O	O	O	O	
non	O	O	O	O	
gli	O	O	O	O	
sfuggisse	O	O	O	O	
.	O	O	O	O	

—	O	O	O	O	
Difatti	O	O	O	O	
—	O	O	O	O	
il	B-PER	O	O	O	
giovine	I-PER	O	O	O	
ripetè	O	O	O	O	
.	O	O	O	O	

—	O	O	O	O	
Questo	O	O	O	O	
non	O	O	O	O	
muterà	O	O	O	O	
nulla	O	O	O	O	
di	O	O	O	O	
ciò	O	O	O	O	
che	O	O	O	O	
è	O	O	O	O	
stato	O	O	O	O	
e	O	O	O	O	
di	O	O	O	O	
ciò	O	O	O	O	
che	O	O	O	O	
è	O	O	O	O	
fra	O	O	O	O	
di	O	O	O	O	
noi	O	O	O	O	
.	O	O	O	O	

Io	O	O	O	O	
sposo	O	O	O	O	
mia	B-PER	O	O	O	
cugina	I-PER	O	O	O	
,	O	O	O	O	
la	O	B-PER	O	O	
solita	O	I-PER	O	O	
cugina	O	I-PER	O	O	
imposta	O	I-PER	O	O	
dalla	O	I-PER	O	O	
volontà	O	I-PER	O	O	
dei	O	I-PER	O	O	
cari	B-PER	I-PER	O	O	
genitori	I-PER	I-PER	O	O	
ai	O	I-PER	O	O	
soliti	B-PER	I-PER	O	O	
figlioli	I-PER	I-PER	O	O	
docili	I-PER	I-PER	O	O	
,	I-PER	I-PER	O	O	
tranquilli	I-PER	I-PER	O	O	
e	I-PER	I-PER	O	O	
morigerati	I-PER	I-PER	O	O	
come	O	O	O	O	
me	O	O	O	O	
.	O	O	O	O	

Mia	B-PER	O	O	O	
cugina	I-PER	O	O	O	
è	O	O	O	O	
giovane	O	O	O	O	
,	O	O	O	O	
ricca	O	O	O	O	
e	O	O	O	O	
non	O	O	O	O	
ha	O	O	O	O	
nulla	O	O	O	O	
di	O	O	O	O	
particolarmente	O	O	O	O	
ripugnante	O	O	O	O	
perchè	O	O	O	O	
io	O	O	O	O	
rifiuti	O	O	O	O	
la	O	O	O	O	
sua	O	O	O	O	
mano	O	O	O	O	
.	O	O	O	O	

—	O	O	O	O	
E	O	O	O	O	
tu	O	O	O	O	
,	O	O	O	O	
naturalmente	O	O	O	O	
,	O	O	O	O	
non	O	O	O	O	
la	O	O	O	O	
rifiuti	O	O	O	O	
—	O	O	O	O	
ella	O	O	O	O	
concluse	O	O	O	O	
,	O	O	O	O	
scotendo	O	O	O	O	
il	O	O	O	O	
capo	O	O	O	O	
più	O	O	O	O	
volte	O	O	O	O	
,	O	O	O	O	
quasi	O	O	O	O	
per	O	O	O	O	
convincere	O	O	O	O	
lui	O	O	O	O	
e	O	O	O	O	
se	O	O	O	O	
stessa	O	O	O	O	
di	O	O	O	O	
questa	O	O	O	O	
inoppugnabile	O	O	O	O	
verità	O	O	O	O	
.	O	O	O	O	

—	O	O	O	O	
È	O	O	O	O	
evidente	O	O	O	O	
—	O	O	O	O	
ammise	O	O	O	O	
il	B-PER	O	O	O	
giovane	I-PER	O	O	O	
,	O	O	O	O	
alzando	O	O	O	O	
lentamente	O	O	O	O	
le	O	O	O	O	
spalle	O	O	O	O	
,	O	O	O	O	
come	O	O	O	O	
a	O	O	O	O	
soppesarvi	O	O	O	O	
la	O	O	O	O	
lievità	O	O	O	O	
del	O	O	O	O	
giogo	O	O	O	O	
a	O	O	O	O	
cui	O	O	O	O	
esse	O	O	O	O	
si	O	O	O	O	
assoggettavano	O	O	O	O	
con	O	O	O	O	
tanta	O	O	O	O	
docile	O	O	O	O	
calma	O	O	O	O	
.	O	O	O	O	

—	O	O	O	O	
Nemmeno	O	O	O	O	
se	O	O	O	O	
,	O	O	O	O	
accettando	O	O	O	O	
la	O	O	O	O	
mano	O	O	O	O	
di	O	O	O	O	
tua	B-PER	O	O	O	
cugina	I-PER	O	O	O	
,	O	O	O	O	
tu	O	O	O	O	
dovessi	O	O	O	O	
perdermi	O	O	O	O	
per	O	O	O	O	
sempre	O	O	O	O	
?	O	O	O	O	

La	O	O	O	O	
domanda	O	O	O	O	
inattesa	O	O	O	O	
giunse	O	O	O	O	
dopo	O	O	O	O	
una	O	O	O	O	
prolungata	O	O	O	O	
pausa	O	O	O	O	
di	O	O	O	O	
meditazione	O	O	O	O	
e	O	O	O	O	
vi	O	O	O	O	
succedette	O	O	O	O	
un	O	O	O	O	
'	O	O	O	O	
altra	O	O	O	O	
pausa	O	O	O	O	
piena	O	O	O	O	
di	O	O	O	O	
stupore	O	O	O	O	
.	O	O	O	O	

—	O	O	O	O	
Ciò	O	O	O	O	
che	O	O	O	O	
tu	O	O	O	O	
dici	O	O	O	O	
è	O	O	O	O	
assurdo	O	O	O	O	
—	O	O	O	O	
le	O	O	O	O	
osservò	O	O	O	O	
il	B-PER	O	O	O	
giovine	I-PER	O	O	O	
,	O	O	O	O	
più	O	O	O	O	
sgomento	O	O	O	O	
di	O	O	O	O	
quanto	O	O	O	O	
non	O	O	O	O	
volesse	O	O	O	O	
apparire	O	O	O	O	
.	O	O	O	O	

—	O	O	O	O	
Sarà	O	O	O	O	
assurdo	O	O	O	O	
,	O	O	O	O	
ma	O	O	O	O	
è	O	O	O	O	
l	O	O	O	O	
'	O	O	O	O	
espressione	O	O	O	O	
più	O	O	O	O	
semplice	O	O	O	O	
e	O	O	O	O	
più	O	O	O	O	
vera	O	O	O	O	
del	O	O	O	O	
mio	O	O	O	O	
pensiero	O	O	O	O	
,	O	O	O	O	
—	O	O	O	O	
ribattè	O	O	O	O	
con	O	O	O	O	
una	O	O	O	O	
risoluta	O	O	O	O	
e	O	O	O	O	
pacata	O	O	O	O	
fermezza	O	O	O	O	
la	B-PER	O	O	O	
donna	I-PER	O	O	O	
.	O	O	O	O	

—	O	O	O	O	
Mi	O	O	O	O	
sei	O	O	O	O	
appartenuto	O	O	O	O	
esclusivamente	O	O	O	O	
per	O	O	O	O	
oltre	O	O	O	O	
due	O	O	O	O	
anni	O	O	O	O	
,	O	O	O	O	
o	O	O	O	O	
almeno	O	O	O	O	
io	O	O	O	O	
ebbi	O	O	O	O	
di	O	O	O	O	
questo	O	O	O	O	
esclusivo	O	O	O	O	
possesso	O	O	O	O	
l	O	O	O	O	
'	O	O	O	O	
assoluta	O	O	O	O	
convinzione	O	O	O	O	
.	O	O	O	O	

Non	O	O	O	O	
posso	O	O	O	O	
e	O	O	O	O	
non	O	O	O	O	
voglio	O	O	O	O	
condividerti	O	O	O	O	
consciamente	O	O	O	O	
con	O	O	O	O	
un	B-PER	O	O	O	
'	I-PER	O	O	O	
altra	I-PER	O	O	O	
donna	I-PER	O	O	O	
,	O	O	O	O	
sia	O	O	O	O	
pure	O	O	O	O	
tua	B-PER	O	O	O	
cugina	I-PER	O	O	O	
,	O	O	O	O	
sia	O	O	O	O	
pure	O	O	O	O	
una	B-PER	O	O	O	
moglie	I-PER	O	O	O	
che	O	O	O	O	
ti	O	O	O	O	
è	O	O	O	O	
imposta	O	O	O	O	
dalla	O	O	O	O	
parentela	O	O	O	O	
.	O	O	O	O	

Ti	O	O	O	O	
prego	O	O	O	O	
,	O	O	O	O	
anzi	O	O	O	O	
,	O	O	O	O	
ti	O	O	O	O	
impongo	O	O	O	O	
di	O	O	O	O	
scegliere	O	O	O	O	
fra	O	O	O	O	
lei	O	O	O	O	
e	O	O	O	O	
me	O	O	O	O	
,	O	O	O	O	
ossia	O	O	O	O	
di	O	O	O	O	
rinunziare	O	O	O	O	
definitivamente	O	O	O	O	
all	O	O	O	O	
'	O	O	O	O	
una	B-PER	O	O	O	
o	O	O	O	O	
all	O	O	O	O	
'	O	O	O	O	
altra	B-PER	O	O	O	
.	O	O	O	O	

Dino	B-PER	O	O	O	
Altavilla	I-PER	O	O	O	
l	O	O	O	O	
'	O	O	O	O	
ascoltò	O	O	O	O	
in	O	O	O	O	
piedi	O	O	O	O	
,	O	O	O	O	
a	O	O	O	O	
ciglia	O	O	O	O	
corrugate	O	O	O	O	
,	O	O	O	O	
torcendo	O	O	O	O	
la	O	O	O	O	
bocca	O	O	O	O	
in	O	O	O	O	
una	O	O	O	O	
espressione	O	O	O	O	
di	O	O	O	O	
tedio	O	O	O	O	
irritato	O	O	O	O	
.	O	O	O	O	

—	O	O	O	O	
Io	O	O	O	O	
non	O	O	O	O	
vedo	O	O	O	O	
affatto	O	O	O	O	
la	O	O	O	O	
necessità	O	O	O	O	
di	O	O	O	O	
correre	O	O	O	O	
ad	O	O	O	O	
un	O	O	O	O	
ultimatum	O	O	O	O	
di	O	O	O	O	
questo	O	O	O	O	
genere	O	O	O	O	
—	O	O	O	O	
tentò	O	O	O	O	
di	O	O	O	O	
scherzare	O	O	O	O	
con	O	O	O	O	
qualche	O	O	O	O	
ironia	O	O	O	O	
—	O	O	O	O	
e	O	O	O	O	
di	O	O	O	O	
creare	O	O	O	O	
un	O	O	O	O	
dramma	O	O	O	O	
di	O	O	O	O	
una	O	O	O	O	
situazione	O	O	O	O	
così	O	O	O	O	
semplice	O	O	O	O	
.	O	O	O	O	

Esistono	O	O	O	O	
infiniti	B-PER	O	O	O	
uomini	I-PER	O	O	O	
che	O	O	O	O	
posseggono	O	O	O	O	
insieme	O	O	O	O	
una	B-PER	O	O	O	
moglie	I-PER	O	O	O	
tollerata	I-PER	O	O	O	
e	O	O	O	O	
un	B-PER	O	O	O	
'	I-PER	O	O	O	
amante	I-PER	O	O	O	
adorata	I-PER	O	O	O	
,	O	O	O	O	
senza	O	O	O	O	
essere	O	O	O	O	
costretti	O	O	O	O	
a	O	O	O	O	
rinunziare	O	O	O	O	
all	O	O	O	O	
'	O	O	O	O	
una	B-PER	O	O	O	
o	O	O	O	O	
all	O	O	O	O	
'	O	O	O	O	
altra	B-PER	O	O	O	
.	O	O	O	O	

Sono	O	O	O	O	
queste	O	O	O	O	
le	O	O	O	O	
vicende	O	O	O	O	
più	O	O	O	O	
comuni	O	O	O	O	
della	O	O	O	O	
società	B-ORG	O	O	O	
moderna	I-ORG	O	O	O	
.	O	O	O	O	

—	O	O	O	O	
Ebbene	O	O	O	O	
,	O	O	O	O	
le	O	O	O	O	
vicende	O	O	O	O	
più	O	O	O	O	
comuni	O	O	O	O	
della	O	O	O	O	
società	B-ORG	O	O	O	
moderna	I-ORG	O	O	O	
non	O	O	O	O	
fanno	O	O	O	O	
al	O	O	O	O	
caso	O	O	O	O	
mio	O	O	O	O	
,	O	O	O	O	
e	O	O	O	O	
non	O	O	O	O	
le	O	O	O	O	
accetto	O	O	O	O	
—	O	O	O	O	
proruppe	O	O	O	O	
aspramente	O	O	O	O	
Ottavia	B-PER	O	O	O	
,	O	O	O	O	
alzandosi	O	O	O	O	
d	O	O	O	O	
'	O	O	O	O	
impeto	O	O	O	O	
ed	O	O	O	O	
incominciando	O	O	O	O	
a	O	O	O	O	
ravviarsi	O	O	O	O	
con	O	O	O	O	
gesti	O	O	O	O	
nervosi	O	O	O	O	
i	O	O	O	O	
capelli	O	O	O	O	
dinanzi	O	O	O	O	
allo	O	O	O	O	
specchio	O	O	O	O	
dell	O	O	O	O	
'	O	O	O	O	
armadio	O	O	O	O	
.	O	O	O	O	

Il	B-PER	O	O	O	
giovine	I-PER	O	O	O	
girò	O	O	O	O	
la	O	O	O	O	
chiavetta	O	O	O	O	
della	O	O	O	O	
luce	O	O	O	O	
e	O	O	O	O	
la	B-FAC	O	O	O	
camera	I-FAC	O	O	O	
gialla	I-FAC	O	O	O	
parve	O	O	O	O	
riempirsi	O	O	O	O	
di	O	O	O	O	
uno	O	O	O	O	
sfolgorante	O	O	O	O	
sole	O	O	O	O	
meridiano	O	O	O	O	
sotto	O	O	O	O	
il	O	O	O	O	
quale	O	O	O	O	
la	O	O	O	O	
bellezza	O	O	O	O	
appassionata	O	O	O	O	
della	O	O	O	O	
donna	B-PER	O	O	O	
splendette	O	O	O	O	
di	O	O	O	O	
un	O	O	O	O	
così	O	O	O	O	
meraviglioso	O	O	O	O	
risalto	O	O	O	O	
che	O	O	O	O	
egli	O	O	O	O	
tremò	O	O	O	O	
di	O	O	O	O	
perderla	O	O	O	O	
per	O	O	O	O	
sempre	O	O	O	O	
con	O	O	O	O	
altre	O	O	O	O	
imprudenti	O	O	O	O	
parole	O	O	O	O	
.	O	O	O	O	

—	O	O	O	O	
Tronchiamo	O	O	O	O	
questo	O	O	O	O	
colloquio	O	O	O	O	
,	O	O	O	O	
cara	B-PER	O	O	O	
.	O	O	O	O	

Non	O	O	O	O	
parliamo	O	O	O	O	
più	O	O	O	O	
di	O	O	O	O	
simili	O	O	O	O	
cose	O	O	O	O	
spiacevoli	O	O	O	O	
.	O	O	O	O	

È	O	O	O	O	
meglio	O	O	O	O	
ch	O	O	O	O	
'	O	O	O	O	
io	O	O	O	O	
me	O	O	O	O	
ne	O	O	O	O	
vada	O	O	O	O	
e	O	O	O	O	
che	O	O	O	O	
ci	O	O	O	O	
rivediamo	O	O	O	O	
più	O	O	O	O	
calmi	O	O	O	O	
,	O	O	O	O	
domani	O	O	O	O	
,	O	O	O	O	
—	O	O	O	O	
le	O	O	O	O	
susurrò	O	O	O	O	
nel	O	O	O	O	
collo	O	O	O	O	
tentando	O	O	O	O	
,	O	O	O	O	
senza	O	O	O	O	
riuscirvi	O	O	O	O	
,	O	O	O	O	
di	O	O	O	O	
baciarla	O	O	O	O	
.	O	O	O	O	

—	O	O	O	O	
A	O	O	O	O	
domani	O	O	O	O	
,	O	O	O	O	
dunque	O	O	O	O	
.	O	O	O	O	

Addio	O	O	O	O	
.	O	O	O	O	

Ella	O	O	O	O	
non	O	O	O	O	
si	O	O	O	O	
volse	O	O	O	O	
neppure	O	O	O	O	
.	O	O	O	O	

Continuò	O	O	O	O	
ad	O	O	O	O	
appuntarsi	O	O	O	O	
nei	O	O	O	O	
capelli	O	O	O	O	
le	O	O	O	O	
forcine	O	O	O	O	
di	O	O	O	O	
tartaruga	O	O	O	O	
che	O	O	O	O	
teneva	O	O	O	O	
fra	O	O	O	O	
i	O	O	O	O	
denti	O	O	O	O	
e	O	O	O	O	
quando	O	O	O	O	
ne	O	O	O	O	
tolse	O	O	O	O	
l	O	O	O	O	
'	O	O	O	O	
ultima	O	O	O	O	
stirò	O	O	O	O	
le	O	O	O	O	
labbra	O	O	O	O	
ad	O	O	O	O	
un	O	O	O	O	
sogghigno	O	O	O	O	
amaro	O	O	O	O	
,	O	O	O	O	
ripetendo	O	O	O	O	
come	O	O	O	O	
un	O	O	O	O	
'	O	O	O	O	
eco	O	O	O	O	
spenta	O	O	O	O	
il	O	O	O	O	
saluto	O	O	O	O	
dell	O	O	O	O	
'	O	O	O	O	
amante	B-PER	O	O	O	
:	O	O	O	O	
—	O	O	O	O	
Addio	O	O	O	O	
.	O	O	O	O	

Lo	O	O	O	O	
vide	O	O	O	O	
sparire	O	O	O	O	
dietro	O	O	O	O	
la	O	O	O	O	
portiera	O	O	O	O	
di	O	O	O	O	
damasco	O	O	O	O	
giallo	O	O	O	O	
e	O	O	O	O	
allora	O	O	O	O	
soltanto	O	O	O	O	
s	O	O	O	O	
'	O	O	O	O	
abbandonò	O	O	O	O	
tutta	O	O	O	O	
sul	O	O	O	O	
divano	O	O	O	O	
,	O	O	O	O	
e	O	O	O	O	
chiuse	O	O	O	O	
gli	O	O	O	O	
occhi	O	O	O	O	
in	O	O	O	O	
un	O	O	O	O	
'	O	O	O	O	
espressione	O	O	O	O	
di	O	O	O	O	
spasimo	O	O	O	O	
disperato	O	O	O	O	
.	O	O	O	O	

—	O	O	O	O	
Addio	O	O	O	O	
,	O	O	O	O	
addio	O	O	O	O	
,	O	O	O	O	
addio	O	O	O	O	
,	O	O	O	O	
—	O	O	O	O	
gemette	O	O	O	O	
tra	O	O	O	O	
aridi	O	O	O	O	
singhiozzi	O	O	O	O	
,	O	O	O	O	
torcendosi	O	O	O	O	
sotto	O	O	O	O	
la	O	O	O	O	
violenza	O	O	O	O	
dello	O	O	O	O	
strazio	O	O	O	O	
,	O	O	O	O	
premendosi	O	O	O	O	
sul	O	O	O	O	
cuore	O	O	O	O	
dolente	O	O	O	O	
le	O	O	O	O	
mani	O	O	O	O	
rattratte	O	O	O	O	
.	O	O	O	O	

—	O	O	O	O	
Addio	O	O	O	O	
,	O	O	O	O	
addio	O	O	O	O	
.	O	O	O	O	

Poi	O	O	O	O	
balzò	O	O	O	O	
in	O	O	O	O	
piedi	O	O	O	O	
e	O	O	O	O	
si	O	O	O	O	
guardò	O	O	O	O	
attorno	O	O	O	O	
smarritamente	O	O	O	O	
,	O	O	O	O	
come	O	O	O	O	
per	O	O	O	O	
salutare	O	O	O	O	
un	O	O	O	O	
'	O	O	O	O	
ultima	O	O	O	O	
volta	O	O	O	O	
le	O	O	O	O	
cose	O	O	O	O	
familiari	O	O	O	O	
che	O	O	O	O	
sapevano	O	O	O	O	
il	O	O	O	O	
suo	O	O	O	O	
amore	O	O	O	O	
,	O	O	O	O	
che	O	O	O	O	
lo	O	O	O	O	
avevano	O	O	O	O	
per	O	O	O	O	
tanto	O	O	O	O	
tempo	O	O	O	O	
accolto	O	O	O	O	
e	O	O	O	O	
tutelato	O	O	O	O	
benigne	O	O	O	O	
.	O	O	O	O	

Il	O	O	O	O	
ritratto	O	O	O	O	
a	O	O	O	O	
pastello	O	O	O	O	
le	O	O	O	O	
ricambiò	O	O	O	O	
il	O	O	O	O	
suo	O	O	O	O	
sguardo	O	O	O	O	
accorato	O	O	O	O	
,	O	O	O	O	
la	O	O	O	O	
fissò	O	O	O	O	
con	O	O	O	O	
quegli	O	O	O	O	
occhi	O	O	O	O	
immensi	O	O	O	O	
e	O	O	O	O	
profondi	O	O	O	O	
che	O	O	O	O	
rassomigliavano	O	O	O	O	
ai	O	O	O	O	
suoi	O	O	O	O	
,	O	O	O	O	
ch	O	O	O	O	
'	O	O	O	O	
erano	O	O	O	O	
i	O	O	O	O	
suoi	O	O	O	O	
,	O	O	O	O	
parve	O	O	O	O	
dirle	O	O	O	O	
con	O	O	O	O	
taciturna	O	O	O	O	
angoscia	O	O	O	O	
:	O	O	O	O	
—	O	O	O	O	
E	O	O	O	O	
io	O	O	O	O	
resterò	O	O	O	O	
qui	O	O	O	O	
sola	O	O	O	O	
mentre	O	O	O	O	
tu	O	O	O	O	
andrai	O	O	O	O	
lontano	O	O	O	O	
.	O	O	O	O	

Quest	B-PER	O	O	O	
'	I-PER	O	O	O	
altra	I-PER	O	O	O	
te	I-PER	O	O	O	
stessa	I-PER	O	O	O	
rimarrà	O	O	O	O	
qui	O	O	O	O	
,	O	O	O	O	
vedrà	O	O	O	O	
forse	O	O	O	O	
un	O	O	O	O	
amore	O	O	O	O	
che	O	O	O	O	
non	O	O	O	O	
sarà	O	O	O	O	
più	O	O	O	O	
il	O	O	O	O	
tuo	O	O	O	O	
,	O	O	O	O	
assisterà	O	O	O	O	
a	O	O	O	O	
una	O	O	O	O	
gioia	O	O	O	O	
e	O	O	O	O	
a	O	O	O	O	
un	O	O	O	O	
dolore	O	O	O	O	
che	O	O	O	O	
ti	O	O	O	O	
saranno	O	O	O	O	
ignoti	O	O	O	O	
,	O	O	O	O	
soffrirà	O	O	O	O	
dell	O	O	O	O	
'	O	O	O	O	
inganno	O	O	O	O	
e	O	O	O	O	
del	O	O	O	O	
tradimento	O	O	O	O	
e	O	O	O	O	
non	O	O	O	O	
potrà	O	O	O	O	
non	O	O	O	O	
guardare	O	O	O	O	
,	O	O	O	O	
non	O	O	O	O	
potrà	O	O	O	O	
chiudere	O	O	O	O	
i	O	O	O	O	
suoi	O	O	O	O	
occhi	O	O	O	O	
immensi	O	O	O	O	
e	O	O	O	O	
profondi	O	O	O	O	
.	O	O	O	O	

Dovrà	O	O	O	O	
vedere	O	O	O	O	
,	O	O	O	O	
sapere	O	O	O	O	
e	O	O	O	O	
sarai	O	O	O	O	
tu	O	O	O	O	
che	O	O	O	O	
vedrai	O	O	O	O	
e	O	O	O	O	
saprai	O	O	O	O	
.	O	O	O	O	

Allora	O	O	O	O	
Ottavia	B-PER	O	O	O	
Dimauro	I-PER	O	O	O	
salì	O	O	O	O	
sul	O	O	O	O	
divano	O	O	O	O	
giallo	O	O	O	O	
,	O	O	O	O	
sciolse	O	O	O	O	
il	O	O	O	O	
cordone	O	O	O	O	
d	O	O	O	O	
'	O	O	O	O	
oro	O	O	O	O	
che	O	O	O	O	
assicurava	O	O	O	O	
alla	O	O	O	O	
parete	O	O	O	O	
il	O	O	O	O	
quadro	O	O	O	O	
e	O	O	O	O	
lo	O	O	O	O	
discese	O	O	O	O	
cautamente	O	O	O	O	
,	O	O	O	O	
cautamente	O	O	O	O	
lo	O	O	O	O	
depose	O	O	O	O	
a	O	O	O	O	
terra	O	O	O	O	
,	O	O	O	O	
sul	O	O	O	O	
tappeto	O	O	O	O	
persiano	O	O	O	O	
.	O	O	O	O	

Il	O	O	O	O	
cristallo	O	O	O	O	
terso	O	O	O	O	
e	O	O	O	O	
sottile	O	O	O	O	
che	O	O	O	O	
proteggeva	O	O	O	O	
la	O	O	O	O	
figura	O	O	O	O	
scintillò	O	O	O	O	
sotto	O	O	O	O	
la	O	O	O	O	
luce	O	O	O	O	
intensa	O	O	O	O	
delle	O	O	O	O	
lampade	O	O	O	O	
ed	O	O	O	O	
ella	O	O	O	O	
posò	O	O	O	O	
il	O	O	O	O	
piede	O	O	O	O	
su	O	O	O	O	
quegli	O	O	O	O	
occhi	O	O	O	O	
che	O	O	O	O	
la	O	O	O	O	
guardavano	O	O	O	O	
ancora	O	O	O	O	
,	O	O	O	O	
ve	O	O	O	O	
lo	O	O	O	O	
premette	O	O	O	O	
con	O	O	O	O	
tutto	O	O	O	O	
il	O	O	O	O	
suo	O	O	O	O	
peso	O	O	O	O	
,	O	O	O	O	
con	O	O	O	O	
tutta	O	O	O	O	
la	O	O	O	O	
sua	O	O	O	O	
forza	O	O	O	O	
.	O	O	O	O	

