Clotilde	B-PER	O	O	O	
entrò	O	O	O	O	
un	O	O	O	O	
poco	O	O	O	O	
sbadatamente	O	O	O	O	
,	O	O	O	O	
cantando	O	O	O	O	
,	O	O	O	O	
nel	O	O	O	O	
salotto	O	B-FAC	O	O	
terreno	O	I-FAC	O	O	
della	O	I-FAC	O	O	
villetta	B-FAC	I-FAC	O	O	
dove	O	O	O	O	
accanto	O	O	O	O	
alla	O	O	O	O	
nonna	B-PER	O	O	O	
che	O	O	O	O	
raccomodava	O	O	O	O	
il	O	O	O	O	
bucato	O	O	O	O	
,	O	O	O	O	
suo	B-PER	O	O	O	
fratello	I-PER	O	O	O	
declamava	O	O	O	O	
con	O	O	O	O	
molto	O	O	O	O	
fervore	O	O	O	O	
,	O	O	O	O	
leggendo	O	O	O	O	
.	O	O	O	O	

C	O	O	O	O	
'	O	O	O	O	
era	O	O	O	O	
anche	O	O	O	O	
il	O	O	O	O	
loro	B-PER	O	O	O	
vicino	I-PER	O	O	O	
,	I-PER	O	O	O	
l	I-PER	O	O	O	
'	I-PER	O	O	O	
avvocato	I-PER	O	O	O	
Dardanelli	I-PER	O	O	O	
.	O	O	O	O	

—	O	O	O	O	
Ssss	O	O	O	O	
!	O	O	O	O	

—	O	O	O	O	
le	O	O	O	O	
fece	O	O	O	O	
questi	O	O	O	O	
con	O	O	O	O	
un	O	O	O	O	
'	O	O	O	O	
energia	O	O	O	O	
così	O	O	O	O	
brusca	O	O	O	O	
che	O	O	O	O	
la	O	O	O	O	
inchiodò	O	O	O	O	
sulla	O	O	O	O	
soglia	O	O	O	O	
,	O	O	O	O	
muta	O	O	O	O	
,	O	O	O	O	
sorpresa	O	O	O	O	
.	O	O	O	O	

Ma	O	O	O	O	
Roberto	B-PER	O	O	O	
aveva	O	O	O	O	
già	O	O	O	O	
lasciato	O	O	O	O	
ricascare	O	O	O	O	
sulle	O	O	O	O	
ginocchia	O	O	O	O	
le	O	O	O	O	
mani	O	O	O	O	
,	O	O	O	O	
che	O	O	O	O	
reggevano	O	O	O	O	
il	O	O	O	O	
manoscritto	O	O	O	O	
,	O	O	O	O	
in	O	O	O	O	
atto	O	O	O	O	
di	O	O	O	O	
scoraggiamento	O	O	O	O	
.	O	O	O	O	

—	O	O	O	O	
Quella	O	O	O	O	
sgarbataggine	O	O	O	O	
...	O	O	O	O	
—	O	O	O	O	
cominciò	O	O	O	O	
a	O	O	O	O	
rimproverare	O	O	O	O	
seccamente	O	O	O	O	
la	B-PER	O	O	O	
nonna	I-PER	O	O	O	
,	O	O	O	O	
levando	O	O	O	O	
la	O	O	O	O	
testa	O	O	O	O	
piccina	O	O	O	O	
e	O	O	O	O	
ossuta	O	O	O	O	
dall	O	O	O	O	
'	O	O	O	O	
enorme	O	O	O	O	
lenzuolo	O	O	O	O	
che	O	O	O	O	
la	O	O	O	O	
seppelliva	O	O	O	O	
ammonticchiandosi	O	O	O	O	
su	O	O	O	O	
una	O	O	O	O	
sedia	O	O	O	O	
di	O	O	O	O	
contro	O	O	O	O	
.	O	O	O	O	

E	O	O	O	O	
dopo	O	O	O	O	
un	O	O	O	O	
momento	O	O	O	O	
di	O	O	O	O	
silenzio	O	O	O	O	
generale	O	O	O	O	
disse	O	O	O	O	
a	O	O	O	O	
Roberto	B-PER	O	O	O	
,	O	O	O	O	
guardandolo	O	O	O	O	
attraverso	O	O	O	O	
gli	O	O	O	O	
occhiali	O	O	O	O	
amorosamente	O	O	O	O	
:	O	O	O	O	
—	O	O	O	O	
Continua	O	O	O	O	
.	O	O	O	O	

—	O	O	O	O	
No	O	O	O	O	
,	O	O	O	O	
è	O	O	O	O	
inutile	O	O	O	O	
,	O	O	O	O	
—	O	O	O	O	
mormorò	O	O	O	O	
il	B-PER	O	O	O	
giovane	I-PER	O	O	O	
con	O	O	O	O	
languore	O	O	O	O	
annoiato	O	O	O	O	
;	O	O	O	O	
—	O	O	O	O	
già	O	O	O	O	
a	O	O	O	O	
me	O	O	O	O	
quella	O	O	O	O	
spensieratezza	O	O	O	O	
ignorante	O	O	O	O	
mi	O	O	O	O	
fa	O	O	O	O	
sempre	O	O	O	O	
l	O	O	O	O	
'	O	O	O	O	
effetto	O	O	O	O	
di	O	O	O	O	
una	O	O	O	O	
secchia	O	O	O	O	
d	O	O	O	O	
'	O	O	O	O	
acqua	O	O	O	O	
sul	O	O	O	O	
capo	O	O	O	O	
.	O	O	O	O	

—	O	O	O	O	
E	O	O	O	O	
corrugò	O	O	O	O	
le	O	O	O	O	
sopracciglia	O	O	O	O	
,	O	O	O	O	
passandosi	O	O	O	O	
una	O	O	O	O	
mano	O	O	O	O	
fra	O	O	O	O	
i	O	O	O	O	
capelli	O	O	O	O	
biondi	O	O	O	O	
e	O	O	O	O	
fluenti	O	O	O	O	
,	O	O	O	O	
come	O	O	O	O	
se	O	O	O	O	
la	O	O	O	O	
secchia	O	O	O	O	
lo	O	O	O	O	
avesse	O	O	O	O	
inaffiato	O	O	O	O	
davvero	O	O	O	O	
.	O	O	O	O	

—	O	O	O	O	
Io	O	O	O	O	
son	O	O	O	O	
fatto	O	O	O	O	
così	O	O	O	O	
,	O	O	O	O	
che	O	O	O	O	
vuole	O	O	O	O	
?	O	O	O	O	

—	O	O	O	O	
riprese	O	O	O	O	
sorridendo	O	O	O	O	
a	O	O	O	O	
fior	O	O	O	O	
di	O	O	O	O	
labbra	O	O	O	O	
all	O	O	O	O	
'	O	O	O	O	
avvocato	B-PER	O	O	O	
e	O	O	O	O	
alla	O	O	O	O	
nonna	B-PER	O	O	O	
che	O	O	O	O	
lo	O	O	O	O	
guardavano	O	O	O	O	
costernati	O	O	O	O	
;	O	O	O	O	
—	O	O	O	O	
un	O	O	O	O	
nonnulla	O	O	O	O	
,	O	O	O	O	
in	O	O	O	O	
certi	O	O	O	O	
momenti	O	O	O	O	
di	O	O	O	O	
emozione	O	O	O	O	
artistica	O	O	O	O	
intensa	O	O	O	O	
,	O	O	O	O	
basta	O	O	O	O	
a	O	O	O	O	
smontarmi	O	O	O	O	
,	O	O	O	O	
a	O	O	O	O	
prostrarmi	O	O	O	O	
per	O	O	O	O	
chi	O	O	O	O	
sa	O	O	O	O	
quanto	O	O	O	O	
...	O	O	O	O	
—	O	O	O	O	
E	O	O	O	O	
dopo	O	O	O	O	
un	O	O	O	O	
guizzo	O	O	O	O	
nervoso	O	O	O	O	
piegò	O	O	O	O	
il	O	O	O	O	
manoscritto	O	O	O	O	
dispettosamente	O	O	O	O	
e	O	O	O	O	
si	O	O	O	O	
levò	O	O	O	O	
.	O	O	O	O	

—	O	O	O	O	
Questi	B-PER	O	O	O	
poeti	I-PER	O	O	O	
moderni	I-PER	O	O	O	
sono	O	O	O	O	
pile	O	O	O	O	
di	O	O	O	O	
Volta	O	O	O	O	
,	O	O	O	O	
—	O	O	O	O	
osservò	O	O	O	O	
blandendo	O	O	O	O	
l	B-PER	O	O	O	
'	I-PER	O	O	O	
avvocato	I-PER	O	O	O	
,	O	O	O	O	
mentre	O	O	O	O	
la	B-PER	O	O	O	
nonna	I-PER	O	O	O	
continuava	O	O	O	O	
a	O	O	O	O	
fissar	O	O	O	O	
Roberto	B-PER	O	O	O	
con	O	O	O	O	
un	O	O	O	O	
po	O	O	O	O	
'	O	O	O	O	
d	O	O	O	O	
'	O	O	O	O	
inquietudine	O	O	O	O	
.	O	O	O	O	

—	O	O	O	O	
Se	O	O	O	O	
avessi	O	O	O	O	
immaginato	O	O	O	O	
,	O	O	O	O	
—	O	O	O	O	
entrò	O	O	O	O	
a	O	O	O	O	
dire	O	O	O	O	
la	B-PER	O	O	O	
ragazza	I-PER	O	O	O	
punto	O	O	O	O	
intimidita	O	O	O	O	
,	O	O	O	O	
—	O	O	O	O	
non	O	O	O	O	
sarei	O	O	O	O	
certo	O	O	O	O	
comparsa	O	O	O	O	
e	O	O	O	O	
,	O	O	O	O	
se	O	O	O	O	
volete	O	O	O	O	
,	O	O	O	O	
me	O	O	O	O	
ne	O	O	O	O	
vado	O	O	O	O	
...	O	O	O	O	
Roberto	B-PER	O	O	O	
fece	O	O	O	O	
una	O	O	O	O	
mossaccia	O	O	O	O	
ed	O	O	O	O	
uscì	O	O	O	O	
.	O	O	O	O	

—	O	O	O	O	
Ci	O	O	O	O	
siamo	O	O	O	O	
!	O	O	O	O	

—	O	O	O	O	
sbuffò	O	O	O	O	
la	B-PER	O	O	O	
vecchina	I-PER	O	O	O	
.	O	O	O	O	

—	O	O	O	O	
Tu	O	O	O	O	
,	O	O	O	O	
cara	B-PER	O	O	O	
Clotilde	I-PER	O	O	O	
,	O	O	O	O	
fai	O	O	O	O	
e	O	O	O	O	
dici	O	O	O	O	
sempre	O	O	O	O	
delle	O	O	O	O	
sciocchezze	O	O	O	O	
.	O	O	O	O	

Mi	O	O	O	O	
pare	O	O	O	O	
che	O	O	O	O	
oramai	O	O	O	O	
dovresti	O	O	O	O	
conoscere	O	O	O	O	
tuo	B-PER	O	O	O	
fratello	I-PER	O	O	O	
.	O	O	O	O	

Già	O	O	O	O	
,	O	O	O	O	
non	O	O	O	O	
c	O	O	O	O	
'	O	O	O	O	
è	O	O	O	O	
rimedio	O	O	O	O	
,	O	O	O	O	
ci	O	O	O	O	
vogliono	O	O	O	O	
dei	O	O	O	O	
riguardi	O	O	O	O	
...	O	O	O	O	
Quella	B-PER	O	O	O	
gente	I-PER	O	O	O	
là	O	O	O	O	
non	O	O	O	O	
è	O	O	O	O	
come	O	O	O	O	
noi	O	O	O	O	
,	O	O	O	O	
è	O	O	O	O	
fatta	O	O	O	O	
ad	O	O	O	O	
un	O	O	O	O	
altro	O	O	O	O	
modo	O	O	O	O	
,	O	O	O	O	
vive	O	O	O	O	
in	O	O	O	O	
tutt	O	O	O	O	
'	O	O	O	O	
altro	O	O	O	O	
mondo	O	O	O	O	
.	O	O	O	O	

Con	O	O	O	O	
tutte	O	O	O	O	
quelle	O	O	O	O	
idee	O	O	O	O	
nel	O	O	O	O	
cervello	O	O	O	O	
,	O	O	O	O	
sfido	O	O	O	O	
io	O	O	O	O	
!	O	O	O	O	

E	O	O	O	O	
pur	O	O	O	O	
troppo	O	O	O	O	
in	O	O	O	O	
ogni	O	O	O	O	
tempo	O	O	O	O	
e	O	O	O	O	
in	O	O	O	O	
ogni	O	O	O	O	
luogo	O	O	O	O	
ci	O	O	O	O	
fu	O	O	O	O	
e	O	O	O	O	
c	O	O	O	O	
'	O	O	O	O	
è	O	O	O	O	
qualcuno	B-PER	O	O	O	
che	I-PER	O	O	O	
li	I-PER	O	O	O	
disconosce	I-PER	O	O	O	
,	O	O	O	O	
che	O	O	O	O	
li	O	O	O	O	
deride	O	O	O	O	
...	O	O	O	O	
Pare	O	O	O	O	
impossibile	O	O	O	O	
!	O	O	O	O	

Roberto	B-PER	O	O	O	
,	O	O	O	O	
che	O	O	O	O	
,	O	O	O	O	
per	O	O	O	O	
buona	O	O	O	O	
sorte	O	O	O	O	
,	O	O	O	O	
è	O	O	O	O	
cresciuto	O	O	O	O	
in	O	O	O	O	
un	O	O	O	O	
ambiente	O	O	O	O	
dove	O	O	O	O	
tutti	B-PER	O	O	O	
lo	O	O	O	O	
apprezzano	O	O	O	O	
e	O	O	O	O	
lo	O	O	O	O	
ammirano	O	O	O	O	
,	O	O	O	O	
deve	O	O	O	O	
aver	O	O	O	O	
per	O	O	O	O	
sorella	B-PER	O	O	O	
quella	I-PER	O	O	O	
monellaccia	I-PER	O	O	O	
là	O	O	O	O	
che	O	O	O	O	
non	O	O	O	O	
capisce	O	O	O	O	
niente	O	O	O	O	
....	O	O	O	O	
Clotilde	B-PER	O	O	O	
non	O	O	O	O	
sorrise	O	O	O	O	
e	O	O	O	O	
continuò	O	O	O	O	
a	O	O	O	O	
tagliarsi	O	O	O	O	
le	O	O	O	O	
unghie	O	O	O	O	
con	O	O	O	O	
le	O	O	O	O	
forbici	O	O	O	O	
della	O	O	O	O	
nonna	B-PER	O	O	O	
,	O	O	O	O	
ritta	O	O	O	O	
in	O	O	O	O	
faccia	O	O	O	O	
a	O	O	O	O	
lei	O	O	O	O	
,	O	O	O	O	
contro	O	O	O	O	
lo	O	O	O	O	
stipite	O	O	O	O	
della	O	O	O	O	
porta	O	O	O	O	
che	O	O	O	O	
s	O	O	O	O	
'	O	O	O	O	
apriva	O	O	O	O	
sul	O	O	O	O	
giardino	B-FAC	O	O	O	
,	O	O	O	O	
più	O	O	O	O	
seccata	O	O	O	O	
dalla	O	O	O	O	
presenza	O	O	O	O	
e	O	O	O	O	
dagli	O	O	O	O	
sguardi	O	O	O	O	
dell	O	O	O	O	
'	O	O	O	O	
avvocato	B-PER	O	O	O	
,	O	O	O	O	
che	O	O	O	O	
dalla	O	O	O	O	
ramanzina	O	O	O	O	
della	O	O	O	O	
signora	B-PER	O	O	O	
Rita	I-PER	O	O	O	
.	O	O	O	O	

Gli	O	O	O	O	
occhi	O	O	O	O	
di	O	O	O	O	
Dardanelli	B-PER	O	O	O	
,	O	O	O	O	
tondi	O	O	O	O	
,	O	O	O	O	
piccoli	O	O	O	O	
,	O	O	O	O	
bruni	O	O	O	O	
,	O	O	O	O	
maliziosi	O	O	O	O	
nel	O	O	O	O	
faccione	O	O	O	O	
paffuto	O	O	O	O	
,	O	O	O	O	
quegli	O	O	O	O	
occhi	O	O	O	O	
impuri	O	O	O	O	
che	O	O	O	O	
parevano	O	O	O	O	
denudarle	O	O	O	O	
corpo	O	O	O	O	
e	O	O	O	O	
anima	O	O	O	O	
,	O	O	O	O	
la	O	O	O	O	
urtavano	O	O	O	O	
terribilmente	O	O	O	O	
.	O	O	O	O	

Quindi	O	O	O	O	
con	O	O	O	O	
bel	O	O	O	O	
garbo	O	O	O	O	
gli	O	O	O	O	
voltò	O	O	O	O	
le	O	O	O	O	
spalle	O	O	O	O	
,	O	O	O	O	
borbottando	O	O	O	O	
più	O	O	O	O	
per	O	O	O	O	
disimpegno	O	O	O	O	
che	O	O	O	O	
per	O	O	O	O	
altro	O	O	O	O	
:	O	O	O	O	
—	O	O	O	O	
Roberto	B-PER	O	O	O	
posa	O	O	O	O	
,	O	O	O	O	
nonna	B-PER	O	O	O	
mia	I-PER	O	O	O	
...	O	O	O	O	
—	O	O	O	O	
Sentite	O	O	O	O	
chi	O	O	O	O	
parla	O	O	O	O	
di	O	O	O	O	
pose	O	O	O	O	
!	O	O	O	O	

—	O	O	O	O	
esclamò	O	O	O	O	
la	B-PER	O	O	O	
nonna	I-PER	O	O	O	
con	O	O	O	O	
un	O	O	O	O	
atto	O	O	O	O	
di	O	O	O	O	
desolata	O	O	O	O	
meraviglia	O	O	O	O	
.	O	O	O	O	

—	O	O	O	O	
Chi	O	O	O	O	
parla	O	O	O	O	
di	O	O	O	O	
pose	O	O	O	O	
!	O	O	O	O	

L	O	O	O	O	
'	O	O	O	O	
ha	O	O	O	O	
intesa	O	O	O	O	
,	O	O	O	O	
avvocato	B-PER	O	O	O	
?	O	O	O	O	

Lei	O	O	O	O	
che	O	O	O	O	
fa	O	O	O	O	
la	B-PER	O	O	O	
donna	I-PER	O	O	O	
emancipata	I-PER	O	O	O	
a	O	O	O	O	
quel	O	O	O	O	
modo	O	O	O	O	
!	O	O	O	O	

Lei	O	O	O	O	
che	O	O	O	O	
ha	O	O	O	O	
suscitato	O	O	O	O	
un	O	O	O	O	
mezzo	O	O	O	O	
scandalo	O	O	O	O	
con	O	O	O	O	
la	O	O	O	O	
fissazione	O	O	O	O	
di	O	O	O	O	
quegli	O	O	O	O	
studii	O	O	O	O	
...	O	O	O	O	
Zitta	O	O	O	O	
,	O	O	O	O	
zitta	O	O	O	O	
per	O	O	O	O	
carità	O	O	O	O	
!	O	O	O	O	

Clotilde	B-PER	O	O	O	
sorrise	O	O	O	O	
,	O	O	O	O	
questa	O	O	O	O	
volta	O	O	O	O	
,	O	O	O	O	
continuando	O	O	O	O	
a	O	O	O	O	
rimaner	O	O	O	O	
voltata	O	O	O	O	
in	O	O	O	O	
là	O	O	O	O	
a	O	O	O	O	
capo	O	O	O	O	
chino	O	O	O	O	
.	O	O	O	O	

Intanto	O	O	O	O	
l	B-PER	O	O	O	
'	I-PER	O	O	O	
avvocato	I-PER	O	O	O	
mangiava	O	O	O	O	
cogli	O	O	O	O	
occhi	O	O	O	O	
quelle	O	O	O	O	
spalle	O	O	O	O	
svelte	O	O	O	O	
,	O	O	O	O	
quella	O	O	O	O	
vita	O	O	O	O	
sottile	O	O	O	O	
,	O	O	O	O	
tutto	O	O	O	O	
quel	O	O	O	O	
bel	O	O	O	O	
corpo	O	O	O	O	
giovanile	O	O	O	O	
e	O	O	O	O	
fiorente	O	O	O	O	
costretto	O	O	O	O	
nell	O	O	O	O	
'	O	O	O	O	
abito	O	O	O	O	
nero	O	O	O	O	
da	O	O	O	O	
cui	O	O	O	O	
usciva	O	O	O	O	
libero	O	O	O	O	
e	O	O	O	O	
nudo	O	O	O	O	
il	O	O	O	O	
collo	O	O	O	O	
fresco	O	O	O	O	
,	O	O	O	O	
velato	O	O	O	O	
di	O	O	O	O	
capelli	O	O	O	O	
biondicci	O	O	O	O	
sfuggenti	O	O	O	O	
al	O	O	O	O	
voluminoso	O	O	O	O	
nodo	O	O	O	O	
fissato	O	O	O	O	
con	O	O	O	O	
uno	O	O	O	O	
spillo	O	O	O	O	
d	O	O	O	O	
'	O	O	O	O	
argento	O	O	O	O	
sulla	O	O	O	O	
sommità	O	O	O	O	
del	O	O	O	O	
capo	O	O	O	O	
.	O	O	O	O	

—	O	O	O	O	
Va	O	O	O	O	
là	O	O	O	O	
col	O	O	O	O	
tuo	O	O	O	O	
tanfo	O	O	O	O	
d	O	O	O	O	
'	O	O	O	O	
acido	O	O	O	O	
fenico	O	O	O	O	
—	O	O	O	O	
brontolò	O	O	O	O	
la	B-PER	O	O	O	
nonna	I-PER	O	O	O	
con	O	O	O	O	
disgusto	O	O	O	O	
.	O	O	O	O	

—	O	O	O	O	
Non	O	O	O	O	
mi	O	O	O	O	
ci	O	O	O	O	
avvezzerò	O	O	O	O	
mai	O	O	O	O	
.	O	O	O	O	

Clotilde	B-PER	O	O	O	
scese	O	O	O	O	
il	O	O	O	O	
gradino	O	O	O	O	
di	O	O	O	O	
pietra	O	O	O	O	
e	O	O	O	O	
fece	O	O	O	O	
qualche	O	O	O	O	
passo	O	O	O	O	
nel	O	O	O	O	
giardino	B-FAC	O	O	O	
verde	I-FAC	O	O	O	
,	I-FAC	O	O	O	
fiorito	I-FAC	O	O	O	
,	I-FAC	O	O	O	
odoroso	I-FAC	O	O	O	
.	O	O	O	O	

Era	O	O	O	O	
un	O	O	O	O	
tramonto	O	O	O	O	
di	O	O	O	O	
primavera	O	O	O	O	
,	O	O	O	O	
roseo	O	O	O	O	
,	O	O	O	O	
diffuso	O	O	O	O	
,	O	O	O	O	
come	O	O	O	O	
un	O	O	O	O	
'	O	O	O	O	
aurora	O	O	O	O	
.	O	O	O	O	

Ma	O	O	O	O	
la	B-PER	O	O	O	
nonna	I-PER	O	O	O	
la	O	O	O	O	
richiamò	O	O	O	O	
quasi	O	O	O	O	
subito	O	O	O	O	
,	O	O	O	O	
ed	O	O	O	O	
ella	O	O	O	O	
dovè	O	O	O	O	
voltarsi	O	O	O	O	
,	O	O	O	O	
tornare	O	O	O	O	
indietro	O	O	O	O	
.	O	O	O	O	

L	B-PER	O	O	O	
'	I-PER	O	O	O	
avvocato	I-PER	O	O	O	
la	O	O	O	O	
guardava	O	O	O	O	
avvicinarsi	O	O	O	O	
lenta	O	O	O	O	
,	O	O	O	O	
a	O	O	O	O	
capo	O	O	O	O	
chino	O	O	O	O	
,	O	O	O	O	
occupata	O	O	O	O	
sempre	O	O	O	O	
delle	O	O	O	O	
sue	O	O	O	O	
unghie	O	O	O	O	
,	O	O	O	O	
spiccando	O	O	O	O	
nettamente	O	O	O	O	
nella	O	O	O	O	
limpidità	O	O	O	O	
dell	O	O	O	O	
'	O	O	O	O	
aria	O	O	O	O	
;	O	O	O	O	
un	O	O	O	O	
ultimo	O	O	O	O	
raggio	O	O	O	O	
d	O	O	O	O	
'	O	O	O	O	
oro	O	O	O	O	
rosso	O	O	O	O	
le	O	O	O	O	
ravvivava	O	O	O	O	
il	O	O	O	O	
biondo	O	O	O	O	
scuro	O	O	O	O	
dei	O	O	O	O	
capelli	O	O	O	O	
.	O	O	O	O	

Si	O	O	O	O	
fermò	O	O	O	O	
a	O	O	O	O	
piè	O	O	O	O	
dello	O	O	O	O	
scalino	O	O	O	O	
senza	O	O	O	O	
sollevare	O	O	O	O	
il	O	O	O	O	
viso	O	O	O	O	
nè	O	O	O	O	
gli	O	O	O	O	
occhi	O	O	O	O	
;	O	O	O	O	
era	O	O	O	O	
assai	O	O	O	O	
pallida	O	O	O	O	
,	O	O	O	O	
sbattuta	O	O	O	O	
,	O	O	O	O	
e	O	O	O	O	
le	O	O	O	O	
lentiggini	O	O	O	O	
della	O	O	O	O	
sua	O	O	O	O	
pelle	O	O	O	O	
fina	O	O	O	O	
apparivano	O	O	O	O	
tutte	O	O	O	O	
su	O	O	O	O	
su	O	O	O	O	
fino	O	O	O	O	
nella	O	O	O	O	
fronte	O	O	O	O	
,	O	O	O	O	
che	O	O	O	O	
i	O	O	O	O	
capelli	O	O	O	O	
rialzati	O	O	O	O	
alla	O	O	O	O	
giapponese	O	O	O	O	
lasciavano	O	O	O	O	
scoperta	O	O	O	O	
.	O	O	O	O	

—	O	O	O	O	
Signora	B-PER	O	O	O	
medichessa	I-PER	O	O	O	
,	O	O	O	O	
faccia	O	O	O	O	
il	O	O	O	O	
piacere	O	O	O	O	
di	O	O	O	O	
terminare	O	O	O	O	
quest	O	O	O	O	
'	O	O	O	O	
orlo	O	O	O	O	
intanto	O	O	O	O	
—	O	O	O	O	
disse	O	O	O	O	
più	O	O	O	O	
ironica	O	O	O	O	
che	O	O	O	O	
scherzosa	O	O	O	O	
la	B-PER	O	O	O	
nonna	I-PER	O	O	O	
cedendole	O	O	O	O	
il	O	O	O	O	
suo	O	O	O	O	
posto	O	O	O	O	
accanto	O	O	O	O	
alla	O	O	O	O	
finestra	O	O	O	O	
,	O	O	O	O	
e	O	O	O	O	
uscì	O	O	O	O	
.	O	O	O	O	

La	B-PER	O	O	O	
ragazza	I-PER	O	O	O	
sedette	O	O	O	O	
un	O	O	O	O	
tantino	O	O	O	O	
soprapensieri	O	O	O	O	
e	O	O	O	O	
si	O	O	O	O	
tirò	O	O	O	O	
metà	O	O	O	O	
del	O	O	O	O	
lenzuolo	O	O	O	O	
sulle	O	O	O	O	
ginocchia	O	O	O	O	
.	O	O	O	O	

Poi	O	O	O	O	
si	O	O	O	O	
avvide	O	O	O	O	
di	O	O	O	O	
esser	O	O	O	O	
troppo	O	O	O	O	
vicina	O	O	O	O	
all	O	O	O	O	
'	O	O	O	O	
avvocato	B-PER	O	O	O	
e	O	O	O	O	
con	O	O	O	O	
un	O	O	O	O	
moto	O	O	O	O	
quasi	O	O	O	O	
di	O	O	O	O	
ripugnanza	O	O	O	O	
ritrasse	O	O	O	O	
la	O	O	O	O	
scranna	O	O	O	O	
fin	O	O	O	O	
sull	O	O	O	O	
'	O	O	O	O	
estremo	O	O	O	O	
dello	O	O	O	O	
scalino	O	O	O	O	
di	O	O	O	O	
pietra	O	O	O	O	
.	O	O	O	O	

—	O	O	O	O	
Perchè	O	O	O	O	
s	O	O	O	O	
'	O	O	O	O	
allontana	O	O	O	O	
?	O	O	O	O	

—	O	O	O	O	
le	O	O	O	O	
chiese	O	O	O	O	
Dardanelli	B-PER	O	O	O	
con	O	O	O	O	
la	O	O	O	O	
sua	O	O	O	O	
voce	O	O	O	O	
fessa	O	O	O	O	
e	O	O	O	O	
nasale	O	O	O	O	
che	O	O	O	O	
aveva	O	O	O	O	
una	O	O	O	O	
intonazione	O	O	O	O	
di	O	O	O	O	
dolcezza	O	O	O	O	
.	O	O	O	O	

—	O	O	O	O	
Cerco	O	O	O	O	
la	O	O	O	O	
luce	O	O	O	O	
,	O	O	O	O	
non	O	O	O	O	
lo	O	O	O	O	
sa	O	O	O	O	
che	O	O	O	O	
sono	O	O	O	O	
miope	O	O	O	O	
?	O	O	O	O	

—	O	O	O	O	
e	O	O	O	O	
il	O	O	O	O	
volto	O	O	O	O	
di	O	O	O	O	
Clotilde	B-PER	O	O	O	
si	O	O	O	O	
colorì	O	O	O	O	
leggermente	O	O	O	O	
,	O	O	O	O	
fuggevolmente	O	O	O	O	
.	O	O	O	O	

—	O	O	O	O	
Non	O	O	O	O	
sarebbe	O	O	O	O	
una	O	O	O	O	
qualità	O	O	O	O	
per	O	O	O	O	
una	B-PER	O	O	O	
medichessa	I-PER	O	O	O	
,	O	O	O	O	
—	O	O	O	O	
seguitò	O	O	O	O	
l	B-PER	O	O	O	
'	I-PER	O	O	O	
avvocato	I-PER	O	O	O	
,	O	O	O	O	
accostando	O	O	O	O	
ancora	O	O	O	O	
la	O	O	O	O	
sua	O	O	O	O	
sedia	O	O	O	O	
a	O	O	O	O	
quella	O	O	O	O	
di	O	O	O	O	
lei	O	O	O	O	
.	O	O	O	O	

—	O	O	O	O	
Non	O	O	O	O	
mi	O	O	O	O	
chiami	O	O	O	O	
così	O	O	O	O	
,	O	O	O	O	
la	O	O	O	O	
prego	O	O	O	O	
!	O	O	O	O	

—	O	O	O	O	
Ell	O	O	O	O	
'	O	O	O	O	
era	O	O	O	O	
quasi	O	O	O	O	
supplichevole	O	O	O	O	
.	O	O	O	O	

—	O	O	O	O	
Peno	O	O	O	O	
abbastanza	O	O	O	O	
a	O	O	O	O	
sopportare	O	O	O	O	
tutti	O	O	O	O	
i	O	O	O	O	
giorni	O	O	O	O	
le	O	O	O	O	
canzonature	O	O	O	O	
stizzose	O	O	O	O	
della	O	O	O	O	
nonna	B-PER	O	O	O	
e	O	O	O	O	
le	O	O	O	O	
smorfie	O	O	O	O	
sprezzanti	O	O	O	O	
di	O	O	O	O	
Roberto	B-PER	O	O	O	
,	O	O	O	O	
senza	O	O	O	O	
contare	O	O	O	O	
tutta	B-PER	O	O	O	
la	I-PER	O	O	O	
buona	I-PER	O	O	O	
gente	I-PER	O	O	O	
che	O	O	O	O	
scandalizzo	O	O	O	O	
e	O	O	O	O	
che	O	O	O	O	
mi	O	O	O	O	
regala	O	O	O	O	
le	O	O	O	O	
sue	O	O	O	O	
meraviglie	O	O	O	O	
,	O	O	O	O	
le	O	O	O	O	
sue	O	O	O	O	
disapprovazioni	O	O	O	O	
,	O	O	O	O	
i	O	O	O	O	
suoi	O	O	O	O	
consigli	O	O	O	O	
...	O	O	O	O	
Come	O	O	O	O	
se	O	O	O	O	
non	O	O	O	O	
sapessi	O	O	O	O	
ancora	O	O	O	O	
ciò	O	O	O	O	
che	O	O	O	O	
faccio	O	O	O	O	
,	O	O	O	O	
come	O	O	O	O	
se	O	O	O	O	
fosse	O	O	O	O	
peccato	O	O	O	O	
...	O	O	O	O	
—	O	O	O	O	
La	O	O	O	O	
sua	O	O	O	O	
voce	O	O	O	O	
oscillava	O	O	O	O	
.	O	O	O	O	

—	O	O	O	O	
E	O	O	O	O	
anche	O	O	O	O	
sua	B-PER	O	O	O	
moglie	I-PER	O	O	O	
,	O	O	O	O	
sa	O	O	O	O	
,	O	O	O	O	
anche	O	O	O	O	
lei	O	O	O	O	
...	O	O	O	O	
—	O	O	O	O	
Oh	O	O	O	O	
lasci	O	O	O	O	
stare	O	O	O	O	
mia	B-PER	O	O	O	
moglie	I-PER	O	O	O	
;	O	O	O	O	
è	O	O	O	O	
una	B-PER	O	O	O	
grulla	I-PER	O	O	O	
—	O	O	O	O	
s	O	O	O	O	
'	O	O	O	O	
affrettò	O	O	O	O	
a	O	O	O	O	
dire	O	O	O	O	
Dardanelli	B-PER	O	O	O	
,	O	O	O	O	
che	O	O	O	O	
le	O	O	O	O	
alitava	O	O	O	O	
il	O	O	O	O	
suo	O	O	O	O	
fiato	O	O	O	O	
caldo	O	O	O	O	
sul	O	O	O	O	
viso	O	O	O	O	
.	O	O	O	O	

—	O	O	O	O	
La	B-PER	O	O	O	
nonna	I-PER	O	O	O	
è	O	O	O	O	
una	B-PER	O	O	O	
vecchina	I-PER	O	O	O	
all	I-PER	O	O	O	
'	I-PER	O	O	O	
antica	I-PER	O	O	O	
.	O	O	O	O	

Roberto	B-PER	O	O	O	
è	O	O	O	O	
tanto	O	O	O	O	
nelle	O	O	O	O	
nuvole	O	O	O	O	
...	O	O	O	O	
A	O	O	O	O	
me	O	O	O	O	
invece	O	O	O	O	
piace	O	O	O	O	
che	O	O	O	O	
le	B-PER	O	O	O	
donne	I-PER	O	O	O	
,	O	O	O	O	
quando	O	O	O	O	
sono	O	O	O	O	
belle	O	O	O	O	
come	O	O	O	O	
lei	O	O	O	O	
,	O	O	O	O	
s	O	O	O	O	
'	O	O	O	O	
emancipino	O	O	O	O	
così	O	O	O	O	
.	O	O	O	O	

Se	O	O	O	O	
ci	O	O	O	O	
saranno	O	O	O	O	
molte	B-PER	O	O	O	
medichesse	I-PER	O	O	O	
come	O	O	O	O	
lei	O	O	O	O	
,	O	O	O	O	
vedremo	O	O	O	O	
i	B-PER	O	O	O	
medici	I-PER	O	O	O	
in	O	O	O	O	
liquidazione	O	O	O	O	
...	O	O	O	O	
e	O	O	O	O	
gli	B-PER	O	O	O	
ammalati	I-PER	O	O	O	
maschi	I-PER	O	O	O	
in	O	O	O	O	
aumento	O	O	O	O	
—	O	O	O	O	
finì	O	O	O	O	
sorridendo	O	O	O	O	
.	O	O	O	O	

Clotilde	B-PER	O	O	O	
sentì	O	O	O	O	
l	O	O	O	O	
'	O	O	O	O	
offesa	O	O	O	O	
e	O	O	O	O	
fece	O	O	O	O	
spalluccie	O	O	O	O	
.	O	O	O	O	

Dardanelli	B-PER	O	O	O	
le	O	O	O	O	
sfiorava	O	O	O	O	
la	B-PER	O	O	O	
persona	I-PER	O	O	O	
col	O	O	O	O	
suo	O	O	O	O	
corpo	O	O	O	O	
obeso	O	O	O	O	
.	O	O	O	O	

—	O	O	O	O	
Io	O	O	O	O	
ammalerò	O	O	O	O	
di	O	O	O	O	
certo	O	O	O	O	
...	O	O	O	O	
Se	O	O	O	O	
ammalerò	O	O	O	O	
verrà	O	O	O	O	
a	O	O	O	O	
curarmi	O	O	O	O	
?	O	O	O	O	

—	O	O	O	O	
le	O	O	O	O	
chiese	O	O	O	O	
ancora	O	O	O	O	
con	O	O	O	O	
la	O	O	O	O	
sua	O	O	O	O	
vocetta	O	O	O	O	
che	O	O	O	O	
si	O	O	O	O	
stemperava	O	O	O	O	
nella	O	O	O	O	
tenerezza	O	O	O	O	
.	O	O	O	O	

—	O	O	O	O	
Io	O	O	O	O	
no	O	O	O	O	
.	O	O	O	O	

Mi	O	O	O	O	
dedico	O	O	O	O	
alle	O	O	O	O	
malattie	O	O	O	O	
delle	O	O	O	O	
donne	B-PER	O	O	O	
e	O	O	O	O	
dei	O	O	O	O	
bambini	B-PER	O	O	O	
,	O	O	O	O	
lo	O	O	O	O	
sa	O	O	O	O	
pure	O	O	O	O	
...	O	O	O	O	
—	O	O	O	O	
cominciò	O	O	O	O	
lei	O	O	O	O	
,	O	O	O	O	
ruvida	O	O	O	O	
;	O	O	O	O	
ma	O	O	O	O	
s	O	O	O	O	
'	O	O	O	O	
interruppe	O	O	O	O	
con	O	O	O	O	
un	O	O	O	O	
sussulto	O	O	O	O	
.	O	O	O	O	

Il	O	O	O	O	
braccio	O	O	O	O	
di	O	O	O	O	
Dardanelli	B-PER	O	O	O	
le	O	O	O	O	
allacciava	O	O	O	O	
la	O	O	O	O	
vita	O	O	O	O	
.	O	O	O	O	

—	O	O	O	O	
Impazzisce	O	O	O	O	
?	O	O	O	O	

—	O	O	O	O	
gridò	O	O	O	O	
Clotilde	B-PER	O	O	O	
indignata	O	O	O	O	
,	O	O	O	O	
ribellandosi	O	O	O	O	
;	O	O	O	O	
—	O	O	O	O	
impazzisce	O	O	O	O	
?	O	O	O	O	

—	O	O	O	O	
E	O	O	O	O	
siccome	O	O	O	O	
l	B-PER	O	O	O	
'	I-PER	O	O	O	
avvocato	I-PER	O	O	O	
la	O	O	O	O	
stringeva	O	O	O	O	
più	O	O	O	O	
forte	O	O	O	O	
,	O	O	O	O	
essa	O	O	O	O	
con	O	O	O	O	
l	O	O	O	O	
'	O	O	O	O	
ago	O	O	O	O	
gli	O	O	O	O	
punse	O	O	O	O	
la	O	O	O	O	
mano	O	O	O	O	
,	O	O	O	O	
violentemente	O	O	O	O	
.	O	O	O	O	

Dardanelli	B-PER	O	O	O	
si	O	O	O	O	
ritirò	O	O	O	O	
subito	O	O	O	O	
con	O	O	O	O	
un	O	O	O	O	
moto	O	O	O	O	
frettoloso	O	O	O	O	
e	O	O	O	O	
grottesco	O	O	O	O	
,	O	O	O	O	
soffocando	O	O	O	O	
un	O	O	O	O	
'	O	O	O	O	
esclamazione	O	O	O	O	
di	O	O	O	O	
dolore	O	O	O	O	
.	O	O	O	O	

—	O	O	O	O	
Quanto	O	O	O	O	
male	O	O	O	O	
mi	O	O	O	O	
ha	O	O	O	O	
fatto	O	O	O	O	
!	O	O	O	O	

...	O	O	O	O	
—	O	O	O	O	
mormorò	O	O	O	O	
poi	O	O	O	O	
,	O	O	O	O	
occupandosi	O	O	O	O	
della	O	O	O	O	
puntura	O	O	O	O	
con	O	O	O	O	
quell	O	O	O	O	
'	O	O	O	O	
importanza	O	O	O	O	
esagerata	O	O	O	O	
e	O	O	O	O	
quell	O	O	O	O	
'	O	O	O	O	
inquietudine	O	O	O	O	
propria	O	O	O	O	
del	O	O	O	O	
sesso	O	O	O	O	
forte	O	O	O	O	
per	O	O	O	O	
le	O	O	O	O	
ferite	O	O	O	O	
di	O	O	O	O	
questa	O	O	O	O	
arma	O	O	O	O	
esclusivamente	O	O	O	O	
femminile	O	O	O	O	
,	O	O	O	O	
un	O	O	O	O	
'	O	O	O	O	
arma	O	O	O	O	
da	O	O	O	O	
silfo	O	O	O	O	
,	O	O	O	O	
fatta	O	O	O	O	
d	O	O	O	O	
'	O	O	O	O	
un	O	O	O	O	
minuzzolo	O	O	O	O	
di	O	O	O	O	
raggio	O	O	O	O	
siderale	O	O	O	O	
:	O	O	O	O	
—	O	O	O	O	
Guardi	O	O	O	O	
quanto	O	O	O	O	
sangue	O	O	O	O	
!	O	O	O	O	

lei	O	O	O	O	
che	O	O	O	O	
doveva	O	O	O	O	
guarirmi	O	O	O	O	
...	O	O	O	O	
—	O	O	O	O	
Ho	O	O	O	O	
imparato	O	O	O	O	
che	O	O	O	O	
si	O	O	O	O	
guarisce	O	O	O	O	
anche	O	O	O	O	
facendo	O	O	O	O	
del	O	O	O	O	
male	O	O	O	O	
,	O	O	O	O	
—	O	O	O	O	
ribattè	O	O	O	O	
la	B-PER	O	O	O	
ragazza	I-PER	O	O	O	
,	O	O	O	O	
rude	O	O	O	O	
,	O	O	O	O	
andandosene	O	O	O	O	
.	O	O	O	O	

—	O	O	O	O	
Si	O	O	O	O	
badi	O	O	O	O	
;	O	O	O	O	
—	O	O	O	O	
è	O	O	O	O	
un	B-PER	O	O	O	
saggio	I-PER	O	O	O	
.	O	O	O	O	

Ella	O	O	O	O	
non	O	O	O	O	
sapeva	O	O	O	O	
d	O	O	O	O	
'	O	O	O	O	
esser	O	O	O	O	
tanto	O	O	O	O	
indovina	B-PER	O	O	O	
dicendo	O	O	O	O	
queste	O	O	O	O	
parole	O	O	O	O	
.	O	O	O	O	

A	O	O	O	O	
notte	O	O	O	O	
alta	O	O	O	O	
,	O	O	O	O	
Clotilde	B-PER	O	O	O	
,	O	O	O	O	
vegliava	O	O	O	O	
sola	O	O	O	O	
nella	O	O	O	O	
sua	B-FAC	O	O	O	
camera	I-FAC	O	O	O	
.	O	O	O	O	

La	O	O	O	O	
lucernina	O	O	O	O	
a	O	O	O	O	
petrolio	O	O	O	O	
,	O	O	O	O	
velata	O	O	O	O	
d	O	O	O	O	
'	O	O	O	O	
un	O	O	O	O	
bianco	O	O	O	O	
perlaceo	O	O	O	O	
,	O	O	O	O	
pioveva	O	O	O	O	
una	O	O	O	O	
luce	O	O	O	O	
chiara	O	O	O	O	
e	O	O	O	O	
tranquilla	O	O	O	O	
sulla	O	O	O	O	
giovine	O	O	O	O	
testa	O	O	O	O	
bionda	O	O	O	O	
china	O	O	O	O	
sul	O	O	O	O	
libro	O	O	O	O	
,	O	O	O	O	
e	O	O	O	O	
si	O	O	O	O	
diffondeva	O	O	O	O	
mite	O	O	O	O	
a	O	O	O	O	
lambire	O	O	O	O	
le	O	O	O	O	
pareti	O	O	O	O	
grigie	O	O	O	O	
a	O	O	O	O	
mazzi	O	O	O	O	
di	O	O	O	O	
rose	O	O	O	O	
.	O	O	O	O	

Nel	O	O	O	O	
fondo	O	O	O	O	
biancheggiava	O	O	O	O	
un	O	O	O	O	
letto	O	O	O	O	
stretto	O	O	O	O	
,	O	O	O	O	
monacale	O	O	O	O	
,	O	O	O	O	
su	O	O	O	O	
cui	O	O	O	O	
era	O	O	O	O	
un	O	O	O	O	
gran	O	O	O	O	
quadro	O	O	O	O	
di	O	O	O	O	
cui	O	O	O	O	
si	O	O	O	O	
vedeva	O	O	O	O	
soltanto	O	O	O	O	
rilucere	O	O	O	O	
la	O	O	O	O	
cornice	O	O	O	O	
.	O	O	O	O	

Un	O	O	O	O	
altro	O	O	O	O	
quadro	O	O	O	O	
stava	O	O	O	O	
appeso	O	O	O	O	
nell	O	O	O	O	
'	O	O	O	O	
angolo	O	O	O	O	
dov	O	O	O	O	
'	O	O	O	O	
era	O	O	O	O	
il	O	O	O	O	
tavolino	O	O	O	O	
di	O	O	O	O	
Clotilde	B-PER	O	O	O	
,	O	O	O	O	
tra	O	O	O	O	
le	O	O	O	O	
due	O	O	O	O	
finestre	O	O	O	O	
:	O	O	O	O	
il	O	O	O	O	
ritratto	O	O	O	O	
a	O	O	O	O	
olio	O	O	O	O	
d	O	O	O	O	
'	O	O	O	O	
una	B-PER	O	O	O	
donna	I-PER	O	O	O	
giovine	I-PER	O	O	O	
vestita	I-PER	O	O	O	
di	I-PER	O	O	O	
velluto	I-PER	O	O	O	
nero	I-PER	O	O	O	
con	I-PER	O	O	O	
un	I-PER	O	O	O	
piccolo	I-PER	O	O	O	
collare	I-PER	O	O	O	
di	I-PER	O	O	O	
trina	I-PER	O	O	O	
.	O	O	O	O	

All	O	O	O	O	
'	O	O	O	O	
abito	O	O	O	O	
austero	O	O	O	O	
,	O	O	O	O	
alla	O	O	O	O	
posa	O	O	O	O	
rigida	O	O	O	O	
e	O	O	O	O	
convenzionale	O	O	O	O	
faceva	O	O	O	O	
contrasto	O	O	O	O	
il	O	O	O	O	
volto	O	O	O	O	
quasi	O	O	O	O	
infantile	O	O	O	O	
,	O	O	O	O	
dall	O	O	O	O	
'	O	O	O	O	
espressione	O	O	O	O	
dolcissima	O	O	O	O	
e	O	O	O	O	
dallo	O	O	O	O	
sguardo	O	O	O	O	
amoroso	O	O	O	O	
rivolto	O	O	O	O	
verso	O	O	O	O	
la	B-PER	O	O	O	
fanciulla	I-PER	O	O	O	
con	O	O	O	O	
quel	O	O	O	O	
non	O	O	O	O	
so	O	O	O	O	
che	O	O	O	O	
di	O	O	O	O	
mesto	O	O	O	O	
,	O	O	O	O	
di	O	O	O	O	
stanco	O	O	O	O	
,	O	O	O	O	
di	O	O	O	O	
assorto	O	O	O	O	
,	O	O	O	O	
che	O	O	O	O	
hanno	O	O	O	O	
i	O	O	O	O	
ritratti	O	O	O	O	
dei	O	O	O	O	
morti	O	O	O	O	
non	O	O	O	O	
dimenticati	O	O	O	O	
.	O	O	O	O	

E	O	O	O	O	
sulla	O	O	O	O	
fanciulla	B-PER	O	O	O	
,	O	O	O	O	
che	O	O	O	O	
studiava	O	O	O	O	
assidua	O	O	O	O	
,	O	O	O	O	
protetta	O	O	O	O	
da	O	O	O	O	
quello	O	O	O	O	
sguardo	O	O	O	O	
,	O	O	O	O	
fra	O	O	O	O	
i	O	O	O	O	
cortinaggi	O	O	O	O	
di	O	O	O	O	
velo	O	O	O	O	
delle	O	O	O	O	
finestre	O	O	O	O	
,	O	O	O	O	
alti	O	O	O	O	
e	O	O	O	O	
candidi	O	O	O	O	
come	O	O	O	O	
ali	O	O	O	O	
,	O	O	O	O	
nella	O	O	O	O	
solitudine	O	O	O	O	
feconda	O	O	O	O	
di	O	O	O	O	
quelle	O	O	O	O	
pareti	O	O	O	O	
gaie	O	O	O	O	
e	O	O	O	O	
silenti	O	O	O	O	
,	O	O	O	O	
parevano	O	O	O	O	
scendere	O	O	O	O	
benedizioni	O	O	O	O	
.	O	O	O	O	

Sul	O	O	O	O	
tavolino	O	O	O	O	
,	O	O	O	O	
fra	O	O	O	O	
l	O	O	O	O	
'	O	O	O	O	
aridità	O	O	O	O	
dei	O	O	O	O	
libri	O	O	O	O	
di	O	O	O	O	
scienza	O	O	O	O	
,	O	O	O	O	
dei	O	O	O	O	
trattati	O	O	O	O	
di	O	O	O	O	
patologia	O	O	O	O	
e	O	O	O	O	
di	O	O	O	O	
farmacologia	O	O	O	O	
,	O	O	O	O	
dei	O	O	O	O	
cartolari	O	O	O	O	
,	O	O	O	O	
delle	O	O	O	O	
boccette	O	O	O	O	
d	O	O	O	O	
'	O	O	O	O	
inchiostro	O	O	O	O	
,	O	O	O	O	
la	O	O	O	O	
nota	O	O	O	O	
delicata	O	O	O	O	
,	O	O	O	O	
femminile	O	O	O	O	
:	O	O	O	O	
un	O	O	O	O	
mazzolino	O	O	O	O	
di	O	O	O	O	
viole	O	O	O	O	
e	O	O	O	O	
un	O	O	O	O	
ramo	O	O	O	O	
di	O	O	O	O	
biancospino	O	O	O	O	
in	O	O	O	O	
un	O	O	O	O	
bicchiere	O	O	O	O	
.	O	O	O	O	

Clotilde	B-PER	O	O	O	
leggeva	O	O	O	O	
,	O	O	O	O	
segnando	O	O	O	O	
in	O	O	O	O	
margine	O	O	O	O	
qualche	O	O	O	O	
periodo	O	O	O	O	
o	O	O	O	O	
qualche	O	O	O	O	
parola	O	O	O	O	
colla	O	O	O	O	
matita	O	O	O	O	
che	O	O	O	O	
si	O	O	O	O	
picchiettava	O	O	O	O	
poi	O	O	O	O	
sui	O	O	O	O	
denti	O	O	O	O	
stretti	O	O	O	O	
con	O	O	O	O	
un	O	O	O	O	
movimentino	O	O	O	O	
che	O	O	O	O	
pareva	O	O	O	O	
distrazione	O	O	O	O	
,	O	O	O	O	
ma	O	O	O	O	
che	O	O	O	O	
in	O	O	O	O	
lei	O	O	O	O	
caratterizzava	O	O	O	O	
il	O	O	O	O	
massimo	O	O	O	O	
dell	O	O	O	O	
'	O	O	O	O	
occupazione	O	O	O	O	
del	O	O	O	O	
pensiero	O	O	O	O	
in	O	O	O	O	
qualche	O	O	O	O	
cosa	O	O	O	O	
.	O	O	O	O	

Le	O	O	O	O	
viole	O	O	O	O	
e	O	O	O	O	
il	O	O	O	O	
biancospino	O	O	O	O	
odoravano	O	O	O	O	
forte	O	O	O	O	
sotto	O	O	O	O	
il	O	O	O	O	
calore	O	O	O	O	
del	O	O	O	O	
lume	O	O	O	O	
che	O	O	O	O	
li	O	O	O	O	
avvizziva	O	O	O	O	
;	O	O	O	O	
in	O	O	O	O	
lontananza	O	O	O	O	
,	O	O	O	O	
nella	O	O	O	O	
campagna	B-LOC	O	O	O	
,	O	O	O	O	
un	O	O	O	O	
cane	O	O	O	O	
abbaiava	O	O	O	O	
con	O	O	O	O	
insistenza	O	O	O	O	
noiosa	O	O	O	O	
e	O	O	O	O	
s	O	O	O	O	
'	O	O	O	O	
udiva	O	O	O	O	
fioco	O	O	O	O	
e	O	O	O	O	
continuo	O	O	O	O	
il	O	O	O	O	
gracidare	O	O	O	O	
delle	O	O	O	O	
rane	O	O	O	O	
.	O	O	O	O	

A	O	O	O	O	
lungo	O	O	O	O	
la	O	O	O	O	
testa	O	O	O	O	
bionda	O	O	O	O	
giovanile	O	O	O	O	
rimase	O	O	O	O	
china	O	O	O	O	
sui	O	O	O	O	
libri	O	O	O	O	
e	O	O	O	O	
sui	O	O	O	O	
quaderni	O	O	O	O	
di	O	O	O	O	
appunti	O	O	O	O	
;	O	O	O	O	
a	O	O	O	O	
lungo	O	O	O	O	
la	O	O	O	O	
lucernina	O	O	O	O	
diffuse	O	O	O	O	
luce	O	O	O	O	
e	O	O	O	O	
tepore	O	O	O	O	
nel	O	O	O	O	
silenzio	O	O	O	O	
che	O	O	O	O	
,	O	O	O	O	
inoltrando	O	O	O	O	
la	O	O	O	O	
notte	O	O	O	O	
,	O	O	O	O	
pare	O	O	O	O	
addensarsi	O	O	O	O	
sempre	O	O	O	O	
più	O	O	O	O	
come	O	O	O	O	
un	O	O	O	O	
velario	O	O	O	O	
invisibile	O	O	O	O	
e	O	O	O	O	
isolatore	O	O	O	O	
,	O	O	O	O	
intorno	O	O	O	O	
a	O	O	O	O	
chi	O	O	O	O	
veglia	O	O	O	O	
nelle	O	O	O	O	
case	O	O	O	O	
addormentate	O	O	O	O	
;	O	O	O	O	
Clotilde	B-PER	O	O	O	
non	O	O	O	O	
ebbe	O	O	O	O	
uno	O	O	O	O	
sbadiglio	O	O	O	O	
nè	O	O	O	O	
un	O	O	O	O	
atto	O	O	O	O	
di	O	O	O	O	
stanchezza	O	O	O	O	
.	O	O	O	O	

Quando	O	O	O	O	
guardò	O	O	O	O	
l	O	O	O	O	
'	O	O	O	O	
orologio	O	O	O	O	
nascosto	O	O	O	O	
nella	O	O	O	O	
cintura	O	O	O	O	
,	O	O	O	O	
fece	O	O	O	O	
un	O	O	O	O	
atto	O	O	O	O	
incredulo	O	O	O	O	
di	O	O	O	O	
stupore	O	O	O	O	
.	O	O	O	O	

Erano	O	O	O	O	
le	O	O	O	O	
tre	O	O	O	O	
.	O	O	O	O	

Possibile	O	O	O	O	
!	O	O	O	O	

le	O	O	O	O	
tre	O	O	O	O	
?	O	O	O	O	

quasi	O	O	O	O	
cinque	O	O	O	O	
ore	O	O	O	O	
di	O	O	O	O	
studio	O	O	O	O	
continuo	O	O	O	O	
sfumate	O	O	O	O	
in	O	O	O	O	
un	O	O	O	O	
baleno	O	O	O	O	
!	O	O	O	O	

Era	O	O	O	O	
proprio	O	O	O	O	
una	O	O	O	O	
vera	O	O	O	O	
passione	O	O	O	O	
la	O	O	O	O	
sua	O	O	O	O	
,	O	O	O	O	
oh	O	O	O	O	
si	O	O	O	O	
!	O	O	O	O	

tanto	O	O	O	O	
forte	O	O	O	O	
da	O	O	O	O	
raccogliervi	O	O	O	O	
intorno	O	O	O	O	
tutta	O	O	O	O	
la	O	O	O	O	
sua	O	O	O	O	
giovinezza	O	O	O	O	
rigogliosa	O	O	O	O	
,	O	O	O	O	
fiorita	O	O	O	O	
di	O	O	O	O	
sogni	O	O	O	O	
.	O	O	O	O	

Sogni	O	O	O	O	
strani	O	O	O	O	
,	O	O	O	O	
d	O	O	O	O	
'	O	O	O	O	
una	O	O	O	O	
purezza	O	O	O	O	
immacolata	O	O	O	O	
,	O	O	O	O	
un	O	O	O	O	
po	O	O	O	O	
'	O	O	O	O	
livida	O	O	O	O	
,	O	O	O	O	
un	O	O	O	O	
po	O	O	O	O	
'	O	O	O	O	
mesta	O	O	O	O	
,	O	O	O	O	
un	O	O	O	O	
po	O	O	O	O	
'	O	O	O	O	
fredda	O	O	O	O	
,	O	O	O	O	
come	O	O	O	O	
ogni	O	O	O	O	
grandiosità	O	O	O	O	
:	O	O	O	O	
imprese	O	O	O	O	
,	O	O	O	O	
uomini	B-PER	O	O	O	
,	O	O	O	O	
cose	O	O	O	O	
.	O	O	O	O	

Pace	O	O	O	O	
summa	O	O	O	O	
tenent	O	O	O	O	
era	O	O	O	O	
il	O	O	O	O	
motto	O	O	O	O	
che	O	O	O	O	
aveva	O	O	O	O	
scelto	O	O	O	O	
:	O	O	O	O	
pace	O	O	O	O	
,	O	O	O	O	
ma	O	O	O	O	
non	O	O	O	O	
quella	O	O	O	O	
di	O	O	O	O	
morte	O	O	O	O	
!	O	O	O	O	

La	O	O	O	O	
morte	O	O	O	O	
essa	O	O	O	O	
l	O	O	O	O	
'	O	O	O	O	
avrebbe	O	O	O	O	
combattuta	O	O	O	O	
,	O	O	O	O	
accanitamente	O	O	O	O	
,	O	O	O	O	
con	O	O	O	O	
tutte	O	O	O	O	
le	O	O	O	O	
forze	O	O	O	O	
del	O	O	O	O	
suo	O	O	O	O	
ingegno	O	O	O	O	
e	O	O	O	O	
della	O	O	O	O	
sua	O	O	O	O	
vita	O	O	O	O	
,	O	O	O	O	
l	O	O	O	O	
'	O	O	O	O	
avrebbe	O	O	O	O	
vinta	O	O	O	O	
,	O	O	O	O	
incatenata	O	O	O	O	
,	O	O	O	O	
fugata	O	O	O	O	
sventolando	O	O	O	O	
il	O	O	O	O	
vessillo	O	O	O	O	
della	O	O	O	O	
scienza	O	O	O	O	
in	O	O	O	O	
cui	O	O	O	O	
credeva	O	O	O	O	
con	O	O	O	O	
la	O	O	O	O	
fede	O	O	O	O	
ardente	O	O	O	O	
e	O	O	O	O	
cieca	O	O	O	O	
di	O	O	O	O	
una	O	O	O	O	
neofita	O	O	O	O	
;	O	O	O	O	
a	O	O	O	O	
cui	O	O	O	O	
benediva	O	O	O	O	
come	O	O	O	O	
ad	O	O	O	O	
un	O	O	O	O	
ideale	O	O	O	O	
di	O	O	O	O	
verità	O	O	O	O	
e	O	O	O	O	
di	O	O	O	O	
bellezza	O	O	O	O	
;	O	O	O	O	
a	O	O	O	O	
cui	O	O	O	O	
tendeva	O	O	O	O	
le	O	O	O	O	
braccia	O	O	O	O	
come	O	O	O	O	
alla	O	O	O	O	
felicità	O	O	O	O	
.	O	O	O	O	

Forse	O	O	O	O	
l	O	O	O	O	
'	O	O	O	O	
avrebbe	O	O	O	O	
trovata	O	O	O	O	
,	O	O	O	O	
lei	O	O	O	O	
,	O	O	O	O	
la	O	O	O	O	
felicità	O	O	O	O	
.	O	O	O	O	

L	O	O	O	O	
'	O	O	O	O	
avrebbe	O	O	O	O	
trovata	O	O	O	O	
in	O	O	O	O	
quel	O	O	O	O	
romitaggio	O	O	O	O	
splendido	O	O	O	O	
e	O	O	O	O	
austero	O	O	O	O	
dove	O	O	O	O	
sono	O	O	O	O	
così	O	O	O	O	
pochi	B-PER	O	O	O	
gli	I-PER	O	O	O	
eletti	I-PER	O	O	O	
,	O	O	O	O	
così	O	O	O	O	
pochi	B-PER	O	O	O	
quelli	I-PER	O	O	O	
che	I-PER	O	O	O	
vi	I-PER	O	O	O	
ascendono	I-PER	O	O	O	
,	O	O	O	O	
molto	O	O	O	O	
amando	O	O	O	O	
!	O	O	O	O	

La	O	O	O	O	
gloria	O	O	O	O	
,	O	O	O	O	
una	O	O	O	O	
posizione	O	O	O	O	
rispettabile	O	O	O	O	
,	O	O	O	O	
l	O	O	O	O	
'	O	O	O	O	
interesse	O	O	O	O	
materiale	O	O	O	O	
,	O	O	O	O	
ecco	O	O	O	O	
,	O	O	O	O	
—	O	O	O	O	
pensava	O	O	O	O	
Clotilde	B-PER	O	O	O	
,	O	O	O	O	
—	O	O	O	O	
l	O	O	O	O	
'	O	O	O	O	
esca	O	O	O	O	
di	O	O	O	O	
quasi	O	O	O	O	
tutti	B-PER	O	O	O	
i	I-PER	O	O	O	
giovani	I-PER	O	O	O	
studenti	I-PER	O	O	O	
di	I-PER	O	O	O	
medicina	I-PER	O	O	O	
;	O	O	O	O	
ed	O	O	O	O	
anche	O	O	O	O	
quelli	O	O	O	O	
che	O	O	O	O	
hanno	O	O	O	O	
la	O	O	O	O	
vocazione	O	O	O	O	
vera	O	O	O	O	
,	O	O	O	O	
viva	O	O	O	O	
,	O	O	O	O	
sincera	O	O	O	O	
,	O	O	O	O	
sfrondano	O	O	O	O	
così	O	O	O	O	
presto	O	O	O	O	
i	O	O	O	O	
loro	O	O	O	O	
begli	O	O	O	O	
entusiasmi	O	O	O	O	
!	O	O	O	O	

perdono	O	O	O	O	
così	O	O	O	O	
presto	O	O	O	O	
la	O	O	O	O	
loro	O	O	O	O	
fede	O	O	O	O	
gioconda	O	O	O	O	
!	O	O	O	O	

—	O	O	O	O	
Ebbene	O	O	O	O	
,	O	O	O	O	
lei	O	O	O	O	
no	O	O	O	O	
:	O	O	O	O	
lo	O	O	O	O	
sentiva	O	O	O	O	
.	O	O	O	O	

Aveva	O	O	O	O	
un	O	O	O	O	
tesoro	O	O	O	O	
di	O	O	O	O	
volontà	O	O	O	O	
tenace	O	O	O	O	
e	O	O	O	O	
di	O	O	O	O	
amorevolezza	O	O	O	O	
;	O	O	O	O	
queste	O	O	O	O	
doti	O	O	O	O	
eminentemente	O	O	O	O	
muliebri	O	O	O	O	
,	O	O	O	O	
che	O	O	O	O	
fanno	O	O	O	O	
le	O	O	O	O	
eroine	O	O	O	O	
.	O	O	O	O	

Poi	O	O	O	O	
,	O	O	O	O	
la	O	O	O	O	
pietà	O	O	O	O	
.	O	O	O	O	

La	O	O	O	O	
pietà	O	O	O	O	
,	O	O	O	O	
la	O	O	O	O	
nota	O	O	O	O	
fondamentale	O	O	O	O	
del	O	O	O	O	
suo	O	O	O	O	
carattere	O	O	O	O	
,	O	O	O	O	
affinantesi	O	O	O	O	
qualche	O	O	O	O	
volta	O	O	O	O	
morbosamente	O	O	O	O	
.	O	O	O	O	

Da	O	O	O	O	
bambina	B-PER	O	O	O	
era	O	O	O	O	
svenuta	O	O	O	O	
vedendo	O	O	O	O	
dei	O	O	O	O	
monelli	B-PER	O	O	O	
tormentare	O	O	O	O	
un	O	O	O	O	
cagnolino	O	O	O	O	
cucciolo	O	O	O	O	
;	O	O	O	O	
e	O	O	O	O	
quando	O	O	O	O	
la	B-PER	O	O	O	
nonna	I-PER	O	O	O	
portava	O	O	O	O	
,	O	O	O	O	
implacabile	O	O	O	O	
,	O	O	O	O	
al	O	O	O	O	
gatto	O	O	O	O	
la	O	O	O	O	
trappola	O	O	O	O	
che	O	O	O	O	
conteneva	O	O	O	O	
il	O	O	O	O	
topolino	O	O	O	O	
smarrito	O	O	O	O	
e	O	O	O	O	
umiliato	O	O	O	O	
,	O	O	O	O	
c	O	O	O	O	
'	O	O	O	O	
era	O	O	O	O	
ogni	O	O	O	O	
volta	O	O	O	O	
una	O	O	O	O	
scena	O	O	O	O	
di	O	O	O	O	
singhiozzi	O	O	O	O	
e	O	O	O	O	
di	O	O	O	O	
preghiere	O	O	O	O	
che	O	O	O	O	
lasciavano	O	O	O	O	
la	B-PER	O	O	O	
bimba	I-PER	O	O	O	
nervosa	I-PER	O	O	O	
per	O	O	O	O	
tutta	O	O	O	O	
la	O	O	O	O	
giornata	O	O	O	O	
.	O	O	O	O	

Si	O	O	O	O	
ricordava	O	O	O	O	
anche	O	O	O	O	
di	O	O	O	O	
aver	O	O	O	O	
vuotato	O	O	O	O	
tutto	O	O	O	O	
il	O	O	O	O	
contenuto	O	O	O	O	
del	O	O	O	O	
suo	O	O	O	O	
salvadenaro	O	O	O	O	
nel	O	O	O	O	
grembiule	O	O	O	O	
di	O	O	O	O	
un	B-PER	O	O	O	
manovale	I-PER	O	O	O	
,	O	O	O	O	
per	O	O	O	O	
riscattare	O	O	O	O	
un	O	O	O	O	
passerotto	O	O	O	O	
intirizzito	O	O	O	O	
,	O	O	O	O	
ed	O	O	O	O	
anche	O	O	O	O	
,	O	O	O	O	
lei	O	O	O	O	
,	O	O	O	O	
così	O	O	O	O	
mite	O	O	O	O	
e	O	O	O	O	
tranquilla	O	O	O	O	
,	O	O	O	O	
d	O	O	O	O	
'	O	O	O	O	
aver	O	O	O	O	
amministrato	O	O	O	O	
una	O	O	O	O	
buona	O	O	O	O	
dose	O	O	O	O	
di	O	O	O	O	
scapaccioni	O	O	O	O	
al	O	O	O	O	
fratellino	B-PER	O	O	O	
che	O	O	O	O	
strappava	O	O	O	O	
le	O	O	O	O	
ali	O	O	O	O	
a	O	O	O	O	
una	O	O	O	O	
farfalla	O	O	O	O	
viva	O	O	O	O	
.	O	O	O	O	

Quando	O	O	O	O	
cominciò	O	O	O	O	
a	O	O	O	O	
frequentare	O	O	O	O	
la	B-FAC	O	O	O	
scuola	I-FAC	O	O	O	
e	O	O	O	O	
a	O	O	O	O	
formarsi	O	O	O	O	
la	O	O	O	O	
sua	O	O	O	O	
piccola	O	O	O	O	
esperienza	O	O	O	O	
intorno	O	O	O	O	
alle	O	O	O	O	
ingiustizie	O	O	O	O	
e	O	O	O	O	
alle	O	O	O	O	
miserie	O	O	O	O	
della	O	O	O	O	
vita	O	O	O	O	
,	O	O	O	O	
le	O	O	O	O	
generosità	O	O	O	O	
spontanee	O	O	O	O	
,	O	O	O	O	
le	O	O	O	O	
delicate	O	O	O	O	
abnegazioni	O	O	O	O	
divennero	O	O	O	O	
per	O	O	O	O	
lei	O	O	O	O	
un	O	O	O	O	
'	O	O	O	O	
abitudine	O	O	O	O	
,	O	O	O	O	
una	O	O	O	O	
necessità	O	O	O	O	
.	O	O	O	O	

Compagne	B-PER	O	O	O	
scusate	I-PER	O	O	O	
e	I-PER	O	O	O	
protette	I-PER	O	O	O	
,	O	O	O	O	
merende	O	O	O	O	
divise	O	O	O	O	
,	O	O	O	O	
compiti	O	O	O	O	
fatti	O	O	O	O	
di	O	O	O	O	
nascosto	O	O	O	O	
per	O	O	O	O	
qualche	B-PER	O	O	O	
bambina	I-PER	O	O	O	
poco	I-PER	O	O	O	
intelligente	I-PER	O	O	O	
e	I-PER	O	O	O	
volonterosa	I-PER	O	O	O	
,	O	O	O	O	
regalucci	O	O	O	O	
,	O	O	O	O	
elemosine	O	O	O	O	
,	O	O	O	O	
e	O	O	O	O	
con	O	O	O	O	
tal	O	O	O	O	
frequenza	O	O	O	O	
che	O	O	O	O	
la	B-PER	O	O	O	
nonna	I-PER	O	O	O	
aveva	O	O	O	O	
dovuto	O	O	O	O	
avvertir	O	O	O	O	
la	B-PER	O	O	O	
maestra	I-PER	O	O	O	
,	O	O	O	O	
poichè	O	O	O	O	
le	B-PER	O	O	O	
bimbe	I-PER	O	O	O	
più	I-PER	O	O	O	
astute	I-PER	O	O	O	
,	O	O	O	O	
con	O	O	O	O	
un	O	O	O	O	
po	O	O	O	O	
'	O	O	O	O	
di	O	O	O	O	
commedia	O	O	O	O	
,	O	O	O	O	
la	O	O	O	O	
svaligiavano	O	O	O	O	
.	O	O	O	O	

Una	O	O	O	O	
sera	O	O	O	O	
,	O	O	O	O	
in	O	O	O	O	
principio	O	O	O	O	
d	O	O	O	O	
'	O	O	O	O	
inverno	O	O	O	O	
,	O	O	O	O	
era	O	O	O	O	
tornata	O	O	O	O	
a	O	O	O	O	
casa	B-FAC	O	O	O	
coi	O	O	O	O	
piedi	O	O	O	O	
nudi	O	O	O	O	
negli	O	O	O	O	
stivalini	O	O	O	O	
perchè	O	O	O	O	
aveva	O	O	O	O	
dato	O	O	O	O	
le	O	O	O	O	
sue	O	O	O	O	
calze	O	O	O	O	
nuove	O	O	O	O	
di	O	O	O	O	
lana	O	O	O	O	
a	O	O	O	O	
una	B-PER	O	O	O	
bambina	I-PER	O	O	O	
che	I-PER	O	O	O	
piangeva	I-PER	O	O	O	
dal	O	O	O	O	
freddo	O	O	O	O	
ai	O	O	O	O	
piedi	O	O	O	O	
.	O	O	O	O	

I	O	O	O	O	
suoi	O	O	O	O	
giocattoli	O	O	O	O	
,	O	O	O	O	
specialmente	O	O	O	O	
le	O	O	O	O	
bambole	O	O	O	O	
,	O	O	O	O	
andavano	O	O	O	O	
tutte	O	O	O	O	
,	O	O	O	O	
una	O	O	O	O	
dopo	O	O	O	O	
l	O	O	O	O	
'	O	O	O	O	
altra	O	O	O	O	
,	O	O	O	O	
a	O	O	O	O	
consolare	O	O	O	O	
qualche	O	O	O	O	
dolore	O	O	O	O	
infantile	O	O	O	O	
,	O	O	O	O	
a	O	O	O	O	
rallegrare	O	O	O	O	
qualche	B-PER	O	O	O	
malatina	I-PER	O	O	O	
,	O	O	O	O	
a	O	O	O	O	
far	O	O	O	O	
dimenticare	O	O	O	O	
qualche	O	O	O	O	
digiuno	O	O	O	O	
...	O	O	O	O	
pronta	O	O	O	O	
a	O	O	O	O	
pigliarsi	O	O	O	O	
poi	O	O	O	O	
con	O	O	O	O	
filosofica	O	O	O	O	
rassegnazione	O	O	O	O	
i	O	O	O	O	
rabuffi	O	O	O	O	
della	O	O	O	O	
nonna	B-PER	O	O	O	
ed	O	O	O	O	
anche	O	O	O	O	
qualche	O	O	O	O	
correzione	O	O	O	O	
più	O	O	O	O	
spiccia	O	O	O	O	
dispensata	O	O	O	O	
dalle	O	O	O	O	
mani	O	O	O	O	
della	O	O	O	O	
vecchietta	B-PER	O	O	O	
,	O	O	O	O	
niente	O	O	O	O	
affatto	O	O	O	O	
entusiasta	O	O	O	O	
di	O	O	O	O	
quel	O	O	O	O	
lusso	O	O	O	O	
di	O	O	O	O	
filantropia	O	O	O	O	
.	O	O	O	O	

A	O	O	O	O	
nove	O	O	O	O	
anni	O	O	O	O	
suo	B-PER	O	O	O	
padre	I-PER	O	O	O	
la	O	O	O	O	
mise	O	O	O	O	
in	O	O	O	O	
collegio	B-FAC	O	O	O	
,	O	O	O	O	
e	O	O	O	O	
ne	O	O	O	O	
uscì	O	O	O	O	
a	O	O	O	O	
quindici	O	O	O	O	
con	O	O	O	O	
tutti	O	O	O	O	
i	O	O	O	O	
primi	O	O	O	O	
premi	O	O	O	O	
per	O	O	O	O	
gli	O	O	O	O	
studi	O	O	O	O	
e	O	O	O	O	
per	O	O	O	O	
la	O	O	O	O	
buona	O	O	O	O	
condotta	O	O	O	O	
;	O	O	O	O	
lasciando	O	O	O	O	
edificate	O	O	O	O	
dietro	O	O	O	O	
di	O	O	O	O	
sè	O	O	O	O	
maestre	B-PER	O	O	O	
e	I-PER	O	O	O	
compagne	I-PER	O	O	O	
per	O	O	O	O	
la	O	O	O	O	
sua	O	O	O	O	
intelligenza	O	O	O	O	
viva	O	O	O	O	
,	O	O	O	O	
la	O	O	O	O	
sua	O	O	O	O	
persistenza	O	O	O	O	
tenace	O	O	O	O	
nell	O	O	O	O	
'	O	O	O	O	
operosità	O	O	O	O	
,	O	O	O	O	
la	O	O	O	O	
dignità	O	O	O	O	
serena	O	O	O	O	
delle	O	O	O	O	
sue	O	O	O	O	
maniere	O	O	O	O	
che	O	O	O	O	
le	O	O	O	O	
attiravano	O	O	O	O	
intorno	O	O	O	O	
una	O	O	O	O	
deferenza	O	O	O	O	
che	O	O	O	O	
pareva	O	O	O	O	
rispetto	O	O	O	O	
.	O	O	O	O	

Una	O	O	O	O	
sol	O	O	O	O	
volta	O	O	O	O	
fu	O	O	O	O	
punita	O	O	O	O	
severamente	O	O	O	O	
,	O	O	O	O	
e	O	O	O	O	
fu	O	O	O	O	
per	O	O	O	O	
aver	O	O	O	O	
trasgredito	O	O	O	O	
l	O	O	O	O	
'	O	O	O	O	
ordine	O	O	O	O	
assoluto	O	O	O	O	
di	O	O	O	O	
non	O	O	O	O	
salire	O	O	O	O	
a	O	O	O	O	
certe	B-FAC	O	O	O	
camerette	I-FAC	O	O	O	
dell	I-FAC	O	O	O	
'	I-FAC	O	O	O	
ultimo	I-FAC	O	O	O	
piano	I-FAC	O	O	O	
,	O	O	O	O	
dove	O	O	O	O	
stava	O	O	O	O	
rinchiusa	O	O	O	O	
da	O	O	O	O	
anni	O	O	O	O	
una	B-PER	O	O	O	
monaca	I-PER	O	O	O	
pazza	I-PER	O	O	O	
,	I-PER	O	O	O	
pazza	I-PER	O	O	O	
per	I-PER	O	O	O	
amore	I-PER	O	O	O	
bisbigliavano	O	O	O	O	
fra	O	O	O	O	
loro	O	O	O	O	
in	O	O	O	O	
segreto	O	O	O	O	
le	B-PER	O	O	O	
educande	I-PER	O	O	O	
.	O	O	O	O	

